date	hour	zi_m	dzidt_m_per_h	dzidt_rel_per_h	shtfl_wm2	wdir_deg	wspd_ms
2023-01-01	00	139.7	+33.4	+23.9	-7.0	123.7	3.42
2023-01-01	01	173.1	+20.8	+12.0	-10.0	115.3	3.38
2023-01-01	02	181.4	-4.6	-2.5	-9.0	138.3	3.82
2023-01-01	03	163.9	+81.9	+50.0	-15.0	132.7	4.01
2023-01-01	04	345.2	+110.4	+32.0	-22.0	149.6	4.06
2023-01-01	05	384.7	+3.2	+0.8	-13.0	137.6	4.23
2023-01-01	06	351.7	-19.1	-5.4	-22.0	150.6	3.83
2023-01-01	07	346.5	-31.1	-9.0	-6.0	159.6	2.03
2023-01-01	08	289.4	-114.7	-39.6	-19.0	169.0	4.16
2023-01-01	09	117.2	-101.7	-86.8	-4.0	155.3	2.01
2023-01-01	10	86.0	-25.8	-30.1	0.0	207.1	0.84
2023-01-01	11	65.5	+15.9	+24.3	-2.0	201.8	1.30
2023-01-01	12	117.8	+41.3	+35.0	-2.0	189.7	1.29
2023-01-01	13	148.0	-19.1	-12.9	-5.0	245.0	1.71
2023-01-01	14	79.7	+1.8	+2.3	1.0	226.5	1.77
2023-01-01	15	151.7	+93.0	+61.3	16.0	248.2	2.13
2023-01-01	16	265.7	+96.0	+36.1	20.0	265.7	2.07
2023-01-01	17	343.7	+61.6	+17.9	44.0	225.7	1.56
2023-01-01	18	388.9	+7.0	+1.8	26.0	214.1	2.10
2023-01-01	19	357.7	-9.7	-2.7	24.0	224.1	2.66
2023-01-01	20	369.6	+22.9	+6.2	28.0	208.5	2.95
2023-01-01	21	403.4	-147.7	-36.6	5.0	222.3	1.76
2023-01-01	22	74.2	-159.3	-214.6	-7.0	207.0	1.98
2023-01-01	23	84.9	+10.6	+12.5	-6.0	191.4	1.87
2023-01-05	00	523.0	-41.4	-7.9	-3.0	207.6	3.50
2023-01-05	01	481.6	-0.6	-0.1	-3.0	205.7	3.63
2023-01-05	02	521.8	+40.8	+7.8	-2.0	198.1	3.17
2023-01-05	03	563.2	+40.2	+7.1	-4.0	201.6	3.12
2023-01-05	04	602.1	-61.5	-10.2	-2.0	205.2	3.23
2023-01-05	05	440.2	-118.0	-26.8	-2.0	199.4	2.40
2023-01-05	06	366.0	+9.1	+2.5	-2.0	205.5	3.07
2023-01-05	07	458.4	+40.4	+8.8	-1.0	214.2	3.13
2023-01-05	08	446.7	+18.7	+4.2	-1.0	211.9	2.56
2023-01-05	09	495.8	+29.4	+5.9	2.0	197.3	2.28
2023-01-05	10	505.6	+43.3	+8.6	2.0	208.5	2.29
2023-01-05	11	582.5	+77.1	+13.2	0.0	233.6	1.60
2023-01-05	12	659.8	+5.2	+0.8	0.0	206.8	1.15
2023-01-05	13	593.0	+141.5	+23.9	6.0	200.7	2.37
2023-01-05	14	942.8	-13.1	-1.4	0.0	226.5	1.37
2023-01-05	15	566.8	-269.2	-47.5	4.0	215.1	1.50
2023-01-05	16	404.3	+35.4	+8.8	8.0	213.4	2.06
2023-01-05	17	637.7	+269.0	+42.2	11.0	287.4	2.48
2023-01-05	18	942.2	+85.3	+9.1	6.0	282.1	2.91
2023-01-05	19	808.3	-60.6	-7.5	9.0	294.0	2.46
2023-01-05	20	821.1	-87.6	-10.7	-7.0	296.0	3.42
2023-01-05	21	633.2	-56.0	-8.8	-13.0	297.4	3.12
2023-01-05	22	709.1	-31.7	-4.5	-4.0	274.2	1.98
2023-01-05	23	569.7	-139.4	-24.5	-6.0	265.2	2.23
2023-01-09	00	269.2	+40.7	+15.1	-1.0	232.0	2.18
2023-01-09	01	309.9	+5.2	+1.7	1.0	207.9	1.44
2023-01-09	02	279.7	+19.9	+7.1	2.0	234.9	3.03
2023-01-09	03	349.8	+7.4	+2.1	6.0	250.7	2.51
2023-01-09	04	294.5	-86.3	-29.3	-6.0	214.1	3.23
2023-01-09	05	177.3	-78.7	-44.4	1.0	210.8	1.81
2023-01-09	06	137.2	-16.5	-12.0	-4.0	207.8	2.68
2023-01-09	07	144.3	-4.4	-3.1	-14.0	217.7	2.69
2023-01-09	08	128.4	-16.1	-12.5	-17.0	214.1	3.20
2023-01-09	09	112.2	+13.8	+12.3	-15.0	216.9	3.04
2023-01-09	10	155.9	+18.3	+11.7	-14.0	205.8	2.82
2023-01-09	11	148.8	-6.6	-4.5	-6.0	208.7	2.83
2023-01-09	12	142.6	-39.3	-27.6	-15.0	226.6	3.63
2023-01-09	13	70.3	-8.3	-11.8	-2.0	221.7	1.28
2023-01-09	14	126.0	+53.9	+42.8	0.0	189.6	1.82
2023-01-09	15	178.2	+16.6	+9.3	-4.0	219.3	2.66
2023-01-09	16	159.2	+62.7	+39.4	18.0	213.6	2.46
2023-01-09	17	303.5	+46.7	+15.4	21.0	192.9	2.35
2023-01-09	18	252.6	-66.8	-26.4	4.0	202.8	3.20
2023-01-09	19	169.9	+45.3	+26.7	75.0	170.9	2.92
2023-01-09	20	343.2	+69.9	+20.4	16.0	173.0	2.37
2023-01-09	21	309.6	-78.7	-25.4	-1.0	154.8	3.73
2023-01-09	22	185.8	-57.0	-30.7	-27.0	169.9	3.41
2023-01-09	23	195.6	+9.8	+5.0	-37.0	174.5	3.57
2023-01-13	00	662.3	-96.5	-14.6	-6.0	317.2	4.63
2023-01-13	01	565.7	-115.7	-20.5	-19.0	317.2	4.66
2023-01-13	02	430.8	-19.4	-4.5	0.0	316.9	5.27
2023-01-13	03	526.9	+56.6	+10.7	-6.0	311.9	4.91
2023-01-13	04	544.0	-37.5	-6.9	-3.0	321.3	5.71
2023-01-13	05	451.8	-58.8	-13.0	-5.0	319.3	5.25
2023-01-13	06	426.3	+73.0	+17.1	-10.0	325.4	5.25
2023-01-13	07	597.8	+175.9	+29.4	-6.0	327.9	5.20
2023-01-13	08	778.2	+106.8	+13.7	-12.0	340.6	6.75
2023-01-13	09	811.4	+17.6	+2.2	0.0	335.9	5.16
2023-01-13	10	813.4	+48.8	+6.0	9.0	338.9	6.00
2023-01-13	11	908.9	+56.6	+6.2	14.0	349.2	7.01
2023-01-13	12	926.6	+16.0	+1.7	30.0	349.8	7.02
2023-01-13	13	941.0	-52.5	-5.6	25.0	354.9	7.67
2023-01-13	14	821.7	-98.4	-12.0	-10.0	358.2	5.66
2023-01-13	15	744.2	-21.2	-2.8	33.0	348.8	5.68
2023-01-13	16	779.3	+28.6	+3.7	60.0	355.0	5.13
2023-01-13	17	801.5	+36.2	+4.5	80.0	349.0	4.93
2023-01-13	18	851.7	+3.2	+0.4	80.0	358.0	5.56
2023-01-13	19	807.9	-45.2	-5.6	108.0	347.1	4.24
2023-01-13	20	761.3	-34.1	-4.5	74.0	333.5	4.02
2023-01-13	21	739.6	-8.3	-1.1	57.0	326.4	4.17
2023-01-13	22	744.8	-69.2	-9.3	21.0	318.3	3.59
2023-01-13	23	601.2	-143.6	-23.9	-10.0	320.0	3.57
2023-01-17	00	336.2	+9.5	+2.8	-27.0	136.2	4.87
2023-01-17	01	345.7	+11.0	+3.2	-13.0	136.9	4.31
2023-01-17	02	358.1	-5.0	-1.4	-12.0	178.3	2.98
2023-01-17	03	335.7	-27.6	-8.2	-15.0	191.0	3.80
2023-01-17	04	302.9	-1.2	-0.4	-48.0	228.2	5.84
2023-01-17	05	333.4	+56.6	+17.0	-22.0	215.1	5.91
2023-01-17	06	416.1	+29.0	+7.0	-19.0	211.7	6.65
2023-01-17	07	391.4	-3.5	-0.9	-3.0	231.3	5.96
2023-01-17	08	409.2	+3.3	+0.8	-10.0	230.2	5.71
2023-01-17	09	398.1	-19.2	-4.8	4.0	229.6	5.86
2023-01-17	10	370.8	-13.1	-3.5	6.0	237.6	5.39
2023-01-17	11	371.9	+32.5	+8.7	5.0	237.3	5.36
2023-01-17	12	435.8	+61.4	+14.1	-3.0	232.0	5.33
2023-01-17	13	494.7	-14.8	-3.0	0.0	243.0	4.32
2023-01-17	14	406.1	-19.2	-4.7	-12.0	256.8	4.96
2023-01-17	15	456.4	+72.2	+15.8	-2.0	261.1	5.25
2023-01-17	16	550.6	+49.4	+9.0	17.0	258.8	5.71
2023-01-17	17	555.1	+56.1	+10.1	14.0	267.4	5.53
2023-01-17	18	662.7	+62.0	+9.4	-9.0	255.2	6.50
2023-01-17	19	679.2	-27.5	-4.0	-3.0	265.8	6.11
2023-01-17	20	607.8	-27.5	-4.5	-15.0	273.9	5.87
2023-01-17	21	624.1	+12.7	+2.0	-2.0	283.1	5.78
2023-01-17	22	633.1	+9.6	+1.5	-1.0	272.6	5.41
2023-01-17	23	643.3	+10.2	+1.6	-19.0	273.3	5.29
2023-01-21	00	746.2	+0.4	+0.1	-11.0	294.1	3.88
2023-01-21	01	746.6	-45.0	-6.0	3.0	291.6	3.92
2023-01-21	02	656.2	-39.2	-6.0	6.0	298.3	3.01
2023-01-21	03	668.3	+41.4	+6.2	9.0	295.7	1.60
2023-01-21	04	738.9	-41.1	-5.6	3.0	295.6	2.36
2023-01-21	05	586.1	-5.4	-0.9	13.0	302.8	1.83
2023-01-21	06	728.0	+52.2	+7.2	8.0	255.6	2.27
2023-01-21	07	690.6	-24.2	-3.5	2.0	264.7	2.03
2023-01-21	08	679.7	+7.4	+1.1	4.0	243.9	2.32
2023-01-21	09	705.5	-46.3	-6.6	7.0	238.3	2.72
2023-01-21	10	587.2	-61.9	-10.5	11.0	236.7	3.31
2023-01-21	11	581.7	-5.4	-0.9	16.0	238.5	3.86
2023-01-21	12	576.3	-41.4	-7.2	7.0	232.5	3.93
2023-01-21	13	499.0	-103.5	-20.7	15.0	227.8	4.07
2023-01-21	14	369.2	-69.9	-18.9	9.0	222.2	3.60
2023-01-21	15	359.1	-5.7	-1.6	26.0	222.9	3.65
2023-01-21	16	357.7	-6.7	-1.9	37.0	221.5	3.56
2023-01-21	17	345.7	-8.0	-2.3	51.0	228.8	3.05
2023-01-21	18	341.8	+19.1	+5.6	53.0	223.3	4.11
2023-01-21	19	383.9	+31.1	+8.1	42.0	228.5	3.72
2023-01-21	20	403.9	-13.7	-3.4	41.0	230.8	3.43
2023-01-21	21	356.6	+5.5	+1.6	30.0	217.4	3.60
2023-01-21	22	415.0	+77.5	+18.7	30.0	237.5	3.41
2023-01-21	23	511.5	+96.5	+18.9	7.0	234.3	3.24
2023-01-25	00	430.4	-119.3	-27.7	-2.0	221.2	1.44
2023-01-25	01	311.1	+31.0	+10.0	0.0	212.2	0.29
2023-01-25	02	492.4	+64.7	+13.1	-1.0	163.3	1.23
2023-01-25	03	440.6	+17.1	+3.9	-1.0	135.2	1.22
2023-01-25	04	526.7	+22.8	+4.3	-1.0	110.7	0.89
2023-01-25	05	486.2	-44.6	-9.2	-1.0	104.8	1.36
2023-01-25	06	437.5	-31.0	-7.1	1.0	29.8	1.41
2023-01-25	07	424.3	+5.9	+1.4	4.0	43.9	1.52
2023-01-25	08	449.3	-15.2	-3.4	0.0	43.9	0.51
2023-01-25	09	394.0	-165.9	-42.1	1.0	90.3	1.15
2023-01-25	10	117.5	-121.9	-103.8	7.0	13.8	1.27
2023-01-25	11	150.1	+77.7	+51.8	-1.0	41.2	1.22
2023-01-25	12	272.9	+55.6	+20.4	-3.0	18.2	2.56
2023-01-25	13	261.4	+35.1	+13.4	-3.0	23.0	2.11
2023-01-25	14	343.1	+102.0	+29.7	-2.0	27.8	2.84
2023-01-25	15	465.4	+74.4	+16.0	13.0	10.5	3.78
2023-01-25	16	492.0	+30.4	+6.2	22.0	14.7	3.67
2023-01-25	17	526.2	-3.4	-0.7	11.0	9.6	3.36
2023-01-25	18	485.2	+33.3	+6.9	7.0	2.8	4.14
2023-01-25	19	592.8	+24.3	+4.1	16.0	351.2	4.22
2023-01-25	20	533.8	-68.8	-12.9	12.0	348.0	4.18
2023-01-25	21	455.2	-38.1	-8.4	11.0	339.4	4.00
2023-01-25	22	457.7	+62.7	+13.7	-2.0	330.3	3.21
2023-01-25	23	580.5	+122.9	+21.2	-5.0	325.6	2.32
2023-01-29	00	362.2	+48.5	+13.4	5.0	26.8	5.18
2023-01-29	01	410.7	-17.5	-4.3	0.0	27.7	5.14
2023-01-29	02	327.1	-32.3	-9.9	0.0	10.3	4.98
2023-01-29	03	346.1	-9.7	-2.8	0.0	5.3	6.11
2023-01-29	04	307.8	+11.2	+3.6	-5.0	358.9	5.23
2023-01-29	05	368.6	+13.5	+3.7	-7.0	355.7	5.75
2023-01-29	06	334.9	-22.5	-6.7	-10.0	351.1	5.16
2023-01-29	07	323.5	+12.1	+3.7	-20.0	342.4	5.54
2023-01-29	08	359.0	+3.7	+1.0	-20.0	346.9	5.02
2023-01-29	09	330.9	-14.3	-4.3	-30.0	356.5	5.89
2023-01-29	10	330.3	+19.4	+5.9	-30.0	347.4	5.75
2023-01-29	11	369.7	-15.6	-4.2	-30.0	343.0	5.70
2023-01-29	12	299.0	-26.9	-9.0	-30.0	342.5	5.48
2023-01-29	13	315.9	+20.0	+6.3	-31.0	345.3	4.53
2023-01-29	14	339.0	+64.4	+19.0	-20.0	347.9	5.27
2023-01-29	15	444.7	+62.4	+14.0	-10.0	351.9	5.69
2023-01-29	16	463.8	+4.4	+0.9	10.0	350.3	4.96
2023-01-29	17	453.5	+0.2	+0.0	38.0	338.3	4.74
2023-01-29	18	464.2	+35.6	+7.7	52.0	342.2	4.57
2023-01-29	19	524.7	+58.2	+11.1	44.0	334.1	4.48
2023-01-29	20	580.6	+74.1	+12.8	31.0	332.2	3.93
2023-01-29	21	672.9	+39.8	+5.9	13.0	321.3	3.39
2023-01-29	22	660.3	-48.6	-7.4	-10.0	316.5	3.52
2023-01-29	23	575.7	-84.6	-14.7	-14.0	319.0	3.01
2023-02-02	00	335.2	-197.0	-58.8	-7.0	209.2	2.06
2023-02-02	01	138.1	-129.7	-93.9	-5.0	161.0	1.63
2023-02-02	02	75.8	-10.4	-13.7	-11.0	184.3	2.42
2023-02-02	03	117.3	+17.6	+15.0	-18.0	188.2	3.16
2023-02-02	04	111.0	+86.1	+77.6	-19.0	200.2	3.13
2023-02-02	05	289.5	+18.7	+6.5	-95.0	212.7	6.31
2023-02-02	06	148.4	-43.2	-29.1	-72.0	224.7	6.65
2023-02-02	07	203.1	-4.5	-2.2	-53.0	234.3	5.26
2023-02-02	08	139.3	-3.3	-2.4	-46.0	223.9	4.73
2023-02-02	09	196.4	+7.3	+3.7	-46.0	222.6	4.38
2023-02-02	10	153.9	-31.9	-20.8	-57.0	225.6	4.81
2023-02-02	11	132.5	-2.4	-1.8	-60.0	229.9	5.72
2023-02-02	12	149.0	+17.2	+11.6	-60.0	231.1	6.17
2023-02-02	13	166.9	+2.6	+1.6	-60.0	232.4	6.09
2023-02-02	14	154.3	+46.8	+30.3	-40.0	260.1	6.94
2023-02-02	15	260.5	+80.1	+30.8	10.0	246.9	6.29
2023-02-02	16	314.6	+46.9	+14.9	30.0	261.5	4.25
2023-02-02	17	354.2	+91.5	+25.8	30.0	299.5	5.17
2023-02-02	18	497.5	+228.7	+46.0	40.0	288.4	4.97
2023-02-02	19	811.5	+185.7	+22.9	30.0	301.9	6.96
2023-02-02	20	868.9	+14.8	+1.7	40.0	305.8	7.54
2023-02-02	21	841.2	+56.6	+6.7	30.0	307.8	6.92
2023-02-02	22	982.1	+50.4	+5.1	10.0	306.5	7.49
2023-02-02	23	942.0	-40.0	-4.2	-30.0	310.3	5.90
2023-02-06	00	522.8	-457.3	-87.5	-5.0	279.1	1.79
2023-02-06	01	65.5	-246.7	-376.5	-10.0	304.0	2.21
2023-02-06	02	29.5	-4.5	-15.1	-1.0	11.8	0.82
2023-02-06	03	56.6	+3.1	+5.5	-3.0	337.6	1.38
2023-02-06	04	35.7	-17.9	-50.1	-1.0	32.1	0.70
2023-02-06	05	20.8	-5.7	-27.3	-6.0	293.7	1.93
2023-02-06	06	24.3	-0.4	-1.7	-5.0	318.2	1.69
2023-02-06	07	20.0	-3.0	-14.9	-5.0	320.8	1.75
2023-02-06	08	18.3	-0.3	-1.9	-4.0	324.8	1.45
2023-02-06	09	19.3	+4.6	+23.7	-5.0	334.7	1.74
2023-02-06	10	27.5	+3.9	+14.3	-1.0	71.0	0.48
2023-02-06	11	27.2	-4.4	-16.3	-2.0	88.8	1.34
2023-02-06	12	18.6	-1.5	-8.2	0.0	118.7	0.65
2023-02-06	13	24.1	+2.3	+9.5	-3.0	58.3	1.64
2023-02-06	14	23.2	+72.1	+310.5	-1.0	147.9	0.51
2023-02-06	15	168.4	+103.7	+61.6	3.0	124.0	3.53
2023-02-06	16	230.6	+69.5	+30.2	0.0	124.1	3.50
2023-02-06	17	307.4	+63.5	+20.7	28.0	141.8	5.58
2023-02-06	18	357.6	+34.7	+9.7	15.0	144.1	6.66
2023-02-06	19	376.8	-18.3	-4.9	-9.0	130.9	5.80
2023-02-06	20	320.9	-25.3	-7.9	-18.0	133.1	5.51
2023-02-06	21	326.2	+1.5	+0.4	0.0	137.7	6.44
2023-02-06	22	323.8	+35.4	+10.9	-42.0	129.3	7.06
2023-02-06	23	397.1	+73.3	+18.5	-85.0	126.3	7.66
2023-02-10	00	342.8	+54.5	+15.9	-55.0	274.7	5.30
2023-02-10	01	397.4	+23.8	+6.0	-68.0	284.7	6.35
2023-02-10	02	390.5	-18.5	-4.7	-70.0	285.8	6.46
2023-02-10	03	360.4	-8.6	-2.4	-66.0	293.7	6.67
2023-02-10	04	373.3	+65.2	+17.5	-56.0	302.4	5.53
2023-02-10	05	490.8	+118.5	+24.2	-34.0	302.5	4.47
2023-02-10	06	610.4	-13.8	-2.3	-35.0	313.9	4.51
2023-02-10	07	463.2	-140.0	-30.2	-45.0	311.3	4.90
2023-02-10	08	330.3	-114.2	-34.6	-10.0	306.9	3.91
2023-02-10	09	234.8	+24.7	+10.5	-36.0	289.4	3.30
2023-02-10	10	379.6	+153.8	+40.5	-40.0	266.9	3.52
2023-02-10	11	542.4	+62.5	+11.5	-44.0	280.6	4.13
2023-02-10	12	504.6	-95.4	-18.9	-22.0	276.3	2.76
2023-02-10	13	351.6	-78.6	-22.4	-7.0	294.5	2.10
2023-02-10	14	347.4	+50.2	+14.4	-7.0	287.0	2.91
2023-02-10	15	452.0	+72.5	+16.0	20.0	300.6	5.73
2023-02-10	16	492.4	+16.9	+3.4	45.0	302.0	5.04
2023-02-10	17	485.7	+38.3	+7.9	65.0	290.2	5.06
2023-02-10	18	568.9	+88.2	+15.5	72.0	296.7	4.73
2023-02-10	19	662.2	+29.5	+4.5	60.0	259.5	4.77
2023-02-10	20	628.0	-45.1	-7.2	30.0	268.6	4.97
2023-02-10	21	572.0	-55.8	-9.8	-2.0	271.8	4.85
2023-02-10	22	516.4	-97.2	-18.8	-12.0	275.5	4.51
2023-02-10	23	377.6	-138.8	-36.7	-33.0	257.8	3.31
2023-02-14	00	376.0	-109.8	-29.2	-5.0	208.2	1.90
2023-02-14	01	266.1	-173.9	-65.3	-6.0	204.5	2.01
2023-02-14	02	28.2	-105.2	-373.6	-13.0	197.5	2.46
2023-02-14	03	55.6	+13.6	+24.4	-15.0	191.7	2.48
2023-02-14	04	55.4	+19.8	+35.7	-7.0	177.2	2.01
2023-02-14	05	95.2	+33.5	+35.2	-29.0	168.5	3.18
2023-02-14	06	122.4	+23.1	+18.9	-17.0	182.1	2.58
2023-02-14	07	141.5	+57.2	+40.4	-23.0	162.5	2.91
2023-02-14	08	236.8	+46.8	+19.7	-22.0	150.8	2.89
2023-02-14	09	235.0	+10.6	+4.5	-39.0	169.4	3.73
2023-02-14	10	258.1	-19.2	-7.4	-41.0	165.6	3.91
2023-02-14	11	196.6	-21.7	-11.0	-63.0	166.1	4.89
2023-02-14	12	214.8	+44.9	+20.9	-47.0	170.8	3.80
2023-02-14	13	286.3	+31.7	+11.1	-74.0	170.3	4.97
2023-02-14	14	278.2	+5.1	+1.8	-54.0	163.7	5.29
2023-02-14	15	296.5	+14.5	+4.9	-27.0	152.6	5.15
2023-02-14	16	307.3	+19.4	+6.3	11.0	153.6	6.25
2023-02-14	17	335.4	+26.0	+7.7	13.0	165.0	6.86
2023-02-14	18	359.2	+31.4	+8.8	47.0	167.7	5.88
2023-02-14	19	398.2	-19.1	-4.8	40.0	160.8	4.71
2023-02-14	20	320.9	-12.1	-3.8	10.0	120.6	4.71
2023-02-14	21	374.1	+11.4	+3.1	0.0	137.5	5.39
2023-02-14	22	343.7	-6.0	-1.8	-30.0	114.9	5.12
2023-02-14	23	362.0	+18.3	+5.1	-37.0	132.8	5.87
2023-02-18	00	342.5	-62.0	-18.1	-25.0	200.7	4.29
2023-02-18	01	280.5	-50.7	-18.1	-28.0	198.8	5.34
2023-02-18	02	241.1	-18.0	-7.5	-22.0	196.3	6.38
2023-02-18	03	244.4	+19.6	+8.0	-16.0	193.5	6.64
2023-02-18	04	280.4	+42.8	+15.3	-28.0	198.2	6.54
2023-02-18	05	330.0	+21.0	+6.4	-52.0	203.4	7.61
2023-02-18	06	322.4	-4.2	-1.3	-52.0	202.9	7.02
2023-02-18	07	321.6	-0.9	-0.3	-54.0	209.1	6.76
2023-02-18	08	320.7	-2.5	-0.8	-47.0	210.8	5.69
2023-02-18	09	316.6	+6.7	+2.1	-46.0	215.2	4.89
2023-02-18	10	334.1	-38.6	-11.6	-44.0	220.4	4.26
2023-02-18	11	239.3	-64.3	-26.9	-42.0	218.5	4.29
2023-02-18	12	205.4	-36.4	-17.7	-40.0	225.1	4.06
2023-02-18	13	166.4	-32.5	-19.5	-37.0	221.6	3.84
2023-02-18	14	140.4	+15.8	+11.3	-17.0	227.7	3.96
2023-02-18	15	198.0	+48.4	+24.4	3.0	229.8	3.65
2023-02-18	16	237.2	+37.5	+15.8	41.0	245.9	3.80
2023-02-18	17	273.0	+41.4	+15.2	35.0	247.6	3.22
2023-02-18	18	319.9	+43.3	+13.5	79.0	207.2	2.90
2023-02-18	19	359.7	-2.0	-0.6	70.0	195.0	3.48
2023-02-18	20	315.9	-2.8	-0.9	90.0	163.0	4.54
2023-02-18	21	354.1	+39.3	+11.1	44.0	184.4	4.37
2023-02-18	22	394.5	-10.6	-2.7	-7.0	184.0	4.80
2023-02-18	23	332.8	-61.6	-18.5	-26.0	172.0	3.80
2023-02-22	00	694.5	-54.1	-7.8	30.0	127.4	3.15
2023-02-22	01	640.4	-37.0	-5.8	45.0	130.9	3.90
2023-02-22	02	620.6	-79.1	-12.7	39.0	112.6	3.92
2023-02-22	03	482.2	-102.7	-21.3	37.0	68.6	4.09
2023-02-22	04	415.1	-46.1	-11.1	67.0	69.5	5.32
2023-02-22	05	390.1	-12.3	-3.2	54.0	69.4	5.25
2023-02-22	06	390.5	+0.8	+0.2	66.0	55.4	6.25
2023-02-22	07	391.6	+16.6	+4.2	75.0	70.2	7.49
2023-02-22	08	423.7	+35.8	+8.4	69.0	62.2	7.58
2023-02-22	09	463.2	+40.2	+8.7	67.0	59.5	7.42
2023-02-22	10	504.1	+63.5	+12.6	60.0	57.2	7.23
2023-02-22	11	590.2	+27.5	+4.7	68.0	55.7	8.32
2023-02-22	12	559.2	+6.8	+1.2	54.0	45.0	7.85
2023-02-22	13	603.9	+14.3	+2.4	49.0	59.1	8.08
2023-02-22	14	587.8	-10.4	-1.8	70.0	39.1	8.02
2023-02-22	15	583.1	-2.6	-0.4	70.0	39.7	8.51
2023-02-22	16	582.6	+26.8	+4.6	56.0	54.9	9.27
2023-02-22	17	636.7	+26.9	+4.2	48.0	65.0	8.85
2023-02-22	18	636.3	+0.7	+0.1	20.0	54.2	8.34
2023-02-22	19	638.1	+10.4	+1.6	10.0	53.5	7.44
2023-02-22	20	657.0	-21.8	-3.3	0.0	56.1	7.12
2023-02-22	21	594.6	-37.9	-6.4	0.0	54.6	6.92
2023-02-22	22	581.2	+78.4	+13.5	-30.0	49.1	7.86
2023-02-22	23	751.4	+170.3	+22.7	-30.0	43.0	5.72
2023-02-26	00	349.3	+8.5	+2.4	-28.0	195.5	2.99
2023-02-26	01	357.8	-132.0	-36.9	-6.0	180.0	1.94
2023-02-26	02	85.3	-72.0	-84.4	-11.0	159.8	2.41
2023-02-26	03	213.8	+59.5	+27.8	-60.0	232.9	3.92
2023-02-26	04	204.3	+3.2	+1.6	-81.0	228.6	5.61
2023-02-26	05	220.2	+6.8	+3.1	-81.0	240.8	5.86
2023-02-26	06	217.8	-21.4	-9.8	-95.0	234.3	6.25
2023-02-26	07	177.5	-6.4	-3.6	-69.0	235.7	5.29
2023-02-26	08	205.1	-15.4	-7.5	-48.0	227.7	4.58
2023-02-26	09	146.6	-18.7	-12.8	-20.0	269.5	3.22
2023-02-26	10	167.6	-50.7	-30.2	-27.0	278.4	3.08
2023-02-26	11	45.2	-66.9	-148.1	0.0	259.8	1.63
2023-02-26	12	33.8	-11.5	-34.1	0.0	206.6	1.43
2023-02-26	13	22.1	-0.6	-2.8	-10.0	176.9	1.83
2023-02-26	14	32.6	+72.2	+221.6	-5.0	286.6	2.00
2023-02-26	15	166.5	+24.9	+14.9	31.0	325.2	2.70
2023-02-26	16	82.3	-1.4	-1.7	14.0	320.5	0.64
2023-02-26	17	163.7	+76.0	+46.4	8.0	315.3	0.60
2023-02-26	18	234.2	+44.2	+18.9	49.0	44.5	1.11
2023-02-26	19	252.1	-13.7	-5.4	31.0	112.6	1.10
2023-02-26	20	206.8	-37.4	-18.1	10.0	185.6	0.96
2023-02-26	21	177.3	-42.8	-24.1	0.0	172.9	0.95
2023-02-26	22	121.3	-37.1	-30.6	-10.0	64.0	2.26
2023-02-26	23	103.2	-18.1	-17.6	-13.0	63.0	2.32
2023-03-02	00	982.3	-102.2	-10.4	-70.0	265.7	4.57
2023-03-02	01	880.2	-227.4	-25.8	-58.0	275.7	4.65
2023-03-02	02	527.4	+5.7	+1.1	-6.0	273.2	6.27
2023-03-02	03	891.5	+122.7	+13.8	-20.0	283.6	5.57
2023-03-02	04	772.9	-3.6	-0.5	-24.0	271.0	4.71
2023-03-02	05	884.4	-131.1	-14.8	-6.0	271.0	3.91
2023-03-02	06	510.8	-222.0	-43.5	-26.0	282.6	3.80
2023-03-02	07	440.5	+1.3	+0.3	4.0	280.3	4.20
2023-03-02	08	513.3	-9.3	-1.8	14.0	290.1	3.89
2023-03-02	09	421.9	+17.0	+4.0	8.0	311.1	4.49
2023-03-02	10	547.3	+126.0	+23.0	2.0	324.7	4.48
2023-03-02	11	673.8	+177.6	+26.4	10.0	337.8	4.23
2023-03-02	12	902.6	+106.2	+11.8	3.0	11.5	4.07
2023-03-02	13	886.1	-83.5	-9.4	11.0	18.6	3.51
2023-03-02	14	735.7	-87.6	-11.9	27.0	31.3	4.05
2023-03-02	15	711.0	+80.0	+11.2	64.0	23.0	3.87
2023-03-02	16	895.6	+52.1	+5.8	65.0	32.1	2.92
2023-03-02	17	815.1	-46.0	-5.6	91.0	58.8	2.66
2023-03-02	18	803.5	+51.9	+6.5	72.0	78.3	1.10
2023-03-02	19	918.9	+66.0	+7.2	67.0	19.2	1.18
2023-03-02	20	935.5	-50.2	-5.4	30.0	21.8	0.25
2023-03-02	21	818.5	-63.6	-7.8	40.0	19.2	1.41
2023-03-02	22	808.4	-19.5	-2.4	30.0	20.5	2.02
2023-03-02	23	779.4	-28.9	-3.7	0.0	39.5	1.62
2023-03-06	00	686.0	-351.2	-51.2	-74.0	84.8	6.72
2023-03-06	01	334.8	-129.2	-38.6	-58.0	81.9	6.79
2023-03-06	02	427.6	+36.4	+8.5	-23.0	72.7	4.15
2023-03-06	03	407.6	-18.1	-4.5	9.0	70.7	6.20
2023-03-06	04	391.4	-7.5	-1.9	32.0	68.4	7.30
2023-03-06	05	392.6	-5.0	-1.3	-28.0	78.9	6.81
2023-03-06	06	381.4	+13.5	+3.5	-13.0	83.1	6.53
2023-03-06	07	419.6	+7.3	+1.7	-21.0	85.0	5.89
2023-03-06	08	396.0	+3.6	+0.9	-14.0	66.1	4.80
2023-03-06	09	426.8	+3.6	+0.8	-24.0	91.2	4.48
2023-03-06	10	403.2	-59.5	-14.7	-21.0	101.8	4.06
2023-03-06	11	307.9	-89.3	-29.0	-12.0	47.1	2.70
2023-03-06	12	224.6	-70.1	-31.2	-9.0	84.9	2.02
2023-03-06	13	167.6	+18.6	+11.1	-1.0	22.6	2.95
2023-03-06	14	261.8	+68.3	+26.1	16.0	29.2	1.48
2023-03-06	15	304.2	+42.8	+14.1	30.0	61.3	3.80
2023-03-06	16	347.4	+64.5	+18.6	34.0	34.6	2.78
2023-03-06	17	433.2	+75.8	+17.5	70.0	3.7	3.63
2023-03-06	18	499.1	+26.1	+5.2	46.0	351.1	5.04
2023-03-06	19	485.5	-54.4	-11.2	130.0	325.9	4.88
2023-03-06	20	390.2	-42.2	-10.8	106.0	335.8	5.23
2023-03-06	21	401.1	+98.7	+24.6	62.0	332.7	4.75
2023-03-06	22	587.6	+114.4	+19.5	31.0	326.7	4.55
2023-03-06	23	630.0	+42.4	+6.7	44.0	326.1	5.36
2023-03-10	00	551.8	-79.5	-14.4	0.0	49.0	5.26
2023-03-10	01	472.3	-17.1	-3.6	-10.0	41.8	6.46
2023-03-10	02	517.6	-32.3	-6.2	-7.0	32.5	5.67
2023-03-10	03	407.7	-36.2	-8.9	0.0	36.9	4.51
2023-03-10	04	445.2	+3.2	+0.7	3.0	28.1	4.47
2023-03-10	05	414.2	-8.9	-2.1	-2.0	33.5	3.98
2023-03-10	06	427.4	+34.6	+8.1	-4.0	30.9	4.10
2023-03-10	07	483.4	+45.5	+9.4	-7.0	31.3	4.52
2023-03-10	08	518.5	-22.0	-4.2	-3.0	355.1	3.36
2023-03-10	09	439.4	-19.2	-4.4	-5.0	3.5	4.01
2023-03-10	10	480.1	+26.6	+5.5	-10.0	357.5	4.17
2023-03-10	11	492.7	+1.3	+0.3	-10.0	347.4	3.53
2023-03-10	12	482.7	-13.4	-2.8	-5.0	353.8	5.01
2023-03-10	13	465.9	+13.7	+3.0	-6.0	339.3	5.46
2023-03-10	14	510.2	+21.0	+4.1	6.0	344.7	6.02
2023-03-10	15	507.9	+64.3	+12.7	17.0	349.3	5.81
2023-03-10	16	638.8	+83.6	+13.1	20.0	355.5	6.08
2023-03-10	17	675.1	+21.9	+3.3	24.0	5.2	6.41
2023-03-10	18	682.7	+55.1	+8.1	30.0	351.3	5.94
2023-03-10	19	785.3	+71.6	+9.1	0.0	351.1	5.53
2023-03-10	20	825.8	-8.8	-1.1	20.0	357.8	5.62
2023-03-10	21	767.7	+2.6	+0.3	25.0	356.1	5.20
2023-03-10	22	831.1	+54.5	+6.6	10.0	1.7	4.60
2023-03-10	23	876.6	+45.6	+5.2	-2.0	7.5	3.41
2023-03-14	00	1189.4	+103.9	+8.7	-50.0	313.0	3.78
2023-03-14	01	1293.3	+32.6	+2.5	-10.0	314.9	2.41
2023-03-14	02	1254.5	-307.9	-24.5	-10.0	329.0	2.34
2023-03-14	03	677.6	-207.3	-30.6	-15.0	335.7	2.38
2023-03-14	04	840.0	-285.0	-33.9	-11.0	325.9	2.26
2023-03-14	05	107.6	-340.4	-316.3	-24.0	293.9	2.89
2023-03-14	06	159.3	+18.7	+11.7	-27.0	323.7	3.36
2023-03-14	07	145.0	-20.9	-14.4	-13.0	327.2	2.36
2023-03-14	08	117.4	+1.2	+1.0	-16.0	345.5	2.71
2023-03-14	09	147.4	-13.2	-8.9	0.0	328.5	1.44
2023-03-14	10	91.1	-42.4	-46.6	-7.0	321.4	1.94
2023-03-14	11	62.6	-33.1	-52.8	0.0	319.4	1.33
2023-03-14	12	24.9	+4.2	+16.8	0.0	276.3	1.57
2023-03-14	13	71.0	+81.9	+115.4	-4.0	334.4	2.19
2023-03-14	14	188.8	+127.3	+67.4	2.0	273.3	2.92
2023-03-14	15	325.5	+151.2	+46.5	63.0	307.9	1.36
2023-03-14	16	491.3	+93.8	+19.1	80.0	351.3	1.14
2023-03-14	17	513.2	+37.8	+7.4	70.0	7.9	0.89
2023-03-14	18	566.8	+46.4	+8.2	70.0	351.4	1.58
2023-03-14	19	605.9	+24.5	+4.0	41.0	36.9	1.01
2023-03-14	20	615.8	-11.7	-1.9	26.0	25.9	0.95
2023-03-14	21	582.6	-22.9	-3.9	7.0	95.9	1.06
2023-03-14	22	570.0	-48.5	-8.5	0.0	128.2	1.06
2023-03-14	23	485.6	-84.4	-17.4	-5.0	150.9	1.80
2023-03-18	00	796.7	+13.9	+1.8	107.0	265.8	8.40
2023-03-18	01	810.7	+141.9	+17.5	30.0	266.5	9.28
2023-03-18	02	1080.5	+39.2	+3.6	9.0	271.9	8.87
2023-03-18	03	889.1	-84.0	-9.5	12.0	273.6	7.94
2023-03-18	04	912.4	-51.2	-5.6	-12.0	277.1	8.58
2023-03-18	05	786.8	-104.3	-13.3	5.0	277.3	7.31
2023-03-18	06	703.8	-28.2	-4.0	1.0	272.5	7.71
2023-03-18	07	730.5	-50.9	-7.0	2.0	269.3	7.07
2023-03-18	08	602.1	-80.6	-13.4	17.0	275.6	6.83
2023-03-18	09	569.3	-20.3	-3.6	17.0	273.2	6.71
2023-03-18	10	561.4	+103.6	+18.5	10.0	274.2	7.07
2023-03-18	11	776.5	+77.0	+9.9	-8.0	268.3	6.30
2023-03-18	12	715.5	-72.8	-10.2	-20.0	262.1	6.22
2023-03-18	13	630.8	-44.3	-7.0	16.0	259.7	6.62
2023-03-18	14	626.8	+88.3	+14.1	78.0	272.6	7.26
2023-03-18	15	807.4	+194.4	+24.1	188.0	282.2	8.24
2023-03-18	16	1015.5	+219.2	+21.6	227.0	281.7	8.21
2023-03-18	17	1245.8	+331.3	+26.6	191.0	272.6	7.95
2023-03-18	18	1678.2	+215.6	+12.8	200.0	278.6	7.93
2023-03-18	19	1677.0	+17.8	+1.1	180.0	281.3	7.27
2023-03-18	20	1713.9	+8.3	+0.5	105.0	280.2	8.17
2023-03-18	21	1693.7	-7.3	-0.4	118.0	293.9	8.92
2023-03-18	22	1699.4	+1.2	+0.1	99.0	293.8	8.53
2023-03-18	23	1696.0	-3.4	-0.2	18.0	293.0	7.56
2023-03-22	00	1789.3	-1359.8	-76.0	-44.0	144.1	4.97
2023-03-22	01	429.5	-720.9	-167.8	-54.0	168.5	7.86
2023-03-22	02	347.5	-40.5	-11.7	-38.0	166.5	6.85
2023-03-22	03	348.6	+48.0	+13.8	-29.0	167.8	6.30
2023-03-22	04	443.4	+26.3	+5.9	-30.0	161.6	6.00
2023-03-22	05	401.1	+35.8	+8.9	-4.0	161.3	5.17
2023-03-22	06	515.0	+51.9	+10.1	-2.0	156.7	4.44
2023-03-22	07	505.0	-26.3	-5.2	5.0	159.3	5.78
2023-03-22	08	462.4	-46.0	-9.9	-1.0	161.8	5.30
2023-03-22	09	413.0	-15.0	-3.6	0.0	166.0	5.24
2023-03-22	10	432.5	+51.0	+11.8	4.0	167.2	5.57
2023-03-22	11	514.9	+31.3	+6.1	14.0	169.2	5.03
2023-03-22	12	495.0	-28.0	-5.7	-1.0	171.5	5.70
2023-03-22	13	458.9	-14.2	-3.1	-2.0	183.1	4.78
2023-03-22	14	466.6	-14.0	-3.0	12.0	179.1	4.81
2023-03-22	15	430.8	+19.4	+4.5	39.0	174.8	4.19
2023-03-22	16	505.4	+17.2	+3.4	33.0	187.6	5.29
2023-03-22	17	465.3	+1.0	+0.2	26.0	189.8	5.32
2023-03-22	18	507.4	+22.4	+4.4	40.0	197.3	5.49
2023-03-22	19	510.0	+21.6	+4.2	40.0	206.8	4.54
2023-03-22	20	550.6	+60.4	+11.0	60.0	199.7	4.45
2023-03-22	21	630.7	+64.6	+10.2	41.0	199.1	4.05
2023-03-22	22	679.8	-92.5	-13.6	11.0	206.0	2.98
2023-03-22	23	445.8	-234.0	-52.5	-3.0	200.0	2.45
2023-03-26	00	1792.9	-1509.5	-84.2	-17.0	243.4	2.71
2023-03-26	01	283.3	-756.4	-267.0	-43.0	206.8	3.99
2023-03-26	02	280.1	+151.5	+54.1	-15.0	217.3	2.95
2023-03-26	03	586.3	-127.1	-21.7	-2.0	317.8	0.64
2023-03-26	04	25.9	-55.5	-214.3	-6.0	292.6	2.07
2023-03-26	05	475.2	+19.9	+4.2	-7.0	288.7	2.08
2023-03-26	06	65.6	-223.1	-339.9	-15.0	261.9	3.11
2023-03-26	07	29.0	-12.2	-42.1	-7.0	281.0	2.01
2023-03-26	08	41.2	+7.6	+18.4	-15.0	265.3	2.83
2023-03-26	09	44.2	+15.3	+34.6	-8.0	251.3	2.19
2023-03-26	10	71.8	-5.0	-7.0	-5.0	310.9	1.84
2023-03-26	11	34.1	-16.6	-48.7	-7.0	324.5	1.97
2023-03-26	12	38.6	+0.2	+0.4	-3.0	302.5	0.92
2023-03-26	13	34.4	+7.6	+22.2	-4.0	234.2	1.75
2023-03-26	14	53.9	+10.9	+20.2	4.0	305.4	1.15
2023-03-26	15	56.2	+28.9	+51.4	1.0	61.2	0.10
2023-03-26	16	111.6	+127.2	+114.0	23.0	324.3	2.11
2023-03-26	17	310.6	+137.5	+44.3	25.0	121.2	2.72
2023-03-26	18	386.6	+41.0	+10.6	11.0	24.1	2.45
2023-03-26	19	392.6	+20.0	+5.1	12.0	57.0	2.12
2023-03-26	20	426.6	-21.2	-5.0	36.0	32.7	1.63
2023-03-26	21	350.1	-91.2	-26.1	-5.0	8.4	2.40
2023-03-26	22	244.1	+42.6	+17.5	-9.0	6.1	2.17
2023-03-26	23	435.3	+191.2	+43.9	-25.0	345.2	3.54
2023-03-30	00	1182.1	-970.3	-82.1	-6.0	2.9	2.00
2023-03-30	01	211.7	-486.2	-229.6	-5.0	43.7	1.80
2023-03-30	02	209.7	-85.5	-40.8	-12.0	80.6	2.36
2023-03-30	03	40.8	-47.6	-116.6	18.0	137.8	2.96
2023-03-30	04	114.6	+38.8	+33.9	-7.0	143.0	1.94
2023-03-30	05	118.4	-19.9	-16.8	-1.0	185.8	0.91
2023-03-30	06	74.8	-36.4	-48.7	-1.0	44.1	0.67
2023-03-30	07	45.6	-12.1	-26.5	-4.0	35.1	1.68
2023-03-30	08	50.6	+8.3	+16.3	-3.0	69.2	1.59
2023-03-30	09	62.2	-6.9	-11.0	-4.0	50.4	1.65
2023-03-30	10	36.9	-10.2	-27.7	-1.0	119.9	0.55
2023-03-30	11	41.7	-0.7	-1.8	-1.0	112.0	0.55
2023-03-30	12	35.4	+53.4	+151.0	-7.0	125.4	2.01
2023-03-30	13	148.5	+108.8	+73.2	0.0	132.0	1.85
2023-03-30	14	252.9	+119.0	+47.0	22.0	142.0	4.27
2023-03-30	15	386.5	+93.5	+24.2	31.0	144.2	5.12
2023-03-30	16	439.9	+53.2	+12.1	64.0	136.4	4.58
2023-03-30	17	493.0	+23.7	+4.8	187.0	135.9	5.31
2023-03-30	18	487.4	+12.2	+2.5	110.0	130.7	4.78
2023-03-30	19	517.4	+4.3	+0.8	140.0	131.4	5.32
2023-03-30	20	495.9	+39.6	+8.0	60.0	119.3	4.47
2023-03-30	21	596.6	+15.4	+2.6	-40.0	111.7	4.15
2023-03-30	22	526.8	-39.4	-7.5	-30.0	112.2	4.71
2023-03-30	23	517.7	-9.1	-1.8	-17.0	96.4	4.21
2023-04-03	00	752.1	-381.9	-50.8	-97.0	167.8	6.59
2023-04-03	01	370.1	-208.0	-56.2	-69.0	163.7	5.09
2023-04-03	02	336.0	-21.0	-6.3	-72.0	172.2	5.17
2023-04-03	03	328.1	-9.0	-2.7	-108.0	194.2	6.33
2023-04-03	04	318.0	-24.9	-7.8	-43.0	228.6	3.97
2023-04-03	05	278.2	-9.9	-3.6	-51.0	236.7	3.74
2023-04-03	06	298.2	+20.7	+6.9	-50.0	289.8	3.92
2023-04-03	07	319.5	+30.6	+9.6	-20.0	289.9	2.73
2023-04-03	08	359.3	-40.7	-11.3	-4.0	237.6	1.29
2023-04-03	09	238.1	-162.0	-68.1	-5.0	260.2	1.46
2023-04-03	10	35.3	-107.8	-305.6	-7.0	214.5	2.12
2023-04-03	11	22.5	+21.6	+96.3	-2.0	218.2	1.23
2023-04-03	12	78.5	+3.9	+5.0	-4.0	210.8	1.57
2023-04-03	13	30.3	-12.0	-39.7	-1.0	177.2	1.15
2023-04-03	14	54.5	+111.8	+205.2	14.0	134.3	0.99
2023-04-03	15	253.9	+133.6	+52.6	-7.0	180.2	2.75
2023-04-03	16	321.7	+112.9	+35.1	93.0	191.0	4.70
2023-04-03	17	479.7	+251.2	+52.4	-11.0	193.1	2.50
2023-04-03	18	824.0	+31.9	+3.9	33.0	197.8	4.43
2023-04-03	19	543.5	-154.3	-28.4	60.0	339.9	1.64
2023-04-03	20	515.3	+21.0	+4.1	80.0	123.8	1.07
2023-04-03	21	585.4	+71.9	+12.3	-10.0	152.2	1.89
2023-04-03	22	659.0	-219.5	-33.3	20.0	297.4	0.28
2023-04-03	23	146.5	-512.6	-350.0	0.0	8.1	1.76
2023-04-07	00	1242.3	-21.0	-1.7	-23.0	266.2	3.04
2023-04-07	01	1221.3	-467.7	-38.3	-40.0	256.8	3.62
2023-04-07	02	306.8	-543.4	-177.1	-44.0	243.0	3.72
2023-04-07	03	134.4	-129.4	-96.3	-21.0	261.7	2.77
2023-04-07	04	48.0	-24.3	-50.6	-1.0	291.8	0.90
2023-04-07	05	85.9	+18.0	+20.9	-3.0	270.7	1.33
2023-04-07	06	83.9	-7.6	-9.0	-10.0	1.4	2.14
2023-04-07	07	70.7	+1.7	+2.5	-16.0	348.9	3.05
2023-04-07	08	87.4	+14.1	+16.1	-11.0	10.4	2.31
2023-04-07	09	99.0	-3.6	-3.6	-10.0	24.0	2.29
2023-04-07	10	80.2	+16.2	+20.2	-2.0	6.0	1.52
2023-04-07	11	131.4	-6.3	-4.8	-5.0	69.6	1.83
2023-04-07	12	67.6	+52.5	+77.7	0.0	92.5	0.66
2023-04-07	13	236.4	+181.3	+76.7	8.0	90.1	3.00
2023-04-07	14	430.3	+117.8	+27.4	55.0	116.0	3.84
2023-04-07	15	471.9	+111.8	+23.7	106.0	107.9	3.81
2023-04-07	16	653.9	+125.1	+19.1	157.0	101.4	3.30
2023-04-07	17	722.2	+169.2	+23.4	191.0	97.7	3.46
2023-04-07	18	992.4	+340.7	+34.3	201.0	120.4	3.49
2023-04-07	19	1403.5	+244.7	+17.4	250.0	131.3	3.73
2023-04-07	20	1481.9	+133.6	+9.0	255.0	149.7	4.04
2023-04-07	21	1670.8	+135.7	+8.1	200.0	156.7	4.25
2023-04-07	22	1753.2	-117.5	-6.7	130.0	157.1	4.79
2023-04-07	23	1435.9	-317.3	-22.1	37.0	150.4	4.82
2023-04-11	00	2047.3	+37.2	+1.8	-40.0	224.2	4.08
2023-04-11	01	2084.6	-979.2	-47.0	-7.0	220.1	2.08
2023-04-11	02	89.0	-998.5	-1121.5	-27.0	192.2	3.35
2023-04-11	03	87.6	+35.0	+39.9	-26.0	213.7	3.18
2023-04-11	04	158.9	+31.2	+19.6	-38.0	200.6	4.57
2023-04-11	05	150.0	+6.5	+4.4	-22.0	203.3	3.39
2023-04-11	06	172.0	+1.9	+1.1	-29.0	218.6	3.14
2023-04-11	07	153.9	-38.3	-24.9	-39.0	230.3	4.12
2023-04-11	08	95.5	-18.8	-19.7	-40.0	216.5	4.01
2023-04-11	09	116.3	+19.0	+16.3	-29.0	224.7	3.74
2023-04-11	10	133.5	-7.7	-5.8	-45.0	222.4	4.15
2023-04-11	11	100.9	+0.4	+0.4	-31.0	213.3	3.72
2023-04-11	12	134.2	+17.8	+13.3	-28.0	219.8	3.47
2023-04-11	13	136.5	+74.7	+54.7	-9.0	224.2	3.94
2023-04-11	14	283.6	+104.9	+37.0	51.0	223.3	4.62
2023-04-11	15	346.3	+175.1	+50.6	140.0	213.2	5.07
2023-04-11	16	633.8	+489.9	+77.3	210.0	224.1	5.64
2023-04-11	17	1326.1	+455.4	+34.3	260.0	220.4	6.43
2023-04-11	18	1544.7	+149.1	+9.7	270.0	230.4	7.04
2023-04-11	19	1624.4	+27.6	+1.7	260.0	232.7	7.04
2023-04-11	20	1599.9	+6.4	+0.4	224.1	225.2	6.52
2023-04-11	21	1637.2	+58.3	+3.6	170.0	232.0	7.28
2023-04-11	22	1716.6	+6.0	+0.3	70.0	230.0	6.91
2023-04-11	23	1649.1	-67.5	-4.1	0.0	226.6	6.39
2023-04-15	00	2044.3	-126.1	-6.2	-29.0	164.6	4.60
2023-04-15	01	1918.2	-866.6	-45.2	-13.0	161.9	2.07
2023-04-15	02	311.2	-876.7	-281.7	-17.0	148.7	2.77
2023-04-15	03	164.9	-82.8	-50.2	-30.0	174.0	3.21
2023-04-15	04	145.6	-43.0	-29.5	-14.0	161.3	2.63
2023-04-15	05	78.9	-39.4	-49.9	-18.0	161.2	2.75
2023-04-15	06	66.8	+3.5	+5.3	-9.0	163.7	2.22
2023-04-15	07	86.0	+29.4	+34.2	-14.0	164.4	3.03
2023-04-15	08	125.6	+13.5	+10.8	-16.0	185.5	2.70
2023-04-15	09	113.1	-14.6	-12.9	-5.0	175.1	1.98
2023-04-15	10	96.3	-8.1	-8.4	-3.0	146.4	1.68
2023-04-15	11	96.9	+18.5	+19.0	-15.0	154.2	2.68
2023-04-15	12	133.2	+72.8	+54.6	-8.0	150.7	2.38
2023-04-15	13	242.5	+71.2	+29.4	24.0	176.1	2.94
2023-04-15	14	275.7	+124.7	+45.2	104.0	160.4	4.06
2023-04-15	15	492.0	+179.2	+36.4	169.0	189.3	5.36
2023-04-15	16	634.0	+703.0	+110.9	206.0	173.4	3.57
2023-04-15	17	1898.1	+919.9	+48.5	265.0	171.6	6.10
2023-04-15	18	2473.8	+10.2	+0.4	210.0	168.1	7.31
2023-04-15	19	1918.5	-987.4	-51.5	247.0	180.5	7.65
2023-04-15	20	498.9	-193.8	-38.8	220.0	194.8	6.43
2023-04-15	21	1530.9	+183.8	+12.0	190.0	217.6	7.04
2023-04-15	22	866.5	-213.1	-24.6	90.0	228.5	5.74
2023-04-15	23	1104.7	+238.2	+21.6	30.0	239.5	3.94
2023-04-19	00	798.9	-61.4	-7.7	-2.0	312.9	1.54
2023-04-19	01	737.5	-375.0	-50.9	-6.0	23.1	1.97
2023-04-19	02	48.9	-343.6	-703.4	-1.0	56.8	0.66
2023-04-19	03	50.2	-3.4	-6.7	-1.0	45.8	0.49
2023-04-19	04	42.1	-6.4	-15.2	-4.0	221.4	1.47
2023-04-19	05	37.4	-4.0	-10.7	-5.0	355.2	1.83
2023-04-19	06	34.2	+14.3	+41.7	-2.0	66.7	1.12
2023-04-19	07	65.9	+22.7	+34.5	-8.0	80.9	2.23
2023-04-19	08	79.7	+10.6	+13.4	-34.0	61.9	3.25
2023-04-19	09	87.2	+35.1	+40.3	-28.0	107.8	2.95
2023-04-19	10	149.9	+60.4	+40.3	-35.0	91.0	3.86
2023-04-19	11	207.9	+74.0	+35.6	-27.0	53.1	3.81
2023-04-19	12	297.9	+89.4	+30.0	-21.0	68.4	6.93
2023-04-19	13	386.8	+64.4	+16.7	-10.0	79.6	6.73
2023-04-19	14	426.8	+12.8	+3.0	-17.0	88.0	4.43
2023-04-19	15	412.4	+22.5	+5.4	-28.0	80.1	9.07
2023-04-19	16	471.7	+41.5	+8.8	110.0	86.2	8.70
2023-04-19	17	495.3	-42.6	-8.6	84.0	83.2	10.07
2023-04-19	18	386.6	-12.0	-3.1	210.0	78.6	8.33
2023-04-19	19	471.2	+41.2	+8.7	37.0	75.8	5.50
2023-04-19	20	468.9	-30.0	-6.4	50.0	62.2	6.36
2023-04-19	21	411.2	-28.6	-7.0	60.0	59.5	6.64
2023-04-19	22	411.7	+10.3	+2.5	100.0	48.2	7.04
2023-04-19	23	431.8	+20.1	+4.7	-10.0	62.2	6.83
2023-04-23	00	1673.9	-329.1	-19.7	-27.0	276.5	4.58
2023-04-23	01	1344.8	-575.0	-42.8	-24.0	282.9	4.16
2023-04-23	02	523.9	-234.9	-44.8	10.0	271.6	3.57
2023-04-23	03	875.0	+257.9	+29.5	-1.0	265.1	3.59
2023-04-23	04	1039.7	-243.8	-23.4	-26.0	281.6	3.84
2023-04-23	05	387.4	-325.2	-83.9	-31.0	280.4	4.06
2023-04-23	06	389.3	+38.3	+9.8	-35.0	284.7	4.44
2023-04-23	07	464.1	-30.9	-6.7	-27.0	294.5	3.99
2023-04-23	08	327.6	-106.4	-32.5	-27.0	291.1	3.90
2023-04-23	09	251.2	+80.9	+32.2	-22.0	290.0	3.30
2023-04-23	10	489.4	+481.0	+98.3	-16.0	287.7	2.67
2023-04-23	11	1213.3	+359.9	+29.7	-13.0	283.9	2.44
2023-04-23	12	1209.1	-13.2	-1.1	-9.0	286.8	3.47
2023-04-23	13	1186.8	+23.3	+2.0	18.0	296.6	4.10
2023-04-23	14	1255.7	+45.8	+3.7	57.0	302.4	3.71
2023-04-23	15	1278.5	+93.2	+7.3	101.0	299.7	3.35
2023-04-23	16	1442.0	+60.2	+4.2	91.0	279.5	3.91
2023-04-23	17	1398.8	-28.3	-2.0	59.0	287.0	3.99
2023-04-23	18	1385.5	+155.3	+11.2	120.0	274.0	3.56
2023-04-23	19	1709.4	+226.0	+13.2	50.0	293.8	3.49
2023-04-23	20	1837.4	+2.6	+0.1	70.0	293.8	2.16
2023-04-23	21	1714.5	+28.9	+1.7	100.0	277.8	3.19
2023-04-23	22	1895.1	+91.1	+4.8	53.0	292.8	3.87
2023-04-23	23	1896.6	+1.5	+0.1	10.0	287.5	2.74
2023-04-27	00	1534.1	-61.0	-4.0	-1.0	74.6	0.93
2023-04-27	01	1473.0	-723.5	-49.1	-3.0	69.1	1.35
2023-04-27	02	87.1	-591.4	-679.4	-17.0	81.3	2.52
2023-04-27	03	290.2	+23.1	+8.0	-36.0	138.2	3.83
2023-04-27	04	133.2	-35.6	-26.7	-22.0	135.5	3.03
2023-04-27	05	219.0	+7.5	+3.4	-27.0	154.7	3.86
2023-04-27	06	148.2	-32.4	-21.9	-19.0	152.0	2.85
2023-04-27	07	154.1	+1.5	+1.0	-19.0	159.1	3.48
2023-04-27	08	151.2	-7.4	-4.9	-25.0	156.5	3.48
2023-04-27	09	139.3	-1.2	-0.9	-27.0	166.8	3.73
2023-04-27	10	148.8	+7.1	+4.8	-38.0	170.0	4.52
2023-04-27	11	153.5	+26.5	+17.3	-39.0	181.7	4.77
2023-04-27	12	201.8	+94.8	+47.0	-21.0	172.8	5.47
2023-04-27	13	343.1	+76.9	+22.4	23.0	177.7	4.86
2023-04-27	14	355.6	+51.2	+14.4	80.0	171.6	5.10
2023-04-27	15	445.5	+119.6	+26.8	133.0	178.1	5.95
2023-04-27	16	594.8	+173.4	+29.1	258.0	181.3	7.16
2023-04-27	17	792.2	+141.0	+17.8	283.0	185.9	6.52
2023-04-27	18	876.7	+113.6	+13.0	310.0	196.1	5.23
2023-04-27	19	1019.5	+172.4	+16.9	270.0	199.7	3.95
2023-04-27	20	1221.5	+195.7	+16.0	250.0	184.3	3.97
2023-04-27	21	1410.9	+155.6	+11.0	187.0	159.1	3.62
2023-04-27	22	1532.6	+1.3	+0.1	117.0	156.5	4.86
2023-04-27	23	1413.5	-119.1	-8.4	40.0	153.7	4.01
2023-05-01	00	927.6	+86.0	+9.3	-18.0	309.7	7.15
2023-05-01	01	1013.6	+63.0	+6.2	-51.0	309.4	6.99
2023-05-01	02	1053.5	-89.7	-8.5	-41.0	315.9	6.33
2023-05-01	03	834.2	-130.1	-15.6	-43.0	315.5	7.13
2023-05-01	04	793.4	+34.5	+4.4	-28.0	315.1	6.62
2023-05-01	05	903.3	-12.4	-1.4	-37.0	317.1	7.15
2023-05-01	06	768.5	-89.9	-11.7	-16.0	311.2	6.88
2023-05-01	07	723.4	-25.2	-3.5	-37.0	306.5	6.40
2023-05-01	08	718.1	+22.7	+3.2	-17.0	302.8	6.37
2023-05-01	09	768.9	+44.6	+5.8	-21.0	290.8	6.45
2023-05-01	10	807.4	+19.1	+2.4	-31.0	293.1	6.84
2023-05-01	11	807.0	+94.6	+11.7	-43.0	303.7	8.96
2023-05-01	12	996.7	+51.9	+5.2	-36.0	303.0	8.80
2023-05-01	13	910.9	-96.7	-10.6	-27.0	306.2	9.64
2023-05-01	14	803.2	-94.5	-11.8	41.0	310.6	10.24
2023-05-01	15	721.9	-23.3	-3.2	92.0	309.3	8.31
2023-05-01	16	756.5	-60.2	-8.0	61.0	309.9	8.14
2023-05-01	17	601.5	+164.2	+27.3	90.0	300.5	7.67
2023-05-01	18	1084.8	+305.8	+28.2	75.0	305.2	8.11
2023-05-01	19	1213.1	+5.9	+0.5	22.0	309.5	9.92
2023-05-01	20	1096.6	+21.5	+2.0	-20.0	305.7	9.43
2023-05-01	21	1256.1	+72.0	+5.7	-30.0	305.1	10.23
2023-05-01	22	1240.6	+8.0	+0.6	10.0	306.6	9.27
2023-05-01	23	1272.1	+31.5	+2.5	-60.0	310.0	9.02
2023-05-05	00	2822.4	-1249.0	-44.3	-42.0	181.4	4.99
2023-05-05	01	1573.4	-1304.5	-82.9	-58.0	180.3	5.01
2023-05-05	02	213.3	-625.6	-293.3	-56.0	185.8	5.22
2023-05-05	03	322.1	+55.8	+17.3	-78.0	193.1	5.58
2023-05-05	04	325.0	-34.2	-10.5	-53.0	191.8	5.15
2023-05-05	05	253.8	-32.8	-12.9	-53.0	185.4	4.32
2023-05-05	06	259.3	-20.6	-7.9	-79.0	180.0	6.00
2023-05-05	07	212.6	-13.7	-6.5	-72.0	179.5	5.06
2023-05-05	08	231.9	+17.0	+7.3	-37.0	176.3	3.73
2023-05-05	09	246.6	-43.0	-17.5	-14.0	169.8	2.78
2023-05-05	10	145.8	-39.9	-27.3	-21.0	174.0	2.85
2023-05-05	11	166.9	+17.0	+10.2	-19.0	175.6	3.39
2023-05-05	12	179.8	+90.4	+50.3	-7.0	166.4	3.21
2023-05-05	13	347.7	+123.9	+35.6	23.0	173.9	4.85
2023-05-05	14	427.7	+53.8	+12.6	97.0	160.4	4.64
2023-05-05	15	455.2	+158.8	+34.9	198.0	164.6	5.72
2023-05-05	16	745.3	+631.8	+84.8	246.0	175.7	5.95
2023-05-05	17	1718.8	+586.7	+34.1	293.0	181.6	5.76
2023-05-05	18	1918.8	+171.0	+8.9	300.0	183.9	5.53
2023-05-05	19	2060.9	+150.2	+7.3	303.0	179.3	6.81
2023-05-05	20	2219.3	+162.2	+7.3	256.0	175.4	7.38
2023-05-05	21	2385.3	+69.4	+2.9	156.0	177.8	6.22
2023-05-05	22	2358.0	-44.6	-1.9	93.0	177.9	7.17
2023-05-05	23	2296.2	-61.8	-2.7	-17.0	166.8	5.70
2023-05-09	00	392.0	-168.3	-42.9	0.0	44.1	2.14
2023-05-09	01	223.8	-92.4	-41.3	-4.0	35.2	1.93
2023-05-09	02	207.3	-53.3	-25.7	4.0	39.5	3.25
2023-05-09	03	117.2	-57.7	-49.2	8.0	88.0	1.29
2023-05-09	04	92.0	+50.4	+54.8	15.0	15.4	3.44
2023-05-09	05	218.0	+75.9	+34.8	14.0	29.2	2.43
2023-05-09	06	243.7	-40.6	-16.6	11.0	67.0	2.26
2023-05-09	07	136.9	-70.7	-51.7	5.0	133.3	1.09
2023-05-09	08	102.3	+4.2	+4.1	13.0	84.9	0.93
2023-05-09	09	145.4	+0.1	+0.0	4.0	93.6	0.47
2023-05-09	10	102.4	+66.0	+64.4	1.0	40.2	0.88
2023-05-09	11	277.3	-12.0	-4.3	2.0	36.2	1.39
2023-05-09	12	78.3	-3.8	-4.9	13.0	8.5	1.67
2023-05-09	13	269.7	+140.0	+51.9	15.0	332.5	2.30
2023-05-09	14	358.3	+79.6	+22.2	47.0	16.0	2.81
2023-05-09	15	428.9	+113.0	+26.3	32.0	344.8	2.01
2023-05-09	16	584.3	+99.9	+17.1	48.0	311.8	0.50
2023-05-09	17	628.8	+94.2	+15.0	50.0	7.1	0.68
2023-05-09	18	772.8	+98.5	+12.7	40.0	341.1	0.27
2023-05-09	19	825.7	+77.1	+9.3	100.0	271.1	0.79
2023-05-09	20	927.1	+93.0	+10.0	90.0	63.3	1.05
2023-05-09	21	1011.8	+70.1	+6.9	60.0	42.6	0.95
2023-05-09	22	1067.3	+62.7	+5.9	30.0	23.5	1.06
2023-05-09	23	1137.3	+69.9	+6.1	0.0	119.0	0.49
2023-05-13	00	408.2	-45.1	-11.1	-30.0	67.6	4.70
2023-05-13	01	363.1	-72.4	-19.9	-30.0	33.8	3.83
2023-05-13	02	263.5	-61.0	-23.2	1.0	76.0	3.61
2023-05-13	03	241.0	-25.6	-10.6	-6.0	44.2	3.58
2023-05-13	04	212.3	-48.3	-22.8	-22.0	62.3	3.16
2023-05-13	05	144.3	-23.3	-16.1	-10.0	42.3	2.22
2023-05-13	06	165.7	+1.7	+1.0	-23.0	37.5	3.46
2023-05-13	07	147.6	-4.1	-2.7	-28.0	47.5	3.45
2023-05-13	08	157.6	+16.1	+10.2	-28.0	41.9	3.56
2023-05-13	09	179.9	+45.2	+25.1	-14.0	57.7	2.72
2023-05-13	10	248.0	-11.4	-4.6	-19.0	47.7	3.52
2023-05-13	11	157.1	-27.5	-17.5	-22.0	61.9	2.94
2023-05-13	12	192.9	+21.2	+11.0	-23.0	32.0	4.18
2023-05-13	13	199.5	+91.4	+45.8	-20.0	32.7	4.39
2023-05-13	14	375.8	+76.5	+20.3	-20.0	46.1	3.14
2023-05-13	15	352.4	+56.5	+16.0	30.0	56.0	4.12
2023-05-13	16	488.8	+59.1	+12.1	150.0	75.9	6.30
2023-05-13	17	470.6	-2.2	-0.5	190.0	69.1	5.10
2023-05-13	18	484.5	+73.8	+15.2	120.0	54.4	4.50
2023-05-13	19	618.2	+93.3	+15.1	190.0	70.2	5.37
2023-05-13	20	671.0	+105.7	+15.8	140.0	74.2	5.93
2023-05-13	21	829.6	+48.4	+5.8	81.0	76.6	6.71
2023-05-13	22	767.8	-70.3	-9.2	117.0	76.3	5.90
2023-05-13	23	689.0	-78.8	-11.4	48.0	72.7	4.99
2023-05-17	00	2689.8	-2381.2	-88.5	-22.0	297.9	3.31
2023-05-17	01	308.5	-1216.5	-394.3	-32.0	90.4	6.14
2023-05-17	02	256.9	-31.0	-12.1	-16.0	82.2	4.37
2023-05-17	03	246.5	+16.9	+6.9	-22.0	68.6	4.84
2023-05-17	04	290.7	+34.4	+11.8	-22.0	68.4	4.00
2023-05-17	05	315.2	-2.5	-0.8	-31.0	46.9	4.19
2023-05-17	06	285.6	-20.7	-7.2	-36.0	44.1	4.70
2023-05-17	07	273.8	-16.3	-5.9	-31.0	47.0	5.30
2023-05-17	08	253.1	-11.4	-4.5	-30.0	36.4	4.61
2023-05-17	09	251.1	-17.1	-6.8	-30.0	37.9	4.66
2023-05-17	10	218.9	-17.7	-8.1	-19.0	30.4	4.03
2023-05-17	11	215.6	+43.0	+19.9	-14.0	22.5	3.33
2023-05-17	12	304.9	+54.8	+18.0	14.0	27.4	4.20
2023-05-17	13	325.2	+59.2	+18.2	62.0	43.9	4.64
2023-05-17	14	423.3	+77.7	+18.4	125.0	50.1	5.02
2023-05-17	15	480.6	+76.9	+16.0	190.0	41.1	4.66
2023-05-17	16	577.1	+77.5	+13.4	263.0	51.2	4.24
2023-05-17	17	635.7	+99.3	+15.6	330.0	63.7	3.84
2023-05-17	18	775.7	+127.2	+16.4	380.0	65.9	3.99
2023-05-17	19	890.1	+119.7	+13.4	320.0	59.8	2.56
2023-05-17	20	1015.0	+157.0	+15.5	290.0	52.8	2.95
2023-05-17	21	1204.1	+122.1	+10.1	230.0	65.2	3.58
2023-05-17	22	1259.3	-21.9	-1.7	110.0	87.6	3.07
2023-05-17	23	1160.3	-99.0	-8.5	40.0	90.7	3.20
2023-05-21	00	1831.2	-30.5	-1.7	-20.0	254.6	3.46
2023-05-21	01	1800.7	-865.3	-48.1	-19.0	223.1	2.60
2023-05-21	02	100.5	-845.0	-840.5	-12.0	206.1	2.29
2023-05-21	03	110.6	+7.8	+7.0	-14.0	241.7	2.53
2023-05-21	04	116.1	+2.1	+1.8	-29.0	255.9	3.13
2023-05-21	05	114.9	-19.7	-17.2	-13.0	270.7	2.49
2023-05-21	06	76.7	-19.6	-25.5	-14.0	283.4	2.43
2023-05-21	07	75.8	-11.3	-14.9	-12.0	300.5	2.33
2023-05-21	08	54.1	-17.5	-32.3	-4.0	269.1	1.79
2023-05-21	09	40.9	+1.7	+4.3	-4.0	252.3	1.71
2023-05-21	10	57.5	-7.7	-13.4	-3.0	265.4	1.57
2023-05-21	11	25.4	-5.8	-22.9	-2.0	261.3	1.37
2023-05-21	12	45.9	+20.2	+44.1	0.0	295.2	0.39
2023-05-21	13	65.9	+201.3	+305.3	5.0	247.9	1.04
2023-05-21	14	448.4	+647.1	+144.3	48.0	255.6	3.01
2023-05-21	15	1360.2	+571.2	+42.0	90.0	259.4	2.82
2023-05-21	16	1590.8	+132.8	+8.4	180.0	290.3	2.83
2023-05-21	17	1625.9	+66.8	+4.1	230.0	274.3	2.72
2023-05-21	18	1724.4	+117.1	+6.8	250.0	268.8	2.84
2023-05-21	19	1860.1	+119.9	+6.4	228.0	267.7	2.15
2023-05-21	20	1964.3	+54.5	+2.8	210.0	260.5	1.89
2023-05-21	21	1969.1	-10.7	-0.5	170.0	270.9	2.36
2023-05-21	22	1942.8	+21.3	+1.1	100.0	236.5	3.29
2023-05-21	23	2011.7	+68.9	+3.4	40.0	263.1	1.90
2023-05-25	00	695.9	-86.0	-12.4	20.0	38.4	6.60
2023-05-25	01	609.8	-111.2	-18.2	-36.0	52.6	4.68
2023-05-25	02	473.5	-173.5	-36.6	-31.0	46.5	4.77
2023-05-25	03	262.9	-92.2	-35.1	-24.0	42.8	4.66
2023-05-25	04	289.1	+5.5	+1.9	-26.0	49.6	4.60
2023-05-25	05	273.9	-18.5	-6.8	-14.0	21.3	3.67
2023-05-25	06	252.1	+13.9	+5.5	-25.0	43.0	4.07
2023-05-25	07	301.8	+51.5	+17.1	-24.0	66.5	3.69
2023-05-25	08	355.1	+3.9	+1.1	-33.0	79.5	4.07
2023-05-25	09	309.6	-37.6	-12.2	-35.0	74.8	3.79
2023-05-25	10	279.9	-24.6	-8.8	-13.0	70.7	4.75
2023-05-25	11	260.3	+32.5	+12.5	-16.0	92.3	5.23
2023-05-25	12	345.0	+83.4	+24.2	35.0	95.0	4.90
2023-05-25	13	427.1	+68.1	+15.9	114.0	75.0	5.32
2023-05-25	14	481.2	+86.1	+17.9	184.0	79.5	4.98
2023-05-25	15	599.2	+77.4	+12.9	254.0	76.8	4.96
2023-05-25	16	636.0	+91.1	+14.3	268.0	73.2	4.00
2023-05-25	17	781.5	+158.6	+20.3	302.0	54.1	3.94
2023-05-25	18	953.3	+94.3	+9.9	310.0	58.3	4.29
2023-05-25	19	970.1	+19.2	+2.0	333.0	57.8	4.71
2023-05-25	20	991.7	+32.9	+3.3	275.0	64.8	4.45
2023-05-25	21	1035.9	+25.6	+2.5	240.0	71.1	5.08
2023-05-25	22	1042.9	-34.0	-3.3	157.0	68.9	5.07
2023-05-25	23	967.9	-75.1	-7.8	76.0	71.3	5.29
2023-05-29	00	1903.5	-560.7	-29.5	-20.0	88.8	3.88
2023-05-29	01	1342.8	-884.3	-65.9	-40.0	102.8	3.47
2023-05-29	02	134.9	-635.0	-470.6	-10.0	130.8	2.10
2023-05-29	03	72.9	-18.0	-24.7	-6.0	175.7	1.70
2023-05-29	04	98.9	-13.0	-13.1	-2.0	197.9	0.90
2023-05-29	05	47.0	-24.5	-52.2	-2.0	67.9	1.34
2023-05-29	06	49.9	-3.7	-7.4	-3.0	57.5	1.56
2023-05-29	07	39.7	-4.6	-11.6	-1.0	157.1	0.47
2023-05-29	08	40.7	+2.1	+5.2	-1.0	74.7	0.53
2023-05-29	09	43.9	-5.8	-13.3	-3.0	148.1	1.16
2023-05-29	10	29.1	-8.4	-28.7	-1.0	153.9	0.45
2023-05-29	11	27.2	-4.1	-15.1	-7.0	106.3	2.04
2023-05-29	12	20.9	+37.6	+179.9	-5.0	261.3	0.55
2023-05-29	13	102.3	+123.6	+120.8	53.0	93.0	0.60
2023-05-29	14	268.1	+379.3	+141.5	153.0	98.3	2.38
2023-05-29	15	860.8	+599.6	+69.7	175.0	113.8	2.55
2023-05-29	16	1467.3	+430.9	+29.4	210.0	152.2	2.11
2023-05-29	17	1722.7	+266.2	+15.5	227.0	146.2	2.89
2023-05-29	18	1999.7	+132.8	+6.6	230.0	136.3	2.76
2023-05-29	19	1988.4	+81.4	+4.1	230.0	161.6	3.25
2023-05-29	20	2162.5	+128.7	+6.0	180.0	136.9	2.60
2023-05-29	21	2245.7	+79.0	+3.5	180.0	168.3	3.65
2023-05-29	22	2320.5	+38.9	+1.7	98.0	191.7	2.12
2023-05-29	23	2323.5	+3.0	+0.1	20.0	194.6	2.15
2023-06-02	00	815.4	-486.2	-59.6	79.0	143.2	4.06
2023-06-02	01	329.2	-379.9	-115.4	28.0	163.0	2.61
2023-06-02	02	55.5	-139.3	-250.8	2.0	266.9	1.31
2023-06-02	03	50.7	-0.5	-0.9	-12.0	312.6	2.14
2023-06-02	04	54.6	+9.4	+17.2	0.0	36.9	0.51
2023-06-02	05	69.5	+5.8	+8.3	-1.0	129.3	0.75
2023-06-02	06	66.2	-21.7	-32.9	-1.0	243.7	0.64
2023-06-02	07	26.0	-7.3	-28.2	-6.0	347.3	1.87
2023-06-02	08	51.5	+13.2	+25.6	0.0	53.0	0.20
2023-06-02	09	52.4	-5.5	-10.4	-1.0	50.8	0.66
2023-06-02	10	40.6	-6.1	-15.1	-2.0	97.5	1.38
2023-06-02	11	40.2	+52.1	+129.6	0.0	51.3	0.94
2023-06-02	12	144.8	+88.3	+61.0	16.0	92.9	1.29
2023-06-02	13	216.8	+110.5	+50.9	62.0	149.4	0.79
2023-06-02	14	365.7	+170.7	+46.7	116.0	140.3	1.45
2023-06-02	15	558.3	+335.6	+60.1	176.0	35.7	1.52
2023-06-02	16	1036.9	+498.1	+48.0	100.0	91.6	0.40
2023-06-02	17	1554.5	+585.5	+37.7	210.0	74.9	1.18
2023-06-02	18	2207.9	+431.8	+19.6	220.0	112.1	1.43
2023-06-02	19	2418.1	-85.9	-3.6	130.0	98.4	2.42
2023-06-02	20	2036.0	-5.6	-0.3	40.0	120.6	2.27
2023-06-02	21	2407.0	+317.2	+13.2	80.0	245.5	1.40
2023-06-02	22	2670.3	+24.5	+0.9	100.0	72.5	3.90
2023-06-02	23	2456.0	-214.4	-8.7	40.0	66.1	4.49
2023-06-06	00	1956.9	-235.9	-12.1	-5.0	0.1	2.58
2023-06-06	01	1721.0	-943.8	-54.8	-16.0	15.4	2.29
2023-06-06	02	69.3	-809.4	-1168.2	-3.0	4.9	1.72
2023-06-06	03	102.2	+25.6	+25.0	-4.0	69.5	1.54
2023-06-06	04	120.5	-26.6	-22.1	-9.0	325.4	2.25
2023-06-06	05	49.0	-19.3	-39.5	-28.0	90.5	3.09
2023-06-06	06	81.8	+2.3	+2.8	-7.0	99.2	2.00
2023-06-06	07	53.6	-9.5	-17.8	-1.0	134.7	1.16
2023-06-06	08	62.8	-0.6	-1.0	-1.0	120.2	0.84
2023-06-06	09	52.4	+2.9	+5.5	-2.0	262.9	0.82
2023-06-06	10	68.5	+16.0	+23.3	-1.0	84.6	0.53
2023-06-06	11	84.3	+13.9	+16.4	-1.0	132.5	0.95
2023-06-06	12	96.2	+123.1	+128.0	22.0	221.6	0.83
2023-06-06	13	330.6	+168.8	+51.0	76.0	85.1	2.61
2023-06-06	14	433.7	+83.9	+19.4	148.0	59.7	3.02
2023-06-06	15	498.4	+12.4	+2.5	218.0	54.4	3.65
2023-06-06	16	458.6	-49.4	-10.8	226.0	60.1	2.31
2023-06-06	17	399.7	+8.4	+2.1	297.0	67.0	2.94
2023-06-06	18	475.4	+182.3	+38.3	299.0	8.9	1.96
2023-06-06	19	764.3	+298.4	+39.0	230.0	14.1	0.98
2023-06-06	20	1072.3	+159.5	+14.9	240.0	25.4	2.66
2023-06-06	21	1083.4	-95.1	-8.8	80.0	40.7	2.16
2023-06-06	22	882.1	-51.2	-5.8	90.0	45.1	1.93
2023-06-06	23	981.0	+98.8	+10.1	40.0	35.5	3.37
2023-06-10	00	2033.1	-31.4	-1.5	15.0	246.5	3.31
2023-06-10	01	2001.7	-938.2	-46.9	-6.0	220.9	1.87
2023-06-10	02	156.7	-987.9	-630.4	-2.0	197.7	0.96
2023-06-10	03	25.8	-66.2	-256.4	-16.0	219.4	2.68
2023-06-10	04	24.3	+12.7	+52.4	-28.0	276.2	3.46
2023-06-10	05	51.3	+27.0	+52.6	-23.0	280.6	2.97
2023-06-10	06	78.3	+134.9	+172.3	-12.0	266.7	2.55
2023-06-10	07	321.0	+14.2	+4.4	-16.0	232.7	2.59
2023-06-10	08	106.6	-89.0	-83.4	-11.0	234.1	2.14
2023-06-10	09	143.1	+21.4	+14.9	-44.0	239.9	3.90
2023-06-10	10	149.3	-11.9	-8.0	-23.0	244.2	3.01
2023-06-10	11	119.3	-6.9	-5.8	-16.0	236.4	2.71
2023-06-10	12	135.4	+94.7	+69.9	8.0	231.5	3.13
2023-06-10	13	308.6	+183.3	+59.4	49.0	246.6	2.92
2023-06-10	14	502.0	+286.3	+57.0	145.0	252.4	3.45
2023-06-10	15	881.2	+703.3	+79.8	197.0	261.0	3.49
2023-06-10	16	1908.7	+725.1	+38.0	214.0	293.5	2.64
2023-06-10	17	2331.5	+191.7	+8.2	280.0	261.5	2.99
2023-06-10	18	2292.1	-0.2	-0.0	260.0	252.0	2.48
2023-06-10	19	2331.1	+63.7	+2.7	210.0	222.6	2.06
2023-06-10	20	2419.4	+7.3	+0.3	220.0	153.5	3.50
2023-06-10	21	2345.8	-470.5	-20.1	210.0	176.9	6.26
2023-06-10	22	1478.3	-540.3	-36.5	90.0	207.0	4.95
2023-06-10	23	1265.2	-213.1	-16.8	20.0	184.5	5.87
2023-06-14	00	449.0	-74.7	-16.6	-30.0	303.3	4.08
2023-06-14	01	374.3	-47.7	-12.7	-26.0	277.2	4.11
2023-06-14	02	353.6	-22.9	-6.5	-46.0	290.7	4.70
2023-06-14	03	328.6	-4.2	-1.3	-18.0	306.9	2.42
2023-06-14	04	345.2	-98.3	-28.5	-16.0	330.5	2.47
2023-06-14	05	131.9	-121.3	-92.0	-11.0	303.9	2.18
2023-06-14	06	102.6	-11.0	-10.8	-3.0	327.6	1.58
2023-06-14	07	109.8	-0.2	-0.2	-4.0	317.7	1.69
2023-06-14	08	102.1	-19.4	-19.0	-2.0	11.6	1.42
2023-06-14	09	71.0	-27.5	-38.8	-2.0	343.1	1.39
2023-06-14	10	47.0	-16.7	-35.6	-1.0	312.9	1.08
2023-06-14	11	37.5	+5.6	+15.0	0.0	211.9	0.73
2023-06-14	12	58.3	+115.2	+197.7	9.0	354.4	0.74
2023-06-14	13	268.0	+153.3	+57.2	54.0	43.8	1.31
2023-06-14	14	364.8	+152.6	+41.8	102.0	33.2	1.31
2023-06-14	15	573.2	+187.2	+32.7	128.0	322.7	1.02
2023-06-14	16	739.2	+287.5	+38.9	181.0	339.8	1.95
2023-06-14	17	1148.3	+312.1	+27.2	196.0	4.7	1.69
2023-06-14	18	1363.4	+89.2	+6.5	240.0	15.8	2.62
2023-06-14	19	1326.8	+170.6	+12.9	229.0	42.6	1.87
2023-06-14	20	1704.6	+362.3	+21.3	160.0	8.5	1.47
2023-06-14	21	2051.3	+271.0	+13.2	142.0	26.6	1.52
2023-06-14	22	2246.6	+13.3	+0.6	60.0	34.9	1.87
2023-06-14	23	2077.9	-168.7	-8.1	28.0	44.3	2.83
2023-06-18	00	1745.8	+113.4	+6.5	0.0	154.0	2.46
2023-06-18	01	1859.2	-825.5	-44.4	-26.0	128.9	2.25
2023-06-18	02	94.8	-885.5	-934.3	-10.0	136.5	2.26
2023-06-18	03	88.3	-11.3	-12.9	-3.0	135.4	1.45
2023-06-18	04	72.1	-12.2	-16.9	-10.0	169.2	1.89
2023-06-18	05	63.8	-3.3	-5.2	-4.0	135.0	1.74
2023-06-18	06	65.5	+10.7	+16.3	-2.0	140.5	1.66
2023-06-18	07	85.2	+38.8	+45.5	-15.0	145.7	2.31
2023-06-18	08	143.1	+28.2	+19.7	-6.0	128.9	2.04
2023-06-18	09	141.6	+3.9	+2.8	-6.0	121.4	1.84
2023-06-18	10	150.9	-11.0	-7.3	-5.0	136.9	1.78
2023-06-18	11	119.5	+31.0	+26.0	-10.0	144.3	2.41
2023-06-18	12	213.0	+77.9	+36.6	21.0	153.9	3.07
2023-06-18	13	275.3	+92.5	+33.6	54.0	148.5	3.18
2023-06-18	14	398.0	+306.3	+77.0	122.0	148.7	4.08
2023-06-18	15	888.0	+419.8	+47.3	171.0	145.3	4.14
2023-06-18	16	1237.6	+298.2	+24.1	147.0	143.9	4.50
2023-06-18	17	1484.4	+137.8	+9.3	277.0	152.7	5.70
2023-06-18	18	1513.2	+58.4	+3.9	270.0	152.4	5.14
2023-06-18	19	1601.1	+126.7	+7.9	320.0	142.3	5.69
2023-06-18	20	1766.5	+82.0	+4.6	240.0	141.0	6.10
2023-06-18	21	1765.1	+21.5	+1.2	216.0	155.7	5.78
2023-06-18	22	1809.6	-24.3	-1.3	141.0	151.8	5.08
2023-06-18	23	1716.4	-93.2	-5.4	60.0	144.8	4.52
2023-06-22	00	1879.9	-320.5	-17.0	10.0	81.7	5.32
2023-06-22	01	1559.4	-479.5	-30.7	-30.0	77.0	3.60
2023-06-22	02	921.0	-699.4	-75.9	-18.0	70.3	2.79
2023-06-22	03	160.7	-391.3	-243.4	-15.0	71.9	2.71
2023-06-22	04	138.5	+0.6	+0.4	-8.0	76.6	2.77
2023-06-22	05	161.9	-19.4	-12.0	-16.0	81.1	2.51
2023-06-22	06	99.7	-21.6	-21.7	-14.0	74.1	2.42
2023-06-22	07	118.8	-12.1	-10.2	-2.0	72.0	1.06
2023-06-22	08	75.5	-22.8	-30.2	-4.0	337.2	1.85
2023-06-22	09	73.1	-20.6	-28.2	-2.0	1.7	1.32
2023-06-22	10	34.2	-23.7	-69.3	-1.0	341.7	1.00
2023-06-22	11	25.7	+45.4	+176.7	-3.0	2.1	1.38
2023-06-22	12	125.1	+118.7	+94.9	18.0	44.5	0.67
2023-06-22	13	263.2	+164.7	+62.6	67.0	45.6	1.97
2023-06-22	14	454.6	+325.6	+71.6	133.0	109.1	1.80
2023-06-22	15	914.3	+762.1	+83.3	197.0	42.6	2.00
2023-06-22	16	1978.7	+651.4	+32.9	258.0	32.5	3.55
2023-06-22	17	2217.2	+150.1	+6.8	270.0	42.3	3.67
2023-06-22	18	2278.8	+109.2	+4.8	280.0	42.2	4.00
2023-06-22	19	2435.6	+16.7	+0.7	270.0	58.6	3.46
2023-06-22	20	2312.3	-40.4	-1.7	230.0	51.7	2.38
2023-06-22	21	2354.8	+24.3	+1.0	177.0	34.2	5.91
2023-06-22	22	2361.0	-38.7	-1.6	180.0	41.1	4.05
2023-06-22	23	2277.5	-83.5	-3.7	110.0	43.5	5.25
2023-06-26	00	813.3	+230.9	+28.4	0.0	261.2	4.76
2023-06-26	01	1044.2	-24.6	-2.4	-30.0	266.5	4.38
2023-06-26	02	764.1	-224.5	-29.4	-18.0	276.3	3.46
2023-06-26	03	595.2	-136.8	-23.0	-12.0	262.5	3.53
2023-06-26	04	490.5	-63.6	-13.0	-10.0	281.8	3.95
2023-06-26	05	468.1	+69.7	+14.9	-5.0	276.0	4.10
2023-06-26	06	629.8	+57.4	+9.1	-9.0	297.7	4.97
2023-06-26	07	583.0	+15.3	+2.6	-16.0	302.2	4.58
2023-06-26	08	660.4	-81.7	-12.4	-4.0	298.4	4.01
2023-06-26	09	419.5	-65.9	-15.7	14.0	287.8	4.01
2023-06-26	10	528.6	+39.5	+7.5	3.0	299.8	4.87
2023-06-26	11	498.6	+61.7	+12.4	0.0	293.4	5.20
2023-06-26	12	652.0	+77.0	+11.8	0.0	304.7	5.89
2023-06-26	13	652.6	+2.9	+0.4	45.0	304.1	6.46
2023-06-26	14	657.7	+38.3	+5.8	77.0	304.3	6.09
2023-06-26	15	729.3	+44.6	+6.1	75.0	311.6	5.98
2023-06-26	16	746.8	+41.1	+5.5	186.0	305.9	6.45
2023-06-26	17	811.5	+56.8	+7.0	160.0	320.5	6.51
2023-06-26	18	860.5	+169.3	+19.7	90.0	310.0	5.68
2023-06-26	19	1150.2	+91.3	+7.9	50.0	318.6	6.47
2023-06-26	20	1043.2	+44.2	+4.2	140.0	316.6	6.37
2023-06-26	21	1238.7	+37.4	+3.0	130.0	316.9	5.80
2023-06-26	22	1117.9	-3.3	-0.3	100.0	310.2	6.23
2023-06-26	23	1232.1	+114.2	+9.3	40.0	315.2	6.32
2023-06-30	00	1205.5	+97.3	+8.1	1.0	252.5	1.31
2023-06-30	01	1302.7	-302.4	-23.2	-5.0	238.9	2.04
2023-06-30	02	600.6	-581.8	-96.9	-4.0	254.6	1.76
2023-06-30	03	139.2	-279.3	-200.7	-16.0	283.3	3.43
2023-06-30	04	41.9	-45.6	-108.9	-5.0	242.7	1.40
2023-06-30	05	47.9	+3.5	+7.2	-1.0	61.3	0.75
2023-06-30	06	48.8	-0.4	-0.7	-1.0	264.6	1.20
2023-06-30	07	47.2	-2.9	-6.2	-2.0	355.2	1.15
2023-06-30	08	43.0	-9.3	-21.7	-3.0	275.8	1.53
2023-06-30	09	28.6	-2.6	-9.0	-3.0	298.7	1.78
2023-06-30	10	37.9	+6.0	+15.9	-1.0	279.2	1.15
2023-06-30	11	40.6	+37.7	+93.0	0.0	230.2	0.43
2023-06-30	12	113.4	+102.1	+90.0	19.0	319.4	1.63
2023-06-30	13	244.7	+138.0	+56.4	65.0	333.4	2.29
2023-06-30	14	389.4	+331.6	+85.1	114.0	323.9	2.01
2023-06-30	15	907.9	+575.2	+63.4	156.0	8.0	0.83
2023-06-30	16	1539.8	+479.7	+31.2	231.0	246.2	2.36
2023-06-30	17	1867.3	+82.7	+4.4	229.0	227.5	3.38
2023-06-30	18	1705.2	-76.2	-4.5	154.0	204.6	3.88
2023-06-30	19	1714.9	+6.1	+0.4	194.0	170.7	3.24
2023-06-30	20	1717.4	-620.7	-36.1	250.0	207.6	5.74
2023-06-30	21	473.6	-210.5	-44.5	70.0	201.8	3.32
2023-06-30	22	1296.3	+569.1	+43.9	130.0	213.9	2.74
2023-06-30	23	1611.8	+315.5	+19.6	-10.0	201.6	3.62
2023-07-04	00	2320.1	-257.0	-11.1	0.0	139.3	1.27
2023-07-04	01	2063.0	-1050.1	-50.9	-40.0	193.6	2.34
2023-07-04	02	219.9	-1003.3	-456.2	-15.0	167.9	2.77
2023-07-04	03	56.5	-60.6	-107.2	2.0	198.6	2.03
2023-07-04	04	98.7	+80.3	+81.3	-24.0	258.7	3.01
2023-07-04	05	217.1	+126.5	+58.3	-22.0	359.2	2.34
2023-07-04	06	351.7	-18.5	-5.3	23.0	266.3	4.10
2023-07-04	07	180.1	-141.4	-78.5	-17.0	317.2	3.04
2023-07-04	08	69.0	-41.8	-60.6	-1.0	273.1	1.19
2023-07-04	09	96.6	+0.5	+0.5	-13.0	251.5	2.35
2023-07-04	10	69.9	+10.4	+14.9	-6.0	188.5	3.61
2023-07-04	11	117.4	+117.4	+100.0	14.0	173.1	2.47
2023-07-04	12	304.7	+159.5	+52.4	1.0	218.7	1.24
2023-07-04	13	436.5	+106.2	+24.3	71.0	308.1	3.00
2023-07-04	14	517.2	+113.5	+21.9	164.0	241.4	1.73
2023-07-04	15	663.5	+164.9	+24.8	231.0	195.2	1.74
2023-07-04	16	846.9	+543.4	+64.2	272.0	173.0	2.01
2023-07-04	17	1750.3	+546.8	+31.2	271.0	221.8	2.64
2023-07-04	18	1940.5	+164.5	+8.5	230.0	220.1	3.47
2023-07-04	19	2079.4	+24.5	+1.2	250.0	203.6	5.16
2023-07-04	20	1989.5	-30.1	-1.5	240.0	193.9	4.80
2023-07-04	21	2019.2	+14.3	+0.7	190.0	211.3	2.77
2023-07-04	22	2018.2	+153.3	+7.6	80.0	195.7	3.70
2023-07-04	23	2325.9	+307.7	+13.2	50.0	213.7	3.31
2023-07-08	00	477.7	-29.2	-6.1	40.0	242.2	6.12
2023-07-08	01	448.5	-143.2	-31.9	8.0	240.6	3.44
2023-07-08	02	191.2	-197.7	-103.4	-5.0	258.0	2.27
2023-07-08	03	53.1	-14.8	-27.9	-1.0	229.2	0.93
2023-07-08	04	161.6	+33.3	+20.6	-1.0	166.6	1.02
2023-07-08	05	119.7	+39.8	+33.2	-1.0	290.1	1.21
2023-07-08	06	241.2	+40.4	+16.7	-5.0	115.0	1.69
2023-07-08	07	200.5	-55.9	-27.9	-10.0	268.9	2.93
2023-07-08	08	129.4	-1.2	-0.9	-6.0	353.9	2.01
2023-07-08	09	198.1	+38.1	+19.2	-11.0	47.3	2.56
2023-07-08	10	205.6	-1.8	-0.9	-1.0	95.6	1.72
2023-07-08	11	194.5	+94.2	+48.5	0.0	193.2	0.70
2023-07-08	12	394.1	+155.9	+39.6	27.0	107.2	2.75
2023-07-08	13	506.4	+192.8	+38.1	68.0	160.2	1.84
2023-07-08	14	779.7	+268.1	+34.4	114.0	23.1	1.15
2023-07-08	15	1042.5	+193.5	+18.6	144.0	37.3	1.17
2023-07-08	16	1166.7	+169.8	+14.6	157.0	318.8	1.63
2023-07-08	17	1382.2	+211.0	+15.3	238.0	337.7	2.75
2023-07-08	18	1588.6	+182.8	+11.5	252.0	0.6	3.03
2023-07-08	19	1747.9	+292.7	+16.7	210.0	355.1	2.76
2023-07-08	20	2174.1	+242.7	+11.2	220.0	327.1	2.69
2023-07-08	21	2233.4	+159.7	+7.2	199.0	319.7	3.61
2023-07-08	22	2493.6	+120.8	+4.8	120.0	343.0	2.94
2023-07-08	23	2474.9	-18.6	-0.8	60.0	8.2	2.40
2023-07-12	00	1235.2	-144.9	-11.7	1.0	327.8	2.34
2023-07-12	01	1090.3	-117.1	-10.7	-5.0	3.8	1.61
2023-07-12	02	1001.0	-389.9	-38.9	-16.0	22.3	2.67
2023-07-12	03	310.5	-424.2	-136.6	-8.0	48.5	1.81
2023-07-12	04	152.5	-74.7	-49.0	-11.0	84.7	2.24
2023-07-12	05	161.2	-19.6	-12.2	2.0	136.3	2.56
2023-07-12	06	113.2	+10.3	+9.1	4.0	133.5	1.89
2023-07-12	07	181.7	+36.7	+20.2	-5.0	128.1	2.92
2023-07-12	08	186.6	-3.8	-2.1	2.0	119.6	3.85
2023-07-12	09	174.1	+19.5	+11.2	-7.0	97.6	2.74
2023-07-12	10	225.6	+25.3	+11.2	-10.0	154.1	2.98
2023-07-12	11	224.6	+47.0	+20.9	-20.0	126.9	2.91
2023-07-12	12	319.5	+111.1	+34.8	32.0	110.2	3.87
2023-07-12	13	446.8	+129.1	+28.9	87.0	136.4	4.84
2023-07-12	14	577.7	+25.5	+4.4	60.0	131.9	5.42
2023-07-12	15	497.9	-46.4	-9.3	115.0	116.1	4.30
2023-07-12	16	484.9	+8.4	+1.7	92.0	129.6	3.88
2023-07-12	17	514.8	-45.1	-8.8	103.0	99.9	3.34
2023-07-12	18	394.6	-121.2	-30.7	0.0	135.7	2.35
2023-07-12	19	272.4	+11.5	+4.2	50.0	88.2	6.32
2023-07-12	20	417.5	+65.9	+15.8	0.0	69.8	4.33
2023-07-12	21	404.3	-34.1	-8.4	30.0	46.4	4.30
2023-07-12	22	349.4	+0.3	+0.1	140.0	30.1	6.55
2023-07-12	23	404.8	+55.5	+13.7	10.0	23.0	5.87
2023-07-16	00	2002.3	-1875.1	-93.6	-8.0	254.6	2.14
2023-07-16	01	127.2	-895.8	-703.9	0.0	248.7	1.41
2023-07-16	02	210.8	+2.6	+1.2	-23.0	211.8	2.94
2023-07-16	03	132.5	-17.6	-13.3	-8.0	260.5	2.01
2023-07-16	04	175.6	-14.9	-8.5	-1.0	359.2	0.53
2023-07-16	05	102.6	-14.8	-14.5	-2.0	69.8	1.34
2023-07-16	06	145.9	+51.3	+35.2	-11.0	265.3	2.20
2023-07-16	07	205.3	-3.9	-1.9	-37.0	279.4	3.97
2023-07-16	08	138.2	-1.7	-1.2	-18.0	265.1	2.80
2023-07-16	09	201.9	+20.4	+10.1	-21.0	266.3	2.93
2023-07-16	10	179.0	-28.6	-16.0	-21.0	262.6	2.89
2023-07-16	11	144.6	-13.2	-9.1	-11.0	258.5	2.25
2023-07-16	12	152.7	+90.8	+59.5	-7.0	257.6	3.00
2023-07-16	13	326.2	+126.9	+38.9	16.0	275.6	2.91
2023-07-16	14	406.5	+182.9	+45.0	57.0	267.1	3.39
2023-07-16	15	692.0	+521.8	+75.4	89.0	277.7	3.23
2023-07-16	16	1450.1	+504.2	+34.8	82.0	297.0	4.77
2023-07-16	17	1700.4	+189.5	+11.1	120.0	282.8	5.25
2023-07-16	18	1829.0	+4.3	+0.2	120.0	271.8	4.98
2023-07-16	19	1709.1	+15.2	+0.9	120.0	268.1	5.84
2023-07-16	20	1859.5	+97.6	+5.2	90.0	261.2	5.45
2023-07-16	21	1904.2	+87.8	+4.6	80.0	258.6	4.95
2023-07-16	22	2035.0	+77.1	+3.8	40.0	249.5	4.62
2023-07-16	23	2058.3	+23.3	+1.1	-10.0	250.3	5.30
2023-07-20	00	1142.8	-63.3	-5.5	0.0	202.1	3.36
2023-07-20	01	1079.4	-316.2	-29.3	-10.0	189.2	2.46
2023-07-20	02	510.4	-492.9	-96.6	-6.0	205.6	2.22
2023-07-20	03	93.7	-217.5	-232.1	-6.0	188.1	1.83
2023-07-20	04	75.4	-30.0	-39.8	-1.0	209.2	0.74
2023-07-20	05	33.7	-18.2	-54.1	-5.0	238.5	2.00
2023-07-20	06	38.9	+17.8	+45.7	-11.0	216.8	2.10
2023-07-20	07	69.3	+20.5	+29.6	-5.0	225.1	1.65
2023-07-20	08	79.9	-12.4	-15.5	-29.0	203.6	3.73
2023-07-20	09	44.5	+1.5	+3.3	-8.0	236.4	2.13
2023-07-20	10	82.8	+88.4	+106.8	-7.0	196.6	2.87
2023-07-20	11	221.4	+86.1	+38.9	-10.0	213.3	3.38
2023-07-20	12	255.1	+72.8	+28.5	2.0	231.2	3.09
2023-07-20	13	367.0	+152.4	+41.5	35.0	239.6	4.79
2023-07-20	14	559.9	+637.3	+113.8	74.0	263.7	4.42
2023-07-20	15	1641.5	+512.1	+31.2	94.0	280.2	4.87
2023-07-20	16	1584.2	-18.0	-1.1	73.0	279.5	5.42
2023-07-20	17	1605.6	+152.4	+9.5	161.0	290.6	5.54
2023-07-20	18	1888.9	+23.6	+1.3	204.0	288.9	5.98
2023-07-20	19	1652.8	-139.1	-8.4	201.0	297.0	6.36
2023-07-20	20	1610.7	-35.8	-2.2	230.0	300.6	7.03
2023-07-20	21	1581.3	-19.6	-1.2	160.0	305.1	7.68
2023-07-20	22	1571.6	-76.7	-4.9	120.0	312.6	7.08
2023-07-20	23	1427.9	-143.7	-10.1	80.0	319.9	6.60
2023-07-24	00	1952.0	-342.9	-17.6	-10.0	282.7	2.25
2023-07-24	01	1609.1	-902.6	-56.1	-1.0	324.7	0.89
2023-07-24	02	146.9	-430.1	-292.9	-2.0	228.2	1.11
2023-07-24	03	749.0	-51.6	-6.9	0.0	206.9	1.65
2023-07-24	04	43.7	-362.6	-829.7	0.0	230.0	1.67
2023-07-24	05	23.7	-6.5	-27.5	-3.0	324.8	1.52
2023-07-24	06	30.6	+14.2	+46.4	-5.0	282.5	1.85
2023-07-24	07	52.1	+4.9	+9.3	-9.0	276.1	2.11
2023-07-24	08	40.4	-11.0	-27.4	-5.0	306.4	1.88
2023-07-24	09	30.1	-0.0	-0.0	-1.0	324.8	1.04
2023-07-24	10	40.3	+1.2	+3.0	-1.0	302.3	0.91
2023-07-24	11	32.5	-2.7	-8.4	0.0	281.8	0.12
2023-07-24	12	34.9	+28.6	+81.9	7.0	257.4	0.75
2023-07-24	13	89.6	+124.4	+138.8	39.0	342.2	0.94
2023-07-24	14	283.6	+257.7	+90.9	75.0	22.5	0.77
2023-07-24	15	605.1	+397.9	+65.8	113.0	33.7	1.30
2023-07-24	16	1079.5	+529.0	+49.0	127.0	26.0	1.03
2023-07-24	17	1663.1	+348.7	+21.0	124.0	2.5	0.79
2023-07-24	18	1776.8	+68.9	+3.9	155.0	17.8	1.24
2023-07-24	19	1801.0	+31.4	+1.7	120.0	308.3	0.77
2023-07-24	20	1839.7	+15.0	+0.8	40.0	258.1	0.16
2023-07-24	21	1831.0	+31.2	+1.7	130.0	65.2	1.06
2023-07-24	22	1902.0	-28.6	-1.5	75.6	163.1	0.97
2023-07-24	23	1773.9	-128.2	-7.2	30.0	123.8	0.88
2023-07-28	00	1247.7	-292.3	-23.4	-20.0	193.5	4.34
2023-07-28	01	955.4	-348.8	-36.5	-11.0	181.1	1.95
2023-07-28	02	550.1	-355.2	-64.6	-2.0	137.6	1.36
2023-07-28	03	245.0	-227.8	-93.0	-5.0	164.5	2.13
2023-07-28	04	94.5	-52.9	-56.0	-1.0	13.7	1.09
2023-07-28	05	139.3	+208.4	+149.6	0.0	222.6	0.60
2023-07-28	06	511.3	+113.6	+22.2	118.0	6.3	9.28
2023-07-28	07	366.4	-150.3	-41.0	16.0	39.3	7.50
2023-07-28	08	210.6	-36.0	-17.1	6.0	9.6	4.34
2023-07-28	09	294.4	+35.5	+12.0	2.0	344.5	0.96
2023-07-28	10	281.5	-63.7	-22.6	-2.0	103.9	2.60
2023-07-28	11	167.1	-22.8	-13.6	-6.0	181.9	2.53
2023-07-28	12	235.9	+94.4	+40.0	0.0	198.6	1.89
2023-07-28	13	355.9	+55.4	+15.6	23.0	192.7	3.20
2023-07-28	14	346.8	+11.7	+3.4	55.0	194.1	4.16
2023-07-28	15	379.2	+62.1	+16.4	74.0	181.5	3.42
2023-07-28	16	471.0	+207.8	+44.1	120.0	120.6	1.67
2023-07-28	17	794.8	+210.3	+26.5	136.0	152.7	1.14
2023-07-28	18	891.6	+86.5	+9.7	160.0	153.1	2.19
2023-07-28	19	967.7	+157.7	+16.3	150.0	124.5	2.06
2023-07-28	20	1206.9	+130.5	+10.8	140.0	118.9	1.91
2023-07-28	21	1228.7	+4.3	+0.3	70.0	22.9	0.52
2023-07-28	22	1215.5	-194.3	-16.0	60.0	86.0	1.96
2023-07-28	23	840.2	-375.3	-44.7	33.3	67.6	1.75
2023-08-01	00	1678.6	-441.5	-26.3	-5.0	48.7	1.82
2023-08-01	01	1237.1	-786.4	-63.6	-17.0	12.7	2.78
2023-08-01	02	105.7	-582.3	-550.9	-11.0	14.7	2.38
2023-08-01	03	72.5	-20.6	-28.4	-12.0	37.3	2.37
2023-08-01	04	64.5	-5.9	-9.1	-10.0	94.3	2.17
2023-08-01	05	60.7	+2.3	+3.9	-13.0	125.7	2.40
2023-08-01	06	69.2	-5.5	-7.9	-11.0	154.2	2.24
2023-08-01	07	49.7	-12.7	-25.5	-1.0	150.5	0.71
2023-08-01	08	43.9	-7.2	-16.3	-1.0	48.3	0.77
2023-08-01	09	35.4	-5.6	-15.8	-4.0	56.2	1.68
2023-08-01	10	32.7	+1.7	+5.3	0.0	279.5	0.25
2023-08-01	11	38.8	+2.9	+7.4	-1.0	142.9	0.59
2023-08-01	12	38.4	+28.9	+75.2	-1.0	146.2	0.97
2023-08-01	13	96.6	+111.0	+114.9	33.0	109.3	0.63
2023-08-01	14	260.4	+187.1	+71.8	43.0	179.5	0.43
2023-08-01	15	470.8	+329.9	+70.1	55.0	137.1	0.41
2023-08-01	16	920.2	+619.6	+67.3	118.0	153.2	1.05
2023-08-01	17	1710.0	+338.9	+19.8	112.0	180.2	1.55
2023-08-01	18	1598.0	-40.2	-2.5	110.0	215.9	3.15
2023-08-01	19	1629.7	-62.3	-3.8	71.0	211.1	3.76
2023-08-01	20	1473.4	+63.4	+4.3	60.0	205.8	1.88
2023-08-01	21	1756.5	+112.6	+6.4	60.0	182.7	3.18
2023-08-01	22	1698.7	-162.5	-9.6	30.0	205.5	4.47
2023-08-01	23	1431.5	-267.2	-18.7	-10.0	216.9	4.00
2023-08-05	00	1060.9	-81.3	-7.7	-20.0	92.2	3.45
2023-08-05	01	979.6	-363.0	-37.1	-20.0	103.3	3.09
2023-08-05	02	334.8	-371.9	-111.1	-20.0	95.6	3.15
2023-08-05	03	235.8	-113.2	-48.0	-13.0	110.7	2.43
2023-08-05	04	108.4	-28.8	-26.6	-6.0	123.0	1.81
2023-08-05	05	178.2	+39.6	+22.2	-12.0	79.1	2.45
2023-08-05	06	187.7	-14.2	-7.6	-17.0	66.7	2.98
2023-08-05	07	149.9	-41.1	-27.4	-16.0	54.1	3.15
2023-08-05	08	105.6	-21.2	-20.1	-8.0	54.1	1.94
2023-08-05	09	107.4	+24.0	+22.3	-11.0	55.3	2.21
2023-08-05	10	153.5	+28.8	+18.8	-19.0	40.9	3.00
2023-08-05	11	165.0	+38.8	+23.5	-17.0	49.9	3.29
2023-08-05	12	231.0	+76.2	+33.0	11.0	45.5	3.57
2023-08-05	13	317.5	+90.4	+28.5	45.0	49.3	3.28
2023-08-05	14	411.9	+154.7	+37.5	102.0	68.5	3.79
2023-08-05	15	626.8	+121.7	+19.4	140.0	61.0	3.91
2023-08-05	16	655.2	+238.6	+36.4	151.0	32.8	3.60
2023-08-05	17	1104.0	+251.2	+22.8	168.0	42.5	3.52
2023-08-05	18	1157.7	+151.3	+13.1	152.0	63.3	3.95
2023-08-05	19	1406.6	+277.9	+19.8	170.0	59.4	3.18
2023-08-05	20	1713.4	+151.6	+8.8	116.0	105.3	3.21
2023-08-05	21	1709.7	-67.3	-3.9	110.0	66.1	4.04
2023-08-05	22	1578.8	-176.7	-11.2	50.0	85.2	4.64
2023-08-05	23	1356.3	-222.4	-16.4	17.0	93.9	4.94
2023-08-09	00	2500.9	-339.8	-13.6	-20.0	224.4	2.61
2023-08-09	01	2161.1	-1223.3	-56.6	-3.0	217.9	1.65
2023-08-09	02	54.3	-1059.2	-1949.9	-21.0	221.8	3.21
2023-08-09	03	42.8	+33.3	+77.8	0.0	321.1	0.93
2023-08-09	04	120.9	+14.7	+12.1	-37.0	264.4	3.54
2023-08-09	05	72.2	-27.8	-38.5	-4.0	305.0	1.80
2023-08-09	06	65.2	-22.3	-34.1	0.0	286.1	0.90
2023-08-09	07	27.7	-8.5	-30.9	-1.0	232.7	1.21
2023-08-09	08	48.2	+9.0	+18.7	-1.0	236.4	0.96
2023-08-09	09	45.7	-12.1	-26.5	-2.0	249.5	1.38
2023-08-09	10	24.0	-10.0	-41.7	-2.0	258.0	1.45
2023-08-09	11	25.7	+10.3	+40.1	-2.0	240.5	1.43
2023-08-09	12	44.6	+51.4	+115.3	-1.0	258.6	1.39
2023-08-09	13	128.5	+117.2	+91.2	23.0	272.4	1.27
2023-08-09	14	278.9	+131.4	+47.1	82.0	232.0	1.81
2023-08-09	15	391.2	+216.3	+55.3	118.0	212.1	2.41
2023-08-09	16	711.6	+215.9	+30.3	158.0	204.2	2.78
2023-08-09	17	823.1	+289.0	+35.1	164.0	202.2	2.21
2023-08-09	18	1289.7	+479.6	+37.2	149.0	239.8	2.54
2023-08-09	19	1782.2	+78.4	+4.4	174.0	235.8	3.24
2023-08-09	20	1446.4	-86.6	-6.0	150.0	212.7	3.64
2023-08-09	21	1609.1	-93.0	-5.8	110.0	222.6	3.42
2023-08-09	22	1260.4	-112.1	-8.9	60.0	236.2	3.32
2023-08-09	23	1385.0	+124.6	+9.0	30.0	215.6	3.77
2023-08-13	00	2520.0	-281.9	-11.2	-45.0	284.6	4.54
2023-08-13	01	2238.1	-1182.5	-52.8	-35.0	255.6	3.62
2023-08-13	02	155.0	-1085.5	-700.4	-19.0	332.0	2.61
2023-08-13	03	67.1	-56.2	-83.7	-1.0	319.8	1.12
2023-08-13	04	42.5	-12.9	-30.2	-1.0	278.9	1.05
2023-08-13	05	41.4	+18.7	+45.2	-4.0	280.5	1.84
2023-08-13	06	80.0	+24.6	+30.8	-4.0	297.8	1.69
2023-08-13	07	90.7	-27.7	-30.5	-2.0	233.7	0.95
2023-08-13	08	24.7	-32.6	-132.0	-4.0	272.2	1.83
2023-08-13	09	25.4	-0.2	-0.9	-3.0	312.0	1.54
2023-08-13	10	24.3	+9.0	+37.1	-3.0	293.1	1.49
2023-08-13	11	43.4	+3.8	+8.8	-3.0	333.9	1.60
2023-08-13	12	31.9	+65.8	+206.3	-4.0	37.3	1.47
2023-08-13	13	175.1	+172.8	+98.7	42.0	49.7	2.60
2023-08-13	14	377.6	+206.7	+54.8	85.0	65.2	1.62
2023-08-13	15	588.6	+318.5	+54.1	114.0	59.4	1.16
2023-08-13	16	1014.6	+369.2	+36.4	100.0	52.8	1.54
2023-08-13	17	1326.9	-128.6	-9.7	23.0	29.6	0.50
2023-08-13	18	757.5	-376.3	-49.7	164.0	44.7	2.40
2023-08-13	19	574.2	-124.6	-21.7	110.0	55.0	1.00
2023-08-13	20	508.4	+33.2	+6.5	40.0	59.3	2.08
2023-08-13	21	640.6	+17.1	+2.7	30.0	39.9	2.12
2023-08-13	22	542.6	-41.6	-7.7	10.0	64.9	2.50
2023-08-13	23	557.5	+14.9	+2.7	30.0	56.6	3.59
2023-08-17	00	920.4	-141.9	-15.4	-53.0	190.1	6.60
2023-08-17	01	778.5	-230.2	-29.6	-61.0	185.2	6.27
2023-08-17	02	460.1	-188.8	-41.0	-54.0	180.9	6.61
2023-08-17	03	401.0	-30.9	-7.7	-52.0	183.8	7.05
2023-08-17	04	398.4	-0.7	-0.2	-70.0	191.9	7.09
2023-08-17	05	399.5	-8.4	-2.1	-69.0	198.8	8.06
2023-08-17	06	381.5	+1.8	+0.5	-60.0	196.3	8.16
2023-08-17	07	403.2	+29.0	+7.2	-44.0	201.2	8.66
2023-08-17	08	439.5	+35.2	+8.0	-29.0	198.5	6.98
2023-08-17	09	473.5	-26.6	-5.6	-8.0	214.0	8.12
2023-08-17	10	386.3	-15.0	-3.9	4.0	226.8	5.11
2023-08-17	11	443.5	-8.7	-2.0	-4.0	226.3	4.68
2023-08-17	12	368.9	-17.6	-4.8	-7.0	260.9	3.05
2023-08-17	13	408.2	+365.2	+89.5	15.0	272.5	3.93
2023-08-17	14	1099.3	+497.7	+45.3	54.0	292.5	6.10
2023-08-17	15	1403.5	+121.9	+8.7	91.0	300.7	6.43
2023-08-17	16	1343.0	+98.5	+7.3	188.0	302.0	7.98
2023-08-17	17	1600.5	+62.3	+3.9	151.0	299.6	6.13
2023-08-17	18	1467.6	-66.8	-4.5	160.0	298.6	7.89
2023-08-17	19	1466.9	+91.0	+6.2	170.0	301.4	6.98
2023-08-17	20	1649.6	+91.4	+5.5	140.0	300.0	6.54
2023-08-17	21	1649.7	+46.1	+2.8	110.0	310.8	6.19
2023-08-17	22	1741.9	-2.4	-0.1	60.0	316.4	6.53
2023-08-17	23	1644.9	-97.0	-5.9	0.0	321.8	6.00
2023-08-21	00	867.4	-359.7	-41.5	-24.0	29.8	3.41
2023-08-21	01	507.7	-321.5	-63.3	-21.0	45.1	2.87
2023-08-21	02	224.3	-136.4	-60.8	-7.0	87.7	3.78
2023-08-21	03	234.8	+0.5	+0.2	-11.0	74.2	3.56
2023-08-21	04	225.3	-2.9	-1.3	-19.0	90.3	3.23
2023-08-21	05	229.0	-0.3	-0.1	-22.0	78.7	3.61
2023-08-21	06	224.7	+14.1	+6.3	-12.0	71.4	2.89
2023-08-21	07	257.3	+6.2	+2.4	-12.0	66.2	3.01
2023-08-21	08	237.1	-60.7	-25.6	-7.0	60.8	2.09
2023-08-21	09	135.8	-39.2	-28.9	-6.0	44.7	2.12
2023-08-21	10	158.6	-14.6	-9.2	-8.0	33.7	2.27
2023-08-21	11	106.7	-14.0	-13.1	-14.0	38.8	2.60
2023-08-21	12	130.6	+69.2	+52.9	-7.0	40.9	2.28
2023-08-21	13	245.0	+111.0	+45.3	32.0	49.8	2.83
2023-08-21	14	352.7	+99.3	+28.2	86.0	58.5	3.50
2023-08-21	15	443.6	+92.5	+20.9	146.0	64.2	3.29
2023-08-21	16	537.7	+77.2	+14.4	197.0	70.0	2.90
2023-08-21	17	597.9	+63.4	+10.6	207.0	51.3	2.52
2023-08-21	18	664.5	+93.4	+14.1	217.0	61.7	2.64
2023-08-21	19	784.7	+86.3	+11.0	220.0	41.1	2.25
2023-08-21	20	837.0	+63.9	+7.6	200.0	52.0	2.19
2023-08-21	21	912.5	+105.8	+11.6	120.0	47.9	1.78
2023-08-21	22	1048.7	-29.0	-2.8	80.0	48.9	2.22
2023-08-21	23	854.5	-194.2	-22.7	30.0	56.0	2.81
2023-08-25	00	397.5	+7.2	+1.8	10.0	344.1	3.73
2023-08-25	01	404.7	-114.1	-28.2	-9.0	16.4	2.32
2023-08-25	02	169.3	-135.4	-80.0	-5.0	16.5	2.44
2023-08-25	03	133.8	-6.4	-4.8	0.0	21.0	0.82
2023-08-25	04	156.5	+18.2	+11.7	-1.0	13.4	1.23
2023-08-25	05	170.3	+28.7	+16.8	-8.0	28.6	2.00
2023-08-25	06	213.8	+105.5	+49.4	16.0	31.3	3.67
2023-08-25	07	381.3	+191.9	+50.3	13.0	52.3	3.74
2023-08-25	08	597.7	-39.8	-6.7	8.0	83.1	2.72
2023-08-25	09	301.7	-155.2	-51.4	10.0	93.8	1.94
2023-08-25	10	287.2	-40.8	-14.2	9.0	82.3	1.49
2023-08-25	11	220.1	-20.6	-9.4	11.0	31.5	2.55
2023-08-25	12	246.0	+19.8	+8.0	23.0	31.8	2.43
2023-08-25	13	259.6	+62.0	+23.9	28.0	65.7	1.25
2023-08-25	14	370.1	+121.8	+32.9	18.0	28.5	0.67
2023-08-25	15	503.2	+75.1	+14.9	67.0	53.5	1.44
2023-08-25	16	520.3	-50.6	-9.7	57.0	63.9	3.20
2023-08-25	17	401.9	-15.9	-3.9	41.0	82.8	3.71
2023-08-25	18	488.6	+139.0	+28.5	164.0	85.6	2.31
2023-08-25	19	680.0	+211.8	+31.1	50.0	238.6	0.19
2023-08-25	20	912.2	+138.4	+15.2	60.0	192.2	1.52
2023-08-25	21	956.9	+41.3	+4.3	120.0	215.5	2.32
2023-08-25	22	994.8	+5.4	+0.5	80.0	220.5	1.64
2023-08-25	23	967.6	-27.2	-2.8	30.0	234.2	1.61
2023-08-29	00	1276.6	-948.3	-74.3	-6.0	260.3	1.61
2023-08-29	01	328.2	-611.6	-186.3	-3.0	191.8	1.66
2023-08-29	02	53.4	-122.8	-230.1	-4.0	183.0	1.75
2023-08-29	03	82.7	+31.9	+38.5	-9.0	200.7	2.22
2023-08-29	04	117.1	+32.8	+28.0	-31.0	205.0	3.33
2023-08-29	05	148.4	+22.1	+14.9	-15.0	193.9	3.15
2023-08-29	06	161.2	+34.4	+21.3	-10.0	196.3	3.22
2023-08-29	07	217.1	+51.5	+23.7	-12.0	211.6	3.16
2023-08-29	08	264.3	-3.3	-1.2	-1.0	192.9	1.02
2023-08-29	09	210.6	-8.8	-4.2	-4.0	162.4	1.65
2023-08-29	10	246.7	+8.5	+3.4	-13.0	208.6	2.42
2023-08-29	11	227.5	-40.1	-17.6	-22.0	228.9	4.69
2023-08-29	12	166.6	+40.4	+24.2	-23.0	234.9	4.55
2023-08-29	13	308.3	+112.3	+36.4	23.0	244.0	3.98
2023-08-29	14	391.1	+109.4	+28.0	56.0	280.4	2.69
2023-08-29	15	527.0	+172.0	+32.6	120.0	304.9	3.03
2023-08-29	16	735.2	+355.2	+48.3	185.0	324.4	4.47
2023-08-29	17	1237.5	+295.8	+23.9	200.0	322.5	4.34
2023-08-29	18	1326.9	+319.8	+24.1	209.0	334.4	5.18
2023-08-29	19	1877.1	+138.3	+7.4	169.0	333.2	5.38
2023-08-29	20	1603.4	-26.9	-1.7	126.0	345.5	5.21
2023-08-29	21	1823.4	+98.7	+5.4	120.0	336.8	5.52
2023-08-29	22	1800.8	-23.9	-1.3	81.0	351.4	4.68
2023-08-29	23	1775.6	-25.2	-1.4	0.0	2.3	4.19
2023-09-02	00	798.5	-595.4	-74.6	-46.0	188.2	3.69
2023-09-02	01	203.1	-315.2	-155.2	-24.0	185.8	3.38
2023-09-02	02	168.1	-29.8	-17.7	-16.0	192.8	2.77
2023-09-02	03	143.5	-8.6	-6.0	-6.0	198.3	1.96
2023-09-02	04	150.9	+17.5	+11.6	-5.0	184.6	1.88
2023-09-02	05	178.6	+8.4	+4.7	-14.0	188.0	2.70
2023-09-02	06	167.6	-8.0	-4.8	-12.0	221.3	2.51
2023-09-02	07	162.5	-4.3	-2.6	-16.0	213.1	2.84
2023-09-02	08	159.0	+9.7	+6.1	-39.0	209.2	4.15
2023-09-02	09	181.9	+30.2	+16.6	-43.0	220.8	3.82
2023-09-02	10	219.4	+5.0	+2.3	-31.0	220.8	3.42
2023-09-02	11	191.9	-27.3	-14.2	-24.0	224.7	3.16
2023-09-02	12	164.9	+61.1	+37.0	-33.0	230.2	3.49
2023-09-02	13	314.1	+96.6	+30.8	-11.0	225.8	5.23
2023-09-02	14	358.0	+62.8	+17.5	46.0	235.2	4.01
2023-09-02	15	439.6	+80.0	+18.2	126.0	229.9	4.12
2023-09-02	16	518.1	+92.1	+17.8	178.0	201.5	4.05
2023-09-02	17	623.7	+121.2	+19.4	196.0	205.0	3.84
2023-09-02	18	760.4	+137.2	+18.0	232.0	194.1	4.73
2023-09-02	19	898.1	+98.9	+11.0	204.0	197.3	5.31
2023-09-02	20	958.2	+30.0	+3.1	180.0	197.8	5.60
2023-09-02	21	958.0	-59.7	-6.2	130.0	196.2	6.24
2023-09-02	22	838.8	-71.4	-8.5	60.0	195.0	6.26
2023-09-02	23	815.3	-23.5	-2.9	-11.0	199.7	5.46
2023-09-06	00	1223.0	-770.2	-63.0	-50.0	173.5	5.70
2023-09-06	01	452.8	-412.5	-91.1	-50.0	157.3	7.09
2023-09-06	02	398.1	-48.0	-12.0	-27.0	168.3	5.28
2023-09-06	03	356.9	-7.0	-2.0	-35.0	154.5	4.20
2023-09-06	04	384.0	+11.6	+3.0	-8.0	170.3	4.63
2023-09-06	05	380.0	+26.3	+6.9	-19.0	173.6	4.99
2023-09-06	06	436.7	-3.3	-0.8	-28.0	185.5	4.51
2023-09-06	07	373.4	-55.0	-14.7	-11.0	204.6	3.60
2023-09-06	08	326.7	-67.2	-20.6	0.0	167.4	3.38
2023-09-06	09	239.0	-36.9	-15.4	-6.0	167.3	2.51
2023-09-06	10	253.0	-5.8	-2.3	6.0	173.7	1.80
2023-09-06	11	227.3	-24.0	-10.6	-5.0	110.2	1.71
2023-09-06	12	204.9	+57.4	+28.0	-9.0	175.0	2.14
2023-09-06	13	342.1	+136.0	+39.8	-1.0	179.5	2.97
2023-09-06	14	477.0	+139.6	+29.3	-8.0	218.9	2.43
2023-09-06	15	621.3	+96.8	+15.6	31.0	263.4	5.00
2023-09-06	16	670.5	+187.2	+27.9	83.0	234.8	4.45
2023-09-06	17	995.8	+156.4	+15.7	7.0	259.9	5.50
2023-09-06	18	983.3	+5.1	+0.5	86.0	242.5	3.85
2023-09-06	19	1006.1	+28.2	+2.8	49.0	258.0	4.04
2023-09-06	20	1039.8	-265.0	-25.5	90.0	278.2	4.10
2023-09-06	21	476.1	-50.9	-10.7	180.0	277.1	3.16
2023-09-06	22	937.9	+233.5	+24.9	70.0	300.9	5.56
2023-09-06	23	943.0	+5.1	+0.5	-10.0	293.5	5.77
2023-09-10	00	1011.0	-892.9	-88.3	-2.0	82.8	1.37
2023-09-10	01	118.1	-454.0	-384.6	-3.0	106.2	1.51
2023-09-10	02	102.9	-16.0	-15.5	-3.0	245.3	1.45
2023-09-10	03	86.1	-36.4	-42.3	-3.0	248.1	1.31
2023-09-10	04	30.0	-7.9	-26.5	-5.0	57.0	1.65
2023-09-10	05	70.2	+14.0	+20.0	-4.0	135.1	2.01
2023-09-10	06	58.1	-11.0	-19.0	-14.0	161.4	2.35
2023-09-10	07	48.1	+4.8	+10.1	-6.0	163.9	1.89
2023-09-10	08	67.7	+13.2	+19.5	-14.0	175.3	2.30
2023-09-10	09	74.6	-6.3	-8.5	-12.0	146.5	2.37
2023-09-10	10	55.1	+8.5	+15.3	-4.0	176.0	1.88
2023-09-10	11	91.5	+14.2	+15.6	1.0	173.4	2.19
2023-09-10	12	83.6	+73.3	+87.7	-4.0	196.0	1.75
2023-09-10	13	238.1	+131.0	+55.0	22.0	186.1	2.15
2023-09-10	14	345.5	+114.6	+33.2	83.0	220.1	2.71
2023-09-10	15	467.3	+218.8	+46.8	153.0	214.8	2.41
2023-09-10	16	783.2	+306.1	+39.1	202.0	205.4	1.61
2023-09-10	17	1079.5	+345.2	+32.0	231.0	245.4	1.92
2023-09-10	18	1473.6	+413.2	+28.0	214.0	263.1	2.35
2023-09-10	19	1906.0	+226.3	+11.9	174.0	282.1	3.05
2023-09-10	20	1926.2	+17.4	+0.9	117.0	302.8	2.26
2023-09-10	21	1940.8	-191.4	-9.9	120.0	298.6	5.52
2023-09-10	22	1543.5	-286.5	-18.6	57.0	347.8	5.50
2023-09-10	23	1367.8	-175.7	-12.8	55.0	333.8	5.03
2023-09-14	00	1339.3	-1223.0	-91.3	-18.0	345.7	3.11
2023-09-14	01	116.4	-629.2	-540.6	-12.0	352.0	2.57
2023-09-14	02	81.0	-39.1	-48.3	-4.0	30.3	1.70
2023-09-14	03	38.2	-26.4	-69.2	-4.0	33.7	1.73
2023-09-14	04	28.1	+4.5	+16.0	-2.0	57.0	1.29
2023-09-14	05	47.1	+3.3	+7.0	-1.0	9.8	0.41
2023-09-14	06	34.7	-9.4	-27.2	-1.0	19.1	0.36
2023-09-14	07	28.3	-0.8	-3.0	0.0	313.7	0.79
2023-09-14	08	33.0	+9.0	+27.2	1.0	77.5	0.55
2023-09-14	09	46.2	-6.2	-13.4	1.0	124.0	0.73
2023-09-14	10	20.6	-6.0	-29.0	5.0	164.1	0.98
2023-09-14	11	34.3	+5.8	+16.9	-1.0	183.1	0.80
2023-09-14	12	32.2	+45.6	+141.7	-5.0	152.4	1.92
2023-09-14	13	125.5	+93.1	+74.2	2.0	166.2	1.21
2023-09-14	14	218.4	+202.7	+92.8	22.0	181.0	1.85
2023-09-14	15	530.9	+291.7	+55.0	111.0	182.3	2.69
2023-09-14	16	801.8	+285.6	+35.6	168.0	183.0	2.69
2023-09-14	17	1102.1	+215.9	+19.6	189.0	193.4	2.43
2023-09-14	18	1233.6	+73.5	+6.0	219.0	187.7	2.42
2023-09-14	19	1249.1	+92.2	+7.4	194.0	190.2	2.11
2023-09-14	20	1418.0	+151.9	+10.7	166.0	182.7	1.94
2023-09-14	21	1552.8	+18.5	+1.2	112.0	184.1	1.79
2023-09-14	22	1455.0	-14.3	-1.0	51.0	151.8	1.43
2023-09-14	23	1524.2	+69.2	+4.5	0.0	132.5	2.41
2023-09-18	00	1833.0	-1752.6	-95.6	-15.0	15.1	3.01
2023-09-18	01	80.4	-900.0	-1119.0	-2.0	6.0	1.34
2023-09-18	02	33.0	-21.3	-64.5	-5.0	39.3	1.91
2023-09-18	03	37.9	+17.9	+47.3	-3.0	75.3	1.65
2023-09-18	04	68.8	+17.8	+25.9	-2.0	21.8	1.44
2023-09-18	05	73.5	+1.8	+2.5	-1.0	141.7	0.72
2023-09-18	06	72.5	-9.3	-12.8	-1.0	215.4	0.81
2023-09-18	07	54.9	-5.2	-9.4	-2.0	268.0	1.22
2023-09-18	08	62.2	-3.0	-4.7	-1.0	33.4	1.01
2023-09-18	09	49.0	-10.6	-21.7	0.0	35.5	0.35
2023-09-18	10	41.0	+4.6	+11.3	27.0	263.8	0.69
2023-09-18	11	58.2	-7.2	-12.4	-2.0	306.6	1.21
2023-09-18	12	26.5	+7.8	+29.4	-5.0	352.6	1.71
2023-09-18	13	73.8	+68.6	+92.9	6.0	12.4	0.85
2023-09-18	14	163.7	+138.0	+84.3	70.0	120.9	1.49
2023-09-18	15	349.8	+452.5	+129.4	108.0	93.4	0.98
2023-09-18	16	1068.8	+470.9	+44.1	135.0	85.7	0.76
2023-09-18	17	1291.7	+224.4	+17.4	170.0	121.3	1.29
2023-09-18	18	1517.7	+161.2	+10.6	102.0	346.9	0.45
2023-09-18	19	1614.1	+152.3	+9.4	114.0	344.7	0.53
2023-09-18	20	1822.3	+112.0	+6.1	103.0	12.0	0.54
2023-09-18	21	1838.1	-83.2	-4.5	73.0	111.7	1.40
2023-09-18	22	1655.8	-99.4	-6.0	49.0	143.6	1.16
2023-09-18	23	1639.4	-16.4	-1.0	-4.0	107.2	2.18
2023-09-22	00	401.0	-87.5	-21.8	-12.0	95.3	4.50
2023-09-22	01	313.5	-95.8	-30.6	-58.0	91.6	6.48
2023-09-22	02	209.4	-35.4	-16.9	-8.0	86.3	1.87
2023-09-22	03	242.8	-5.2	-2.2	-13.0	94.6	2.56
2023-09-22	04	198.9	-28.1	-14.1	-7.0	96.6	2.50
2023-09-22	05	186.6	-19.8	-10.6	-10.0	144.3	2.18
2023-09-22	06	159.4	-15.1	-9.5	-4.0	132.6	1.82
2023-09-22	07	156.5	+6.5	+4.2	-6.0	100.2	1.95
2023-09-22	08	172.5	+48.7	+28.2	-1.0	137.9	1.48
2023-09-22	09	253.9	+72.5	+28.5	-7.0	129.1	3.44
2023-09-22	10	317.4	+9.5	+3.0	-21.0	120.9	3.45
2023-09-22	11	272.9	-22.4	-8.2	-8.0	107.5	2.46
2023-09-22	12	272.7	+28.7	+10.5	-4.0	118.1	1.54
2023-09-22	13	330.2	+88.1	+26.7	13.0	109.2	2.78
2023-09-22	14	448.8	+187.7	+41.8	36.0	119.3	3.70
2023-09-22	15	705.6	+151.4	+21.5	76.0	124.9	5.06
2023-09-22	16	751.6	+57.3	+7.6	126.0	132.3	4.88
2023-09-22	17	820.2	+158.2	+19.3	170.0	142.8	6.00
2023-09-22	18	1068.0	+178.4	+16.7	78.0	145.9	5.03
2023-09-22	19	1177.1	+133.2	+11.3	139.0	123.2	5.08
2023-09-22	20	1334.3	+111.8	+8.4	51.0	141.9	5.50
2023-09-22	21	1400.7	-156.2	-11.2	60.0	135.9	4.72
2023-09-22	22	1021.9	-277.2	-27.1	24.0	147.1	3.93
2023-09-22	23	846.2	-175.7	-20.8	9.0	158.4	5.87
2023-09-26	00	486.0	+71.7	+14.8	-15.0	105.6	4.40
2023-09-26	01	557.7	-30.6	-5.5	-14.0	110.6	3.13
2023-09-26	02	424.9	-148.7	-35.0	-7.0	91.5	2.27
2023-09-26	03	260.3	-51.6	-19.8	-4.0	87.9	1.82
2023-09-26	04	321.6	+9.9	+3.1	-1.0	86.1	2.09
2023-09-26	05	280.0	+80.1	+28.6	-9.0	82.5	6.16
2023-09-26	06	481.8	+112.3	+23.3	5.0	282.4	2.47
2023-09-26	07	504.5	-34.1	-6.8	2.0	35.9	0.91
2023-09-26	08	413.6	-139.1	-33.6	0.0	195.0	0.79
2023-09-26	09	226.4	-79.7	-35.2	-3.0	138.3	2.05
2023-09-26	10	254.2	+82.6	+32.5	-7.0	93.2	3.48
2023-09-26	11	391.6	+100.9	+25.8	5.0	108.6	2.88
2023-09-26	12	456.0	-100.7	-22.1	6.0	100.6	2.69
2023-09-26	13	190.3	-19.7	-10.4	9.0	114.5	3.66
2023-09-26	14	416.6	+141.8	+34.0	33.0	95.5	5.19
2023-09-26	15	473.8	+111.4	+23.5	46.0	75.9	3.52
2023-09-26	16	639.3	+169.1	+26.4	30.0	91.5	4.24
2023-09-26	17	811.9	+38.5	+4.7	15.0	88.3	4.51
2023-09-26	18	716.2	-30.5	-4.3	79.0	95.2	5.33
2023-09-26	19	751.0	+120.7	+16.1	33.0	97.4	4.79
2023-09-26	20	957.7	+51.2	+5.3	8.0	101.7	4.00
2023-09-26	21	853.4	-59.4	-7.0	-2.0	84.5	4.63
2023-09-26	22	838.8	-85.7	-10.2	-6.0	68.9	4.73
2023-09-26	23	682.0	-156.9	-23.0	-20.0	69.0	3.90
2023-09-30	00	623.0	-442.4	-71.0	-20.0	111.3	2.76
2023-09-30	01	180.6	-214.3	-118.7	-31.0	127.4	3.67
2023-09-30	02	194.4	+26.0	+13.4	-27.0	143.8	4.21
2023-09-30	03	232.6	+22.4	+9.6	-26.0	142.5	3.71
2023-09-30	04	239.1	+3.4	+1.4	-19.0	143.5	2.96
2023-09-30	05	239.3	+33.5	+14.0	-22.0	151.6	3.25
2023-09-30	06	306.1	-3.0	-1.0	-18.0	158.9	3.23
2023-09-30	07	233.3	-74.1	-31.8	-15.0	159.1	2.61
2023-09-30	08	157.9	-25.9	-16.4	-10.0	138.6	2.27
2023-09-30	09	181.6	+2.8	+1.5	-14.0	148.2	3.31
2023-09-30	10	163.5	-8.9	-5.4	-16.0	158.6	2.85
2023-09-30	11	163.8	-5.2	-3.2	-16.0	173.0	2.79
2023-09-30	12	153.0	+12.1	+7.9	-17.0	171.6	2.71
2023-09-30	13	188.1	+76.0	+40.4	-9.0	177.7	3.53
2023-09-30	14	304.9	+79.9	+26.2	35.0	176.3	3.30
2023-09-30	15	347.8	+44.0	+12.7	41.0	168.6	1.96
2023-09-30	16	393.0	+44.7	+11.4	85.0	145.7	3.47
2023-09-30	17	437.2	+59.8	+13.7	88.0	153.4	2.64
2023-09-30	18	512.6	+105.6	+20.6	65.0	152.3	0.43
2023-09-30	19	648.5	+186.3	+28.7	104.0	126.4	2.91
2023-09-30	20	885.3	+125.9	+14.2	102.0	147.1	3.32
2023-09-30	21	900.3	+57.4	+6.4	43.0	155.3	4.25
2023-09-30	22	1000.0	+57.4	+5.7	-8.0	154.6	4.93
2023-09-30	23	1015.0	+15.0	+1.5	-23.0	145.8	3.89
2023-10-04	00	337.5	-95.1	-28.2	-9.0	152.1	2.68
2023-10-04	01	242.5	-43.8	-18.0	-25.0	156.2	3.14
2023-10-04	02	250.0	+33.3	+13.3	-28.0	148.6	3.88
2023-10-04	03	309.1	+28.6	+9.3	-22.0	149.3	3.80
2023-10-04	04	307.2	-23.2	-7.6	-34.0	155.3	4.09
2023-10-04	05	262.7	-27.4	-10.4	-28.0	165.4	4.65
2023-10-04	06	252.4	+50.0	+19.8	-26.0	182.5	4.72
2023-10-04	07	362.7	+40.8	+11.2	-37.0	181.4	4.42
2023-10-04	08	333.9	-18.2	-5.5	-40.0	185.6	4.27
2023-10-04	09	326.2	-18.8	-5.7	-35.0	183.0	4.36
2023-10-04	10	296.4	+20.9	+7.0	-39.0	177.8	4.55
2023-10-04	11	368.0	+77.9	+21.2	-51.0	172.1	5.09
2023-10-04	12	452.1	+15.9	+3.5	-45.0	174.9	5.29
2023-10-04	13	399.8	+35.3	+8.8	-31.0	172.0	6.29
2023-10-04	14	522.8	+68.4	+13.1	20.0	194.1	6.79
2023-10-04	15	536.6	+149.7	+27.9	56.0	202.9	7.05
2023-10-04	16	822.3	+263.5	+32.0	77.0	210.5	7.10
2023-10-04	17	1063.6	+284.6	+26.8	127.0	208.2	5.86
2023-10-04	18	1391.4	+321.2	+23.1	72.0	201.6	5.77
2023-10-04	19	1705.9	+171.7	+10.1	114.0	210.6	7.49
2023-10-04	20	1734.9	-44.8	-2.6	30.0	215.8	6.75
2023-10-04	21	1616.4	-173.2	-10.7	20.0	222.0	6.24
2023-10-04	22	1388.6	-13.2	-1.0	-10.0	224.4	4.82
2023-10-04	23	1590.0	+201.4	+12.7	-27.0	214.8	3.72
2023-10-08	00	1318.3	-538.9	-40.9	-25.0	278.3	3.73
2023-10-08	01	779.4	-585.0	-75.1	-17.0	273.8	2.85
2023-10-08	02	148.3	-317.9	-214.3	-14.0	279.7	2.64
2023-10-08	03	143.6	-24.9	-17.4	-6.0	293.3	2.01
2023-10-08	04	98.5	-27.2	-27.6	-3.0	307.4	1.66
2023-10-08	05	89.2	-7.1	-8.0	-3.0	292.9	1.65
2023-10-08	06	84.2	+7.2	+8.6	-4.0	304.6	1.70
2023-10-08	07	103.7	+7.2	+6.9	-10.0	327.1	2.04
2023-10-08	08	98.6	+55.3	+56.1	-2.0	345.4	1.15
2023-10-08	09	214.3	+72.9	+34.0	-3.0	321.0	1.33
2023-10-08	10	244.4	+33.0	+13.5	-2.0	272.8	0.80
2023-10-08	11	280.4	-53.6	-19.1	-1.0	311.8	0.54
2023-10-08	12	137.3	-96.5	-70.3	-3.0	357.5	1.45
2023-10-08	13	87.5	+147.6	+168.7	-2.0	52.1	1.28
2023-10-08	14	432.4	+279.2	+64.6	38.0	218.8	0.60
2023-10-08	15	645.9	+280.5	+43.4	100.0	12.7	0.94
2023-10-08	16	993.4	+406.2	+40.9	99.0	41.8	0.50
2023-10-08	17	1458.3	+219.9	+15.1	174.0	335.2	2.10
2023-10-08	18	1433.3	+85.9	+6.0	100.0	337.3	2.55
2023-10-08	19	1630.1	+43.4	+2.7	102.0	335.2	2.96
2023-10-08	20	1520.1	-25.1	-1.7	55.0	318.5	3.64
2023-10-08	21	1579.9	+85.2	+5.4	87.0	333.9	3.33
2023-10-08	22	1690.5	+11.5	+0.7	26.0	344.1	3.05
2023-10-08	23	1602.9	-87.5	-5.5	-16.0	333.3	2.50
2023-10-12	00	113.2	+76.4	+67.5	-4.0	36.6	1.55
2023-10-12	01	189.6	+127.6	+67.3	-64.0	50.5	6.07
2023-10-12	02	368.4	+129.4	+35.1	0.0	95.0	3.86
2023-10-12	03	448.3	+25.0	+5.6	-10.0	93.6	3.05
2023-10-12	04	418.5	+8.3	+2.0	-14.0	79.2	3.56
2023-10-12	05	465.0	+26.0	+5.6	-12.0	80.0	3.35
2023-10-12	06	470.5	-66.7	-14.2	-20.0	85.0	3.90
2023-10-12	07	331.5	-98.1	-29.6	-6.0	74.6	2.86
2023-10-12	08	274.3	-37.7	-13.7	-12.0	74.8	3.51
2023-10-12	09	256.1	+14.0	+5.5	-6.0	71.6	3.49
2023-10-12	10	302.3	+22.8	+7.5	-3.0	77.4	3.57
2023-10-12	11	301.7	+10.7	+3.6	-18.0	64.9	4.80
2023-10-12	12	323.7	+25.7	+7.9	-21.0	69.3	5.04
2023-10-12	13	353.0	+15.3	+4.3	-9.0	68.6	5.49
2023-10-12	14	354.3	+70.0	+19.8	-3.0	85.7	4.63
2023-10-12	15	493.0	+96.9	+19.6	-14.0	71.0	4.52
2023-10-12	16	548.0	+30.1	+5.5	28.0	67.7	5.55
2023-10-12	17	553.2	+18.7	+3.4	-24.0	66.3	4.59
2023-10-12	18	585.3	-2.4	-0.4	-23.0	62.4	5.72
2023-10-12	19	548.5	-41.6	-7.6	28.0	59.0	5.88
2023-10-12	20	502.0	-25.7	-5.1	46.0	61.6	5.39
2023-10-12	21	497.2	+4.1	+0.8	36.0	58.0	6.63
2023-10-12	22	510.3	-35.2	-6.9	7.0	55.5	6.89
2023-10-12	23	426.8	-83.5	-19.6	-3.0	61.8	7.28
2023-10-16	00	1485.4	-0.6	-0.0	-6.0	319.6	1.93
2023-10-16	01	1484.8	-557.0	-37.5	-6.0	300.7	1.72
2023-10-16	02	371.3	-580.8	-156.4	-14.0	317.8	2.51
2023-10-16	03	323.2	-52.8	-16.3	-29.0	336.7	3.16
2023-10-16	04	265.7	-35.0	-13.2	-24.0	331.1	3.24
2023-10-16	05	253.3	+13.3	+5.2	-38.0	335.6	4.38
2023-10-16	06	292.3	+22.7	+7.8	-20.0	332.2	3.25
2023-10-16	07	298.8	-8.2	-2.8	-26.0	7.7	3.49
2023-10-16	08	275.8	-30.4	-11.0	-15.0	2.4	2.88
2023-10-16	09	238.0	-48.4	-20.4	-12.0	350.9	2.67
2023-10-16	10	179.0	+9.5	+5.3	-11.0	340.9	2.39
2023-10-16	11	257.1	+22.2	+8.6	-20.0	351.3	3.19
2023-10-16	12	223.3	-15.2	-6.8	-6.0	355.6	3.43
2023-10-16	13	226.6	+90.1	+39.8	3.0	351.4	2.61
2023-10-16	14	403.5	+183.3	+45.4	23.0	355.4	3.38
2023-10-16	15	593.3	+102.5	+17.3	23.0	351.5	4.10
2023-10-16	16	608.5	+26.8	+4.4	51.0	352.2	3.78
2023-10-16	17	646.9	+1.5	+0.2	40.0	335.2	3.38
2023-10-16	18	611.5	-6.4	-1.0	55.0	351.5	2.74
2023-10-16	19	634.1	+13.3	+2.1	40.0	347.7	2.92
2023-10-16	20	638.0	+40.2	+6.3	57.0	334.5	3.17
2023-10-16	21	714.5	+41.8	+5.8	23.0	327.5	2.61
2023-10-16	22	721.5	+17.5	+2.4	-9.0	326.9	2.22
2023-10-16	23	749.5	+28.0	+3.7	-1.0	350.0	0.81
2023-10-20	00	495.8	-85.6	-17.3	-9.0	290.5	2.78
2023-10-20	01	410.2	-68.9	-16.8	0.0	272.9	2.97
2023-10-20	02	358.0	+42.5	+11.9	-16.0	258.0	4.37
2023-10-20	03	495.1	+27.4	+5.5	-12.0	275.9	4.08
2023-10-20	04	412.8	-23.1	-5.6	-9.0	283.4	4.51
2023-10-20	05	449.0	+48.2	+10.7	-24.0	304.9	4.25
2023-10-20	06	509.2	-1.2	-0.2	-3.0	300.5	4.12
2023-10-20	07	446.5	-71.6	-16.0	-3.0	306.7	4.23
2023-10-20	08	365.9	-51.9	-14.2	-3.0	326.2	3.70
2023-10-20	09	342.8	+24.9	+7.3	-17.0	306.0	3.88
2023-10-20	10	415.6	+56.7	+13.6	7.0	302.8	4.52
2023-10-20	11	456.2	-35.3	-7.7	-11.0	298.0	3.94
2023-10-20	12	345.0	-84.9	-24.6	-2.0	300.2	4.12
2023-10-20	13	286.3	+62.4	+21.8	15.0	307.2	3.82
2023-10-20	14	469.8	+95.6	+20.4	24.0	310.0	4.60
2023-10-20	15	477.5	+52.2	+10.9	61.0	308.6	5.95
2023-10-20	16	574.1	+109.7	+19.1	82.0	312.2	5.70
2023-10-20	17	696.9	+110.1	+15.8	103.0	311.5	6.12
2023-10-20	18	794.2	+198.2	+25.0	92.0	311.9	6.28
2023-10-20	19	1093.2	+192.8	+17.6	73.0	310.3	6.25
2023-10-20	20	1179.8	+100.3	+8.5	42.0	306.0	6.28
2023-10-20	21	1293.7	+104.7	+8.1	-5.0	311.0	5.76
2023-10-20	22	1389.2	-34.4	-2.5	-40.0	308.9	4.56
2023-10-20	23	1224.9	-164.3	-13.4	-27.0	312.5	3.00
2023-10-24	00	307.5	-33.4	-10.8	-14.0	171.5	2.38
2023-10-24	01	274.1	-12.5	-4.6	-54.0	195.0	4.27
2023-10-24	02	282.4	+14.5	+5.1	-6.0	179.7	1.92
2023-10-24	03	303.1	-37.1	-12.2	-19.0	177.1	2.74
2023-10-24	04	208.3	-27.9	-13.4	-30.0	181.1	3.09
2023-10-24	05	247.3	+17.9	+7.2	-30.0	173.0	3.04
2023-10-24	06	244.1	+15.6	+6.4	-68.0	189.6	5.06
2023-10-24	07	278.4	+5.1	+1.8	-94.0	187.4	6.20
2023-10-24	08	254.3	-14.5	-5.7	-93.0	201.3	5.81
2023-10-24	09	249.4	+26.5	+10.6	-87.0	192.5	5.93
2023-10-24	10	307.2	+19.9	+6.5	-95.0	188.2	5.33
2023-10-24	11	289.3	-1.4	-0.5	-85.0	193.2	5.24
2023-10-24	12	304.4	+6.7	+2.2	-83.0	205.2	5.98
2023-10-24	13	302.8	+33.2	+11.0	-35.0	206.6	4.16
2023-10-24	14	370.9	+60.6	+16.3	-3.0	334.6	1.89
2023-10-24	15	423.9	+74.4	+17.5	16.0	207.7	2.85
2023-10-24	16	519.6	+49.6	+9.5	54.0	189.2	3.83
2023-10-24	17	523.1	+88.1	+16.9	46.0	200.2	6.30
2023-10-24	18	695.9	+131.8	+18.9	82.0	191.6	7.04
2023-10-24	19	786.6	+202.7	+25.8	95.0	201.9	7.66
2023-10-24	20	1101.2	+346.1	+31.4	42.0	201.0	7.99
2023-10-24	21	1478.9	+214.3	+14.5	3.0	199.3	8.37
2023-10-24	22	1529.7	-81.7	-5.3	-48.0	197.6	8.13
2023-10-24	23	1315.5	-214.2	-16.3	-67.0	219.6	5.15
2023-10-28	00	506.0	+37.7	+7.4	39.0	287.2	6.36
2023-10-28	01	543.7	+33.7	+6.2	30.0	301.6	6.14
2023-10-28	02	573.5	+44.3	+7.7	31.0	295.3	5.29
2023-10-28	03	632.3	+42.7	+6.8	23.0	299.7	5.28
2023-10-28	04	658.9	+36.2	+5.5	17.0	310.4	4.68
2023-10-28	05	704.6	+36.8	+5.2	13.0	317.4	4.55
2023-10-28	06	732.4	+10.2	+1.4	10.0	310.1	3.61
2023-10-28	07	725.0	-8.3	-1.2	10.0	304.8	3.73
2023-10-28	08	715.7	+17.7	+2.5	9.0	311.3	3.95
2023-10-28	09	760.4	+10.9	+1.4	7.0	332.3	4.45
2023-10-28	10	737.6	+0.9	+0.1	12.0	330.0	4.39
2023-10-28	11	762.2	-13.5	-1.8	13.0	332.1	4.08
2023-10-28	12	710.6	-35.0	-4.9	22.0	337.0	3.79
2023-10-28	13	692.2	+20.6	+3.0	18.0	341.7	2.83
2023-10-28	14	751.9	+14.2	+1.9	17.0	334.3	2.85
2023-10-28	15	720.7	+11.2	+1.5	30.0	337.9	3.47
2023-10-28	16	774.2	+11.9	+1.5	46.0	354.3	3.55
2023-10-28	17	744.4	-32.6	-4.4	73.0	356.1	3.73
2023-10-28	18	709.0	-10.6	-1.5	68.0	9.3	2.50
2023-10-28	19	723.2	+44.0	+6.1	62.0	357.5	2.46
2023-10-28	20	796.9	+56.3	+7.1	36.0	358.2	2.58
2023-10-28	21	835.9	+1.7	+0.2	25.0	1.0	3.12
2023-10-28	22	800.3	-85.7	-10.7	5.0	342.3	4.03
2023-10-28	23	664.4	-135.9	-20.4	-10.0	351.1	4.46
2023-11-01	00	739.3	-321.7	-43.5	-34.0	310.2	3.62
2023-11-01	01	417.6	-200.8	-48.1	-29.0	292.6	3.44
2023-11-01	02	337.8	-63.7	-18.9	-19.0	300.4	2.89
2023-11-01	03	290.1	-29.7	-10.2	-16.0	288.1	3.14
2023-11-01	04	278.4	+35.6	+12.8	-14.0	300.4	2.92
2023-11-01	05	361.4	-13.1	-3.6	-9.0	306.9	2.59
2023-11-01	06	252.2	-44.6	-17.7	-1.0	321.7	2.58
2023-11-01	07	272.1	+30.5	+11.2	0.0	312.5	1.76
2023-11-01	08	313.2	-108.1	-34.5	-2.0	310.2	1.29
2023-11-01	09	56.0	-134.7	-240.6	-1.0	314.3	1.14
2023-11-01	10	43.9	-6.9	-15.8	-1.0	281.7	1.15
2023-11-01	11	42.1	-1.2	-2.9	-2.0	242.6	1.45
2023-11-01	12	41.5	+20.4	+49.0	-1.0	228.1	0.84
2023-11-01	13	82.8	+52.7	+63.6	-1.0	215.9	1.14
2023-11-01	14	146.9	+98.9	+67.3	0.0	191.1	1.37
2023-11-01	15	280.6	+201.4	+71.8	10.0	213.7	2.64
2023-11-01	16	549.6	+281.8	+51.3	17.0	209.3	3.55
2023-11-01	17	844.2	+203.6	+24.1	119.0	224.4	5.57
2023-11-01	18	956.8	+58.3	+6.1	95.0	216.3	5.41
2023-11-01	19	960.8	+1.2	+0.1	99.0	205.0	5.22
2023-11-01	20	959.1	-41.6	-4.3	70.0	202.0	5.43
2023-11-01	21	877.6	-73.2	-8.3	25.0	195.3	5.15
2023-11-01	22	812.8	-35.0	-4.3	-19.0	188.5	4.54
2023-11-01	23	807.5	-5.3	-0.7	-24.0	182.7	3.39
2023-11-05	00	98.2	-46.9	-47.7	-4.0	331.3	1.40
2023-11-05	01	51.3	-28.7	-56.0	-3.0	349.4	1.13
2023-11-05	02	40.8	-7.6	-18.6	-3.0	6.8	1.08
2023-11-05	03	36.2	-1.4	-4.0	-5.0	211.5	1.74
2023-11-05	04	37.9	+2.8	+7.5	-9.0	326.9	2.29
2023-11-05	05	41.8	+0.3	+0.6	-3.0	306.6	1.34
2023-11-05	06	38.4	+0.7	+1.7	-2.0	247.2	1.24
2023-11-05	07	43.2	-8.6	-19.9	-3.0	246.4	1.58
2023-11-05	08	21.2	-5.3	-25.0	-3.0	203.0	1.64
2023-11-05	09	32.6	+3.6	+11.0	-3.0	161.3	1.40
2023-11-05	10	28.3	-6.3	-22.2	0.0	188.1	0.56
2023-11-05	11	20.0	+5.6	+28.0	-3.0	174.6	1.61
2023-11-05	12	39.5	+10.1	+25.5	-4.0	174.7	1.75
2023-11-05	13	40.2	+17.7	+44.1	-8.0	179.0	2.05
2023-11-05	14	75.0	+70.0	+93.4	-8.0	197.1	2.25
2023-11-05	15	180.3	+84.2	+46.7	19.0	194.9	3.76
2023-11-05	16	243.4	+96.3	+39.6	51.0	204.7	4.34
2023-11-05	17	372.9	+120.2	+32.2	61.0	199.9	5.93
2023-11-05	18	483.8	+67.8	+14.0	46.0	206.0	6.38
2023-11-05	19	508.4	+32.0	+6.3	56.0	196.9	6.69
2023-11-05	20	547.8	+22.2	+4.1	55.0	196.8	6.59
2023-11-05	21	552.9	+27.1	+4.9	11.0	190.4	4.87
2023-11-05	22	602.0	-7.1	-1.2	-13.0	184.8	3.96
2023-11-05	23	538.7	-63.3	-11.7	-27.0	161.0	3.00
2023-11-09	00	279.9	-72.5	-25.9	1.0	313.9	2.98
2023-11-09	01	207.4	-34.5	-16.6	2.0	316.7	3.78
2023-11-09	02	210.9	+45.3	+21.5	2.0	301.1	2.97
2023-11-09	03	297.9	+105.2	+35.3	4.0	271.4	3.04
2023-11-09	04	421.4	+45.5	+10.8	-8.0	262.5	2.74
2023-11-09	05	388.9	-36.0	-9.3	-27.0	272.4	3.47
2023-11-09	06	349.4	+74.4	+21.3	-34.0	272.9	3.76
2023-11-09	07	537.6	+28.7	+5.3	-44.0	284.0	4.89
2023-11-09	08	406.7	-95.6	-23.5	-62.0	296.7	5.56
2023-11-09	09	346.3	-42.6	-12.3	-35.0	286.3	4.20
2023-11-09	10	321.6	-10.8	-3.3	-25.0	276.3	3.43
2023-11-09	11	324.8	-66.5	-20.5	-33.0	271.9	3.81
2023-11-09	12	188.6	-62.6	-33.2	-24.0	245.3	3.19
2023-11-09	13	199.6	-15.6	-7.8	-30.0	227.3	3.64
2023-11-09	14	157.4	+81.3	+51.7	-5.0	217.3	4.00
2023-11-09	15	362.3	+173.3	+47.8	6.0	226.3	5.60
2023-11-09	16	503.9	+168.8	+33.5	16.0	251.5	7.48
2023-11-09	17	700.0	+95.7	+13.7	33.0	257.9	7.58
2023-11-09	18	695.4	+133.3	+19.2	41.0	249.0	7.65
2023-11-09	19	966.5	+230.7	+23.9	43.0	255.2	7.68
2023-11-09	20	1156.9	+221.5	+19.1	20.0	256.4	7.02
2023-11-09	21	1409.4	+153.4	+10.9	-11.0	253.1	6.98
2023-11-09	22	1463.7	-118.4	-8.1	-45.0	245.0	4.63
2023-11-09	23	1172.6	-291.1	-24.8	-27.0	223.7	3.02
2023-11-13	00	313.5	-2.2	-0.7	-50.0	191.7	5.18
2023-11-13	01	311.3	+0.7	+0.2	-62.0	191.8	5.68
2023-11-13	02	314.9	-2.7	-0.8	-68.0	208.2	5.92
2023-11-13	03	306.0	-6.4	-2.1	-60.0	216.0	5.19
2023-11-13	04	302.0	-6.1	-2.0	-64.0	218.4	5.54
2023-11-13	05	293.8	-6.9	-2.3	-48.0	235.0	4.79
2023-11-13	06	288.2	-7.5	-2.6	-46.0	250.1	4.53
2023-11-13	07	278.8	-30.5	-10.9	-36.0	251.4	3.82
2023-11-13	08	227.2	-75.4	-33.2	-35.0	267.1	3.73
2023-11-13	09	127.9	-58.4	-45.7	-23.0	271.4	2.84
2023-11-13	10	110.4	-24.9	-22.6	-31.0	278.4	3.13
2023-11-13	11	78.1	-13.9	-17.8	-26.0	266.9	2.99
2023-11-13	12	82.6	+16.1	+19.5	-40.0	256.5	3.48
2023-11-13	13	110.2	+25.0	+22.7	-47.0	256.7	3.85
2023-11-13	14	132.7	+48.9	+36.9	-32.0	266.9	4.03
2023-11-13	15	208.0	+105.4	+50.7	2.0	262.7	4.03
2023-11-13	16	343.5	+123.3	+35.9	34.0	286.7	4.88
2023-11-13	17	454.7	+247.3	+54.4	97.0	299.6	5.53
2023-11-13	18	838.2	+268.4	+32.0	146.0	290.6	5.68
2023-11-13	19	991.5	+169.6	+17.1	142.0	279.9	5.66
2023-11-13	20	1177.4	+38.4	+3.3	84.0	275.9	5.63
2023-11-13	21	1068.3	-54.9	-5.1	10.0	284.6	5.65
2023-11-13	22	1067.6	-32.1	-3.0	-31.0	272.8	4.05
2023-11-13	23	1004.1	-63.4	-6.3	-8.0	249.0	2.22
2023-11-17	00	488.7	-34.5	-7.1	-51.0	185.4	5.51
2023-11-17	01	454.2	+61.6	+13.6	-70.0	189.0	7.60
2023-11-17	02	611.9	+74.7	+12.2	-76.0	201.9	6.99
2023-11-17	03	603.7	-59.6	-9.9	-58.0	208.5	7.39
2023-11-17	04	492.6	-71.3	-14.5	-42.0	205.4	6.30
2023-11-17	05	461.0	+116.6	+25.3	-35.0	214.0	6.45
2023-11-17	06	725.8	+332.3	+45.8	-32.0	229.5	6.00
2023-11-17	07	1125.6	-87.1	-7.7	-60.0	229.8	5.86
2023-11-17	08	551.5	-305.3	-55.4	8.0	318.1	8.58
2023-11-17	09	515.0	+31.4	+6.1	13.0	327.6	6.59
2023-11-17	10	614.2	+41.0	+6.7	24.0	329.2	7.03
2023-11-17	11	597.0	-41.4	-6.9	31.0	340.9	6.12
2023-11-17	12	531.3	-87.5	-16.5	-9.0	332.7	5.29
2023-11-17	13	422.0	-61.8	-14.7	-8.0	338.4	4.53
2023-11-17	14	407.7	+27.4	+6.7	34.0	341.5	4.93
2023-11-17	15	476.8	+61.9	+13.0	89.0	342.5	5.45
2023-11-17	16	531.5	+60.4	+11.4	142.0	340.6	5.46
2023-11-17	17	597.6	+74.8	+12.5	166.0	331.9	4.60
2023-11-17	18	681.2	+89.2	+13.1	179.0	331.4	4.91
2023-11-17	19	776.0	+95.5	+12.3	142.0	326.2	4.12
2023-11-17	20	872.2	+81.8	+9.4	106.0	322.9	3.76
2023-11-17	21	939.7	-13.9	-1.5	52.0	312.6	4.55
2023-11-17	22	844.5	-206.0	-24.4	-11.0	309.2	2.72
2023-11-17	23	527.7	-316.8	-60.0	-2.0	304.8	1.23
2023-11-21	00	456.9	-8.8	-1.9	-42.0	56.3	6.98
2023-11-21	01	448.1	-13.3	-3.0	-18.0	63.8	4.88
2023-11-21	02	430.4	+55.3	+12.8	-28.0	53.2	5.75
2023-11-21	03	558.6	+15.5	+2.8	-15.0	49.2	5.75
2023-11-21	04	461.4	-62.8	-13.6	-8.0	60.8	4.56
2023-11-21	05	433.1	-5.3	-1.2	2.0	29.2	5.34
2023-11-21	06	450.8	+25.4	+5.6	5.0	32.8	4.68
2023-11-21	07	483.8	-8.9	-1.8	3.0	31.1	4.03
2023-11-21	08	433.0	-64.3	-14.9	0.0	17.1	4.76
2023-11-21	09	355.2	-45.1	-12.7	0.0	11.5	4.68
2023-11-21	10	342.8	+28.5	+8.3	10.0	351.5	4.93
2023-11-21	11	412.2	+7.3	+1.8	30.0	359.6	5.21
2023-11-21	12	357.5	-14.1	-4.0	30.0	341.3	4.35
2023-11-21	13	383.9	-52.1	-13.6	-11.0	344.5	5.13
2023-11-21	14	253.2	-18.5	-7.3	-2.0	331.8	4.80
2023-11-21	15	346.9	+135.1	+39.0	2.0	338.2	3.80
2023-11-21	16	523.4	+54.6	+10.4	-10.0	331.9	5.99
2023-11-21	17	456.1	+19.0	+4.2	30.0	341.5	5.75
2023-11-21	18	561.4	+77.2	+13.7	17.0	328.3	5.71
2023-11-21	19	610.4	+75.0	+12.3	39.0	326.3	5.09
2023-11-21	20	711.4	+5.8	+0.8	1.0	325.9	5.03
2023-11-21	21	621.9	+119.3	+19.2	-7.0	323.7	3.43
2023-11-21	22	949.9	-132.7	-14.0	-12.0	290.0	2.28
2023-11-21	23	356.5	-593.4	-166.5	-13.0	281.3	2.45
2023-11-25	00	408.8	-152.4	-37.3	-2.0	323.3	1.43
2023-11-25	01	256.4	-82.4	-32.1	-2.0	314.4	1.27
2023-11-25	02	244.0	-64.9	-26.6	-1.0	289.8	0.92
2023-11-25	03	126.7	-76.5	-60.4	-3.0	349.9	1.51
2023-11-25	04	91.0	+92.2	+101.3	0.0	318.9	0.66
2023-11-25	05	311.0	+128.8	+41.4	-1.0	301.8	0.57
2023-11-25	06	348.5	-7.7	-2.2	-1.0	168.9	0.78
2023-11-25	07	295.6	-75.4	-25.5	-1.0	191.3	0.83
2023-11-25	08	197.7	-97.3	-49.2	-1.0	199.4	0.84
2023-11-25	09	101.1	-10.5	-10.3	-1.0	208.9	0.96
2023-11-25	10	176.8	+54.1	+30.6	-1.0	227.2	1.04
2023-11-25	11	209.3	-14.4	-6.9	-1.0	217.3	0.76
2023-11-25	12	148.1	-67.3	-45.4	0.0	173.5	0.35
2023-11-25	13	74.8	-47.2	-63.0	-1.0	353.3	0.64
2023-11-25	14	53.8	+43.5	+81.0	6.0	116.2	0.32
2023-11-25	15	161.9	+217.0	+134.0	16.0	265.4	0.43
2023-11-25	16	487.8	+195.3	+40.0	38.0	184.0	1.27
2023-11-25	17	552.6	+43.9	+7.9	78.0	178.8	2.21
2023-11-25	18	575.6	+80.6	+14.0	119.0	211.1	2.38
2023-11-25	19	713.9	+68.3	+9.6	91.0	217.5	2.60
2023-11-25	20	712.3	+0.7	+0.1	80.0	197.6	2.37
2023-11-25	21	715.3	-7.3	-1.0	38.0	189.2	1.62
2023-11-25	22	697.7	-17.5	-2.5	0.0	183.7	1.07
2023-11-25	23	680.3	-17.4	-2.6	-3.0	150.6	1.67
2023-11-29	00	262.5	-10.1	-3.8	-10.0	193.1	3.98
2023-11-29	01	252.4	-24.9	-9.9	-25.0	196.8	5.45
2023-11-29	02	212.7	-9.0	-4.2	-20.0	192.1	5.62
2023-11-29	03	234.4	+15.7	+6.7	-30.0	198.3	6.63
2023-11-29	04	244.1	+13.3	+5.5	-30.0	200.3	5.52
2023-11-29	05	261.1	+23.6	+9.1	-30.0	194.8	5.30
2023-11-29	06	291.4	+35.7	+12.3	-40.0	196.8	5.46
2023-11-29	07	332.5	+18.9	+5.7	12.0	201.5	5.90
2023-11-29	08	329.3	+3.0	+0.9	-4.0	205.3	5.26
2023-11-29	09	338.5	-9.3	-2.8	-29.0	208.5	4.65
2023-11-29	10	310.7	-54.0	-17.4	-20.0	206.5	4.15
2023-11-29	11	230.4	-75.7	-32.9	-30.0	221.6	3.76
2023-11-29	12	159.2	-51.8	-32.5	-32.0	219.0	3.77
2023-11-29	13	126.7	-8.7	-6.9	-18.0	208.1	2.86
2023-11-29	14	141.7	+48.3	+34.1	-16.0	221.7	4.14
2023-11-29	15	223.4	+85.6	+38.3	10.0	249.4	4.30
2023-11-29	16	312.9	+64.4	+20.6	115.0	249.0	4.53
2023-11-29	17	352.2	+43.7	+12.4	125.0	270.8	4.27
2023-11-29	18	400.2	+35.1	+8.8	119.0	259.8	3.42
2023-11-29	19	422.5	+22.4	+5.3	95.0	256.4	3.83
2023-11-29	20	445.0	-9.4	-2.1	61.0	250.3	4.58
2023-11-29	21	403.8	-81.1	-20.1	5.0	236.7	4.08
2023-11-29	22	282.9	-127.3	-45.0	-31.0	217.3	3.75
2023-11-29	23	149.2	-133.7	-89.6	-25.0	211.9	3.08
2023-12-03	00	397.9	-7.2	-1.8	-19.0	59.5	2.90
2023-12-03	01	390.7	+36.2	+9.3	-17.0	68.3	2.66
2023-12-03	02	470.3	+22.0	+4.7	-16.0	62.9	3.21
2023-12-03	03	434.7	+17.7	+4.1	-4.0	65.6	3.40
2023-12-03	04	505.7	-52.2	-10.3	0.0	62.9	2.56
2023-12-03	05	330.4	-160.1	-48.5	-3.0	68.4	2.84
2023-12-03	06	185.4	-27.8	-15.0	-1.0	40.4	2.70
2023-12-03	07	274.9	-40.8	-14.8	3.0	34.9	1.84
2023-12-03	08	103.8	-93.4	-90.0	12.0	36.6	1.31
2023-12-03	09	88.0	-7.1	-8.1	-1.0	1.2	1.38
2023-12-03	10	89.6	+29.0	+32.4	-1.0	359.8	1.73
2023-12-03	11	145.9	+39.2	+26.8	0.0	6.7	1.29
2023-12-03	12	167.9	-0.5	-0.3	0.0	47.7	0.95
2023-12-03	13	144.8	-13.4	-9.2	0.0	1.9	0.54
2023-12-03	14	141.1	+22.1	+15.7	0.0	349.4	0.74
2023-12-03	15	189.0	+124.9	+66.1	2.0	331.1	2.12
2023-12-03	16	391.0	+94.0	+24.0	0.0	338.6	1.66
2023-12-03	17	377.0	+27.3	+7.2	-4.0	319.4	3.31
2023-12-03	18	445.7	+55.7	+12.5	24.0	314.4	3.26
2023-12-03	19	488.3	-7.7	-1.6	16.0	308.9	3.41
2023-12-03	20	430.3	-9.2	-2.1	14.0	326.7	3.65
2023-12-03	21	470.0	+28.7	+6.1	3.0	316.5	3.48
2023-12-03	22	487.7	-3.6	-0.7	2.0	317.4	3.24
2023-12-03	23	462.7	-25.0	-5.4	-4.0	315.0	2.41
2023-12-07	00	357.8	+30.7	+8.6	-50.0	182.8	6.86
2023-12-07	01	388.4	+32.1	+8.3	-60.0	196.3	6.87
2023-12-07	02	422.0	-4.4	-1.0	-42.0	186.3	5.30
2023-12-07	03	379.6	-22.2	-5.9	-64.0	194.6	6.44
2023-12-07	04	377.5	+5.2	+1.4	-67.0	206.2	6.61
2023-12-07	05	390.0	-17.9	-4.6	-58.0	208.4	5.32
2023-12-07	06	341.7	-29.8	-8.7	-50.0	209.1	5.17
2023-12-07	07	330.5	-16.1	-4.9	-48.0	212.2	4.90
2023-12-07	08	309.6	-14.3	-4.6	-30.0	207.9	3.58
2023-12-07	09	301.8	-35.5	-11.8	-28.0	211.8	3.70
2023-12-07	10	238.6	-78.3	-32.8	-20.0	208.2	3.00
2023-12-07	11	145.3	-59.5	-40.9	0.0	114.5	1.23
2023-12-07	12	119.6	-21.3	-17.8	-10.0	156.1	2.19
2023-12-07	13	102.7	-6.2	-6.0	-7.0	142.4	2.08
2023-12-07	14	107.3	+28.3	+26.4	-4.0	159.0	1.89
2023-12-07	15	159.3	+57.3	+36.0	17.0	175.5	2.90
2023-12-07	16	221.8	+73.3	+33.0	47.0	190.1	2.91
2023-12-07	17	305.9	+69.7	+22.8	55.0	186.2	2.54
2023-12-07	18	361.2	+41.1	+11.4	58.0	169.6	3.07
2023-12-07	19	388.1	+4.1	+1.1	43.0	157.3	3.49
2023-12-07	20	369.4	-54.3	-14.7	14.0	157.2	4.33
2023-12-07	21	279.4	-57.4	-20.5	-9.0	158.8	4.42
2023-12-07	22	254.6	-27.6	-10.8	-26.0	152.7	3.18
2023-12-07	23	224.3	-30.3	-13.5	-25.0	151.0	3.13
2023-12-11	00	723.3	-93.6	-12.9	31.0	313.8	1.89
2023-12-11	01	629.7	-43.5	-6.9	57.0	321.5	2.47
2023-12-11	02	636.3	+22.1	+3.5	43.0	305.4	2.07
2023-12-11	03	673.9	+40.4	+6.0	50.0	326.5	1.67
2023-12-11	04	717.1	+33.2	+4.6	54.0	323.9	2.34
2023-12-11	05	740.3	+5.5	+0.7	44.0	338.9	1.89
2023-12-11	06	728.1	-44.0	-6.0	65.0	328.1	3.01
2023-12-11	07	652.3	-65.1	-10.0	63.0	328.9	2.81
2023-12-11	08	597.9	-31.3	-5.2	82.0	302.0	2.17
2023-12-11	09	589.6	+7.3	+1.2	80.0	326.1	3.19
2023-12-11	10	612.4	+72.6	+11.9	43.0	344.7	1.92
2023-12-11	11	734.8	+43.4	+5.9	17.0	347.5	1.21
2023-12-11	12	699.2	-63.5	-9.1	13.0	355.5	1.04
2023-12-11	13	607.8	-72.5	-11.9	4.0	349.1	0.34
2023-12-11	14	554.2	+44.9	+8.1	15.0	77.0	0.70
2023-12-11	15	697.7	+22.0	+3.2	23.0	193.4	1.65
2023-12-11	16	598.2	-43.8	-7.3	43.0	198.0	1.86
2023-12-11	17	610.1	+2.6	+0.4	41.0	195.6	2.54
2023-12-11	18	603.4	+3.8	+0.6	83.0	213.8	3.44
2023-12-11	19	617.6	-8.3	-1.3	63.0	200.3	3.63
2023-12-11	20	586.7	-21.7	-3.7	47.0	212.2	3.88
2023-12-11	21	574.3	-115.0	-20.0	-1.0	204.1	3.40
2023-12-11	22	356.7	-194.6	-54.6	-10.0	194.1	2.14
2023-12-11	23	185.0	-171.6	-92.8	-11.0	178.8	2.52
2023-12-15	00	155.2	-9.6	-6.2	-26.0	194.9	3.14
2023-12-15	01	145.6	+0.5	+0.3	-27.0	191.4	3.27
2023-12-15	02	156.1	+2.4	+1.5	-46.0	208.1	4.29
2023-12-15	03	150.4	-5.7	-3.8	-46.0	205.5	4.29
2023-12-15	04	144.8	-5.3	-3.7	-32.0	200.0	3.52
2023-12-15	05	139.8	-7.5	-5.4	-24.0	199.1	3.04
2023-12-15	06	129.8	-4.5	-3.5	-38.0	219.9	3.56
2023-12-15	07	130.7	-5.0	-3.9	-45.0	213.1	3.72
2023-12-15	08	119.7	+2.1	+1.7	-15.0	194.6	2.41
2023-12-15	09	134.9	+12.6	+9.4	-7.0	205.6	2.14
2023-12-15	10	145.0	-7.2	-4.9	-7.0	197.9	2.02
2023-12-15	11	120.5	-6.8	-5.7	-5.0	196.3	1.84
2023-12-15	12	131.3	+8.3	+6.3	-10.0	187.8	2.06
2023-12-15	13	137.2	-2.2	-1.6	-3.0	185.0	1.57
2023-12-15	14	126.9	+19.2	+15.2	-4.0	183.9	1.76
2023-12-15	15	175.7	+85.4	+48.6	6.0	191.6	2.41
2023-12-15	16	297.6	+77.8	+26.1	42.0	186.7	3.13
2023-12-15	17	331.2	+27.2	+8.2	65.0	183.7	3.04
2023-12-15	18	352.1	+5.0	+1.4	102.0	182.5	3.22
2023-12-15	19	341.1	+0.5	+0.1	104.0	164.2	3.29
2023-12-15	20	353.1	-2.3	-0.6	30.0	159.5	2.90
2023-12-15	21	336.5	-101.8	-30.2	1.0	135.3	2.65
2023-12-15	22	149.6	-86.8	-58.0	-2.0	122.8	1.54
2023-12-15	23	163.0	+13.5	+8.3	-2.0	127.1	1.25
2023-12-19	00	691.1	-169.3	-24.5	-7.0	313.9	5.00
2023-12-19	01	521.8	-124.7	-23.9	-10.0	313.2	4.81
2023-12-19	02	441.8	-104.2	-23.6	-10.0	306.5	3.92
2023-12-19	03	313.3	-78.6	-25.1	-10.0	305.5	2.99
2023-12-19	04	284.5	-103.3	-36.3	0.0	293.1	1.64
2023-12-19	05	106.8	-102.7	-96.2	0.0	275.1	1.40
2023-12-19	06	79.1	-13.6	-17.2	-1.0	274.7	1.07
2023-12-19	07	79.6	-3.1	-3.9	-3.0	276.8	1.48
2023-12-19	08	73.0	-3.0	-4.1	-3.0	270.0	1.41
2023-12-19	09	73.5	-17.7	-24.0	0.0	303.0	0.60
2023-12-19	10	37.6	-16.5	-43.8	0.0	195.3	0.68
2023-12-19	11	40.6	+7.0	+17.1	0.0	205.1	0.90
2023-12-19	12	51.5	+18.9	+36.7	-10.0	193.7	1.94
2023-12-19	13	78.4	+26.8	+34.2	-8.0	187.8	2.06
2023-12-19	14	105.2	+114.3	+108.6	-7.0	188.1	2.76
2023-12-19	15	306.9	+108.3	+35.3	24.0	185.1	4.75
2023-12-19	16	321.9	+18.7	+5.8	71.0	193.5	5.84
2023-12-19	17	344.4	+14.6	+4.2	84.0	194.1	6.13
2023-12-19	18	351.1	+24.5	+7.0	78.0	185.0	5.81
2023-12-19	19	393.3	+45.2	+11.5	45.0	179.7	6.39
2023-12-19	20	441.4	+27.0	+6.1	92.0	183.2	6.64
2023-12-19	21	447.2	-46.2	-10.3	22.0	182.5	6.66
2023-12-19	22	349.0	-66.0	-18.9	-43.0	180.1	6.32
2023-12-19	23	315.3	-33.8	-10.7	-34.0	180.4	6.12
2023-12-23	00	155.7	-6.8	-4.3	-1.0	35.5	1.44
2023-12-23	01	148.9	+16.7	+11.2	-1.0	84.0	1.96
2023-12-23	02	189.0	-4.6	-2.4	-1.0	82.4	1.30
2023-12-23	03	139.7	-43.0	-30.8	-1.0	113.9	1.49
2023-12-23	04	102.9	-6.9	-6.7	0.0	244.8	0.11
2023-12-23	05	126.0	+35.7	+28.3	0.0	298.1	0.83
2023-12-23	06	174.2	-6.8	-3.9	0.0	8.8	0.29
2023-12-23	07	112.3	+8.7	+7.7	1.0	357.9	0.93
2023-12-23	08	191.6	-23.7	-12.4	0.0	100.0	0.39
2023-12-23	09	64.8	-37.1	-57.3	0.0	57.9	1.05
2023-12-23	10	117.3	-7.9	-6.7	2.0	107.0	1.09
2023-12-23	11	49.1	-29.9	-60.9	0.0	119.7	0.48
2023-12-23	12	57.5	+5.8	+10.1	0.0	63.5	0.65
2023-12-23	13	60.7	-0.6	-1.0	-1.0	91.0	1.04
2023-12-23	14	56.3	+45.9	+81.5	-1.0	143.2	1.16
2023-12-23	15	152.5	+96.8	+63.5	2.0	121.2	1.43
2023-12-23	16	249.9	+47.0	+18.8	-4.0	119.2	1.98
2023-12-23	17	246.4	+29.7	+12.1	28.0	92.8	1.64
2023-12-23	18	309.3	+63.5	+20.5	8.0	100.5	1.52
2023-12-23	19	373.4	+55.4	+14.8	5.0	104.8	1.67
2023-12-23	20	420.2	+7.7	+1.8	6.0	135.2	2.25
2023-12-23	21	388.8	-69.8	-17.9	4.0	110.6	2.19
2023-12-23	22	280.7	-65.3	-23.3	0.0	92.4	1.35
2023-12-23	23	258.3	-22.4	-8.7	-4.0	86.0	1.63
2023-12-27	00	1415.1	-221.8	-15.7	-1.0	155.2	0.90
2023-12-27	01	1193.3	-621.0	-52.0	-7.0	157.8	2.19
2023-12-27	02	173.2	-28.4	-16.4	-13.0	140.0	2.41
2023-12-27	03	1136.6	+4.6	+0.4	-11.0	128.9	2.14
2023-12-27	04	182.4	-523.5	-287.0	-3.0	151.0	1.53
2023-12-27	05	89.7	-65.1	-72.6	-2.0	128.1	1.42
2023-12-27	06	52.2	-29.1	-55.8	-6.0	143.3	1.85
2023-12-27	07	31.4	-11.3	-36.1	0.0	56.1	0.42
2023-12-27	08	29.5	-0.2	-0.6	0.0	106.6	0.66
2023-12-27	09	31.1	+9.9	+31.8	-2.0	51.1	1.61
2023-12-27	10	49.2	+27.4	+55.5	-1.0	55.6	1.15
2023-12-27	11	85.8	+45.1	+52.6	0.0	61.2	1.09
2023-12-27	12	139.5	+55.1	+39.5	4.0	47.6	2.04
2023-12-27	13	196.0	+52.1	+26.6	4.0	74.1	2.26
2023-12-27	14	243.7	+62.8	+25.7	8.0	43.4	2.19
2023-12-27	15	321.5	+38.3	+11.9	21.0	54.3	2.50
2023-12-27	16	320.3	+83.3	+26.0	41.0	26.6	2.91
2023-12-27	17	488.2	+91.9	+18.8	73.0	50.4	4.24
2023-12-27	18	504.0	+16.6	+3.3	76.0	50.7	5.06
2023-12-27	19	521.4	+57.8	+11.1	40.0	39.1	4.11
2023-12-27	20	619.6	+36.8	+5.9	36.0	44.6	3.33
2023-12-27	21	595.0	-11.0	-1.8	-4.0	33.8	4.51
2023-12-27	22	597.7	-33.8	-5.7	-21.0	18.6	3.51
2023-12-27	23	527.4	-70.3	-13.3	-25.0	25.4	3.27
2023-12-31	00	249.0	+106.1	+42.6	-1.0	20.3	0.74
2023-12-31	01	355.2	+172.3	+48.5	-1.0	212.1	1.00
2023-12-31	02	593.6	+102.1	+17.2	0.0	269.5	0.84
2023-12-31	03	559.3	+155.4	+27.8	-2.0	301.0	2.70
2023-12-31	04	904.3	+101.3	+11.2	-3.0	319.0	2.60
2023-12-31	05	762.0	-139.3	-18.3	-1.0	307.0	1.36
2023-12-31	06	625.7	-33.1	-5.3	1.0	301.9	3.19
2023-12-31	07	695.8	+133.9	+19.2	7.0	306.7	3.93
2023-12-31	08	893.4	-63.7	-7.1	1.0	317.5	3.00
2023-12-31	09	568.4	-74.0	-13.0	9.5	319.2	3.42
2023-12-31	10	745.3	+57.1	+7.7	5.0	306.3	3.08
2023-12-31	11	682.5	-118.7	-17.4	7.0	303.6	3.62
2023-12-31	12	507.9	-0.2	-0.0	13.0	307.1	4.32
2023-12-31	13	682.0	+45.3	+6.6	7.0	304.8	3.90
2023-12-31	14	598.4	-58.0	-9.7	7.0	296.5	4.81
2023-12-31	15	566.0	+50.1	+8.9	0.0	321.1	4.85
2023-12-31	16	698.7	+103.9	+14.9	-1.0	347.3	6.74
2023-12-31	17	773.8	-17.8	-2.3	-5.0	347.1	6.61
2023-12-31	18	663.2	-81.9	-12.4	-1.0	354.7	6.82
2023-12-31	19	610.0	+40.8	+6.7	-15.0	346.8	6.85
2023-12-31	20	744.9	+12.8	+1.7	0.0	340.0	5.55
2023-12-31	21	635.5	-61.2	-9.6	-16.0	337.3	5.45
2023-12-31	22	622.6	+54.7	+8.8	-20.0	336.5	5.01
2023-12-31	23	744.9	+122.4	+16.4	-24.0	331.5	4.95
