# per-record wind-aligned cone mask, bin/mask_cone.py, k=8 y_min=90 m
# asym = 1 - z_m/z_i with z_m = 30.0 m; removed_* are fractions of sum|f| over the raw raster
run_id	split	wdir_deg	zi_m	sigma_v	asym	integral_raw	integral_cone	err_raw	err_cone	removed_abs	removed_upwind	removed_near	negfrac_raw	negfrac_cone	kljun_removed	array_share
case_2021010121	train	7.1	662	0.5275	0.9547	1.0242	0.9727	+0.0696	+0.0180	0.17617	0.00125	0.00422	0.08189	0.01801	0.0000000	0.30764
case_2021010317	train	240.8	802	0.6319	0.9626	0.8483	0.7832	-0.1143	-0.1794	0.11572	0.02030	0.00000	0.02964	0.00892	0.0000000	0.00201
case_2021010418	train	227.1	802	0.6156	0.9626	1.6379	1.5980	+0.6753	+0.6354	0.07009	0.01738	0.00000	0.03415	0.01125	0.0000000	0.00780
case_2021010620	train	180.8	700	0.4964	0.9571	1.1718	1.1470	+0.2147	+0.1899	0.13140	0.00002	0.00104	0.07769	0.02410	0.0000000	0.00335
case_2021010721	train	6.8	781	0.5109	0.9616	0.9521	0.8597	-0.0095	-0.1018	0.17312	0.00020	0.00173	0.05673	0.01592	0.0000000	0.23055
case_2021010819	train	353.8	1037	0.7911	0.9711	1.0466	0.9859	+0.0755	+0.0148	0.11399	0.00092	0.00013	0.04366	0.01482	0.0000000	0.36404
case_2021010915	train	36.5	739	0.5137	0.9594	0.6997	0.7204	-0.2597	-0.2390	0.05910	0.00653	0.00000	0.17518	0.14457	0.0000000	0.00299
case_2021011021	train	263.2	719	0.5722	0.9583	0.8397	0.7811	-0.1186	-0.1772	0.14538	0.00074	0.00362	0.04775	0.00774	0.0000000	-0.00175
case_2021011109	train	233.9	681	0.5001	0.9559	1.1131	1.0472	+0.1572	+0.0913	0.10669	0.01132	0.00000	0.03308	0.00827	0.0000000	0.00062
case_2021011519	train	81.1	891	0.6068	0.9663	1.0290	0.9843	+0.0627	+0.0180	0.13175	0.00332	0.00051	0.08113	0.03853	0.0000000	-0.00036
case_2021011617	train	325.4	405	0.7096	0.9260	0.9790	0.9130	+0.0530	-0.0130	0.12325	0.01411	0.00000	0.04165	0.01248	0.0000000	0.05477
case_2021011716	train	343.1	405	0.5819	0.9260	1.0792	1.0032	+0.1532	+0.0772	0.10908	0.00687	0.00000	0.02365	0.00298	0.0000000	0.24622
case_2021011820	train	265.2	739	0.7538	0.9594	1.0886	0.9882	+0.1292	+0.0288	0.15486	0.00072	0.00429	0.03720	0.00292	0.0000000	-0.00010
case_2021011903	train	270.5	719	0.5848	0.9583	0.7781	0.7691	-0.1802	-0.1892	0.16908	0.00041	0.00785	0.09039	0.01275	0.0000000	-0.00007
case_2021012020	train	167.5	247	0.9100	0.8786	0.8758	0.8411	-0.0028	-0.0375	0.17812	0.00872	0.00002	0.08919	0.01999	0.0000000	0.00061
case_2021012220	train	288.1	781	0.8998	0.9616	1.1564	1.0657	+0.1948	+0.1041	0.10901	0.00876	0.00000	0.02405	0.00772	0.0000000	0.01127
case_2021012319	train	197.9	719	0.8671	0.9583	0.7440	0.7139	-0.2143	-0.2444	0.11444	0.00752	0.00000	0.04602	0.00809	0.0000000	0.01411
case_2021012418	train	281.3	1063	0.7286	0.9718	0.8589	0.7873	-0.1129	-0.1845	0.14558	0.00422	0.00000	0.03815	0.00448	0.0000000	0.00014
case_2021012517	train	50.9	760	0.7580	0.9605	1.2479	1.2312	+0.2874	+0.2707	0.04616	0.00840	0.00000	0.05450	0.03917	0.0000000	0.02437
case_2021012620	train	344.9	781	0.6380	0.9616	1.0176	0.9249	+0.0561	-0.0367	0.15202	0.00940	0.00003	0.04427	0.01155	0.0000000	0.23930
case_2021012720	train	308.9	781	0.8123	0.9616	1.2308	1.1338	+0.2692	+0.1722	0.11099	0.02522	0.00000	0.03454	0.01767	0.0000000	0.01524
case_2021012820	train	305.4	802	0.7316	0.9626	1.3907	1.2975	+0.4281	+0.3349	0.10609	0.01442	0.00000	0.03460	0.01427	0.0000000	0.02836
case_2021012918	train	148.0	760	0.6592	0.9605	0.5661	0.5651	-0.3944	-0.3954	0.20459	0.05126	0.00000	0.12033	0.02351	0.0000000	0.00276
case_2021013016	train	107.4	739	0.6993	0.9594	0.7916	0.7394	-0.1678	-0.2201	0.13063	0.00848	0.00000	0.05080	0.01742	0.0000000	0.00000
case_2021013116	train	23.5	845	0.7408	0.9645	0.9563	0.8878	-0.0082	-0.0767	0.13593	0.02936	0.00000	0.04355	0.00960	0.0000000	0.05339
case_2021020119	train	320.5	781	0.6326	0.9616	1.2046	1.1343	+0.2430	+0.1728	0.09069	0.01466	0.00000	0.05243	0.03650	0.0000000	0.03308
case_2021020219	train	341.9	1037	0.6900	0.9711	0.9386	0.8383	-0.0325	-0.1328	0.16249	0.02050	0.00000	0.03400	0.00306	0.0000000	0.15361
case_2021020419	train	135.1	739	0.5650	0.9594	0.8736	0.7959	-0.0859	-0.1635	0.13550	0.02897	0.00000	0.03498	0.00992	0.0000000	0.00000
case_2021020518	train	237.0	292	0.9752	0.8973	0.9394	0.8749	+0.0422	-0.0224	0.12121	0.02753	0.00000	0.04554	0.01840	0.0000000	0.00128
case_2021020622	train	256.8	868	0.7286	0.9654	0.9872	0.9385	+0.0218	-0.0269	0.13613	0.00942	0.00000	0.05454	0.00979	0.0000000	0.00046
case_2021020720	train	266.2	719	0.8090	0.9583	0.9369	0.8972	-0.0214	-0.0611	0.10963	0.00022	0.00328	0.03990	0.00518	0.0000000	0.00138
case_2021020822	train	240.5	392	0.5623	0.9234	1.2464	1.2085	+0.3229	+0.2850	0.09070	0.01393	0.00000	0.05174	0.02202	0.0000000	0.00133
case_2021020922	train	271.6	448	0.6986	0.9330	0.9402	0.8479	+0.0072	-0.0851	0.16254	0.00042	0.00813	0.03938	0.00395	0.0000000	0.00309
case_2021021021	train	314.4	739	0.6099	0.9594	1.2846	1.2533	+0.3251	+0.2938	0.09515	0.03696	0.00000	0.04707	0.01164	0.0000000	0.02356
case_2021021120	train	328.2	760	0.7632	0.9605	2.0160	1.9707	+1.0555	+1.0102	0.07707	0.01257	0.00000	0.05121	0.02466	0.0000000	0.24044
case_2021021217	train	299.4	719	0.7622	0.9583	1.0220	0.9926	+0.0637	+0.0343	0.10095	0.01552	0.00000	0.05302	0.01711	0.0000000	0.01352
case_2021021319	train	278.6	739	0.7904	0.9594	0.8299	0.7793	-0.1295	-0.1802	0.14194	0.00166	0.00159	0.06756	0.02677	0.0000000	0.00480
case_2021021418	train	306.7	802	0.9162	0.9626	1.1878	1.1299	+0.2252	+0.1673	0.10099	0.01718	0.00000	0.03994	0.01318	0.0000000	0.02975
case_2021021519	train	30.4	781	0.7909	0.9616	1.1600	1.1546	+0.1985	+0.1931	0.07749	0.01039	0.00000	0.06046	0.02575	0.0000000	0.20457
case_2021021617	train	357.0	760	0.8252	0.9605	1.0858	1.0172	+0.1253	+0.0567	0.12787	0.00004	0.00242	0.04338	0.00948	0.0000000	0.40278
case_2021021721	train	149.8	739	0.6433	0.9594	1.8132	1.8772	+0.8538	+0.9177	0.12609	0.02422	0.00000	0.08822	0.01219	0.0000000	0.02292
case_2021021820	train	180.7	590	0.9557	0.9492	0.7363	0.6624	-0.2128	-0.2867	0.15276	0.00004	0.00712	0.03688	0.00824	0.0000000	0.00169
case_2021021922	train	256.5	962	0.7032	0.9688	1.0578	0.9576	+0.0890	-0.0112	0.14972	0.01030	0.00000	0.03266	0.00242	0.0000000	0.00098
case_2021022020	train	211.1	781	0.7399	0.9616	0.8587	0.8061	-0.1028	-0.1555	0.09673	0.01446	0.00000	0.04662	0.02885	0.0000000	0.00987
case_2021022119	train	131.9	781	0.6719	0.9616	0.7543	0.7449	-0.2072	-0.2167	0.09643	0.01707	0.00000	0.07844	0.03927	0.0000000	0.00113
case_2021022216	train	235.0	681	0.6820	0.9559	1.5125	1.4179	+0.5566	+0.4619	0.07908	0.01107	0.00000	0.01018	0.00140	0.0000000	0.00159
case_2021022516	train	268.6	226	0.6348	0.8671	0.9705	0.8840	+0.1034	+0.0169	0.12147	0.00013	0.00400	0.01988	0.00216	0.0000000	0.00047
case_2021022619	train	136.3	781	0.5891	0.9616	0.7789	0.7814	-0.1827	-0.1801	0.15992	0.08091	0.00000	0.09154	0.01220	0.0000000	0.00097
case_2021030105	train	271.9	215	0.5691	0.8607	0.7915	0.7158	-0.0692	-0.1449	0.20855	0.00059	0.00748	0.07340	0.01255	0.0000000	0.00353
case_2021030217	train	191.0	781	0.8634	0.9616	1.0030	0.9208	+0.0415	-0.0408	0.15198	0.00281	0.00017	0.05966	0.02330	0.0000000	0.01470
case_2021030317	train	304.6	781	0.8169	0.9616	1.2291	1.1572	+0.2675	+0.1956	0.11833	0.01657	0.00000	0.06650	0.03708	0.0000000	0.01399
case_2021030414	train	346.9	719	0.7975	0.9583	1.6372	1.4821	+0.6789	+0.5238	0.12415	0.00363	0.00041	0.02268	0.00662	0.0000000	0.34556
case_2021030521	train	291.1	937	0.9534	0.9680	1.0755	0.9969	+0.1075	+0.0289	0.12910	0.01890	0.00000	0.03344	0.00340	0.0000000	0.00113
case_2021030619	train	278.5	802	0.7382	0.9626	1.1413	1.1093	+0.1787	+0.1467	0.09108	0.00154	0.00085	0.03657	0.00446	0.0000000	0.00493
case_2021030721	train	174.0	760	0.9928	0.9605	1.1946	1.0837	+0.2341	+0.1232	0.14556	0.00056	0.00069	0.05302	0.02543	0.0000000	0.02960
case_2021030820	train	275.3	1089	1.0189	0.9725	0.7982	0.7349	-0.1742	-0.2376	0.14696	0.00129	0.00430	0.05807	0.02305	0.0000000	0.00327
case_2021030918	train	155.9	823	0.8807	0.9636	0.9611	0.8884	-0.0024	-0.0752	0.19053	0.03046	0.00000	0.08388	0.02486	0.0000000	0.02346
case_2021031015	train	157.7	823	0.7076	0.9636	0.9306	0.8356	-0.0330	-0.1279	0.20188	0.03499	0.00000	0.06037	0.00539	0.0000000	0.00047
case_2021031119	train	256.5	1089	1.0060	0.9725	0.8416	0.7807	-0.1309	-0.1918	0.13231	0.00696	0.00000	0.03819	0.00631	0.0000000	0.00018
case_2021031222	train	278.2	1116	0.9004	0.9731	0.9968	0.9133	+0.0237	-0.0599	0.13237	0.00265	0.00129	0.02863	0.00224	0.0000000	0.00071
case_2021031419	train	36.6	1259	1.3107	0.9762	0.9052	0.8752	-0.0710	-0.1010	0.09463	0.02520	0.00000	0.09461	0.06705	0.0000000	0.03024
case_2021031520	train	62.1	556	0.8686	0.9461	1.4300	1.3173	+0.4839	+0.3713	0.12358	0.01642	0.00000	0.04476	0.02148	0.0000000	0.00007
case_2021031610	train	42.0	681	0.4582	0.9559	0.7801	0.7907	-0.1758	-0.1652	0.04028	0.00593	0.00000	0.14295	0.12293	0.0000000	0.00126
case_2021031722	train	9.6	802	0.5809	0.9626	1.1597	1.0806	+0.1972	+0.1180	0.11460	0.00152	0.00103	0.03347	0.00907	0.0000000	0.31757
case_2021031822	train	7.6	556	1.2505	0.9461	1.2114	1.0706	+0.2653	+0.1246	0.15520	0.00232	0.00237	0.02809	0.00628	0.0000000	0.25772
case_2021031920	train	94.8	1011	1.2150	0.9703	1.0774	1.0582	+0.1071	+0.0879	0.06249	0.00008	0.00203	0.03294	0.01066	0.0000000	0.00335
case_2021032020	train	177.2	1037	1.4414	0.9711	0.9063	0.8567	-0.0648	-0.1143	0.10807	0.00007	0.00091	0.05960	0.03322	0.0000000	0.01603
case_2021032122	train	162.4	1144	1.1327	0.9738	0.6379	0.6027	-0.3358	-0.3710	0.24800	0.01981	0.00000	0.13122	0.03666	0.0000000	0.00164
case_2021032216	train	202.9	802	1.0652	0.9626	0.6375	0.6197	-0.3251	-0.3429	0.10938	0.01948	0.00000	0.06680	0.02723	0.0000000	0.04220
case_2021032318	train	125.2	760	0.9238	0.9605	0.7927	0.7461	-0.1678	-0.2145	0.11664	0.02868	0.00000	0.06672	0.03836	0.0000000	0.00216
case_2021032415	train	160.1	802	0.6849	0.9626	0.7785	0.7020	-0.1840	-0.2606	0.17465	0.01989	0.00000	0.05012	0.00851	0.0000000	0.00039
case_2021032518	train	338.2	868	1.0038	0.9654	1.7946	1.6988	+0.8291	+0.7334	0.09496	0.01269	0.00000	0.03606	0.01473	0.0000000	0.38651
case_2021032619	train	253.5	1011	0.8979	0.9703	0.8258	0.7617	-0.1446	-0.2086	0.14935	0.01331	0.00000	0.05395	0.01628	0.0000000	0.00139
case_2021032715	train	124.3	643	0.4790	0.9534	0.3510	0.3476	-0.6023	-0.6058	0.12483	0.01178	0.00000	0.16548	0.12154	0.0000000	0.00033
case_2021032808	train	275.7	462	0.7931	0.9351	0.8540	0.7635	-0.0811	-0.1716	0.16992	0.00179	0.00314	0.04785	0.01297	0.0000000	-0.00056
case_2021032917	train	157.5	681	1.0866	0.9559	1.1181	0.9881	+0.1622	+0.0322	0.19986	0.02890	0.00000	0.07683	0.03261	0.0000000	0.00968
case_2021033020	train	225.7	1172	1.5230	0.9744	1.5231	1.4593	+0.5487	+0.4849	0.09796	0.03342	0.00000	0.04832	0.02026	0.0000000	0.01356
case_2021033115	train	290.7	1351	1.1341	0.9778	1.1595	1.0791	+0.1817	+0.1013	0.13434	0.01476	0.00000	0.05386	0.02035	0.0000000	0.00264
case_2021040115	train	333.4	1320	1.4009	0.9773	1.2966	1.1796	+0.3193	+0.2023	0.13069	0.01972	0.00000	0.04301	0.02173	0.0000000	0.20726
case_2021040220	train	195.0	1116	1.3054	0.9731	0.9320	0.9304	-0.0412	-0.0427	0.09879	0.00403	0.00017	0.07080	0.02456	0.0000000	0.06205
case_2021040318	train	249.5	1089	1.2493	0.9725	0.9796	0.8963	+0.0071	-0.0761	0.11155	0.01089	0.00000	0.02092	0.00660	0.0000000	0.01403
case_2021040421	train	190.4	1063	1.1507	0.9718	0.7296	0.6989	-0.2422	-0.2729	0.13527	0.00163	0.00194	0.08051	0.03530	0.0000000	0.01601
case_2021040518	train	175.5	760	1.3999	0.9605	1.1206	1.0711	+0.1601	+0.1106	0.12077	0.00014	0.00125	0.05034	0.01114	0.0000000	0.03900
case_2021040723	train	143.0	1037	0.6990	0.9711	0.6776	0.6402	-0.2935	-0.3309	0.18702	0.05847	0.00000	0.09397	0.02815	0.0000000	0.00042
case_2021040815	train	133.6	845	0.8318	0.9645	1.0884	1.0350	+0.1239	+0.0705	0.11099	0.05093	0.00000	0.04230	0.01043	0.0000000	0.01617
case_2021040901	train	140.0	781	0.5318	0.9616	0.8182	0.7584	-0.1434	-0.2031	0.12370	0.03771	0.00000	0.05478	0.02904	0.0000000	0.00006
case_2021041015	train	50.9	823	0.6109	0.9636	0.9728	0.9706	+0.0093	+0.0070	0.03227	0.00547	0.00000	0.10234	0.09002	0.0000000	0.00816
case_2021041113	train	340.9	1011	0.6655	0.9703	0.8995	0.8214	-0.0708	-0.1490	0.15438	0.01859	0.00000	0.04423	0.00785	0.0000000	0.22625
case_2021041217	train	262.5	1351	1.2937	0.9778	0.9012	0.8293	-0.0766	-0.1485	0.14931	0.00093	0.00066	0.06534	0.02983	0.0000000	0.00289
case_2021041316	train	243.8	868	0.8680	0.9654	0.7893	0.7273	-0.1761	-0.2381	0.14446	0.03115	0.00000	0.04285	0.00764	0.0000000	0.00097
case_2021041415	train	274.3	914	0.8541	0.9672	1.1469	1.0375	+0.1797	+0.0703	0.14722	0.00049	0.00494	0.03720	0.00909	0.0000000	0.00201
case_2021041523	train	307.6	1116	0.8647	0.9731	1.0472	0.9762	+0.0740	+0.0031	0.11470	0.02421	0.00000	0.04747	0.02347	0.0000000	0.00706
case_2021041618	train	339.7	1320	1.5881	0.9773	1.0868	1.0340	+0.1095	+0.0567	0.11273	0.01277	0.00025	0.04947	0.01688	0.0000000	0.35804
case_2021041911	train	248.9	292	0.6646	0.8973	1.2252	1.1535	+0.3279	+0.2562	0.13607	0.02002	0.00000	0.04969	0.00926	0.0000000	0.00108
case_2021042215	train	284.1	891	1.2694	0.9663	1.0071	0.9768	+0.0408	+0.0105	0.10363	0.00308	0.00009	0.05984	0.02375	0.0000000	0.00604
case_2021042517	train	311.6	1172	1.4597	0.9744	1.1727	1.1312	+0.1983	+0.1568	0.07537	0.02174	0.00000	0.03774	0.01774	0.0000000	0.08685
case_2021042614	train	152.2	823	0.7979	0.9636	1.4135	1.1287	+0.4500	+0.1652	0.24756	0.06400	0.00000	0.03509	0.00662	0.0000000	0.00959
case_2021042821	train	4.1	681	1.1193	0.9559	1.0829	1.0761	+0.1269	+0.1201	0.06965	0.00008	0.00082	0.04111	0.00985	0.0000000	0.30632
case_2021043017	train	314.4	1229	1.6106	0.9756	1.0894	1.0279	+0.1138	+0.0523	0.10050	0.04586	0.00000	0.03662	0.01392	0.0000000	0.02245
case_2021050115	train	180.2	845	0.7481	0.9645	0.8238	0.7180	-0.1407	-0.2465	0.18293	0.00023	0.00653	0.03593	0.00497	0.0000000	0.00050
case_2021050320	train	227.6	1089	0.7929	0.9725	1.3824	1.3393	+0.4100	+0.3668	0.05470	0.01110	0.00000	0.02034	0.00843	0.0000000	0.00416
case_2021050410	train	297.9	845	0.5726	0.9645	0.9244	0.8688	-0.0401	-0.0957	0.12460	0.03158	0.00000	0.04075	0.00694	0.0000000	0.00055
case_2021050615	train	356.4	1011	0.9350	0.9703	1.1789	1.0790	+0.2085	+0.1087	0.15124	0.00014	0.00300	0.04671	0.01118	0.0000000	0.37443
case_2021050817	train	24.7	1200	1.4268	0.9750	1.3436	1.3123	+0.3686	+0.3373	0.09355	0.01851	0.00000	0.07334	0.04029	0.0000000	0.23323
case_2021051522	train	203.2	845	0.7448	0.9645	1.1710	1.0631	+0.2065	+0.0986	0.13649	0.01755	0.00000	0.02752	0.00328	0.0000000	0.00161
case_2021051618	train	191.7	1320	1.1011	0.9773	1.3686	1.2370	+0.3914	+0.2598	0.14663	0.00279	0.00059	0.03518	0.00770	0.0000000	0.01279
case_2021051822	train	90.8	781	0.6472	0.9616	1.3282	1.2572	+0.3667	+0.2956	0.11276	0.00010	0.00379	0.06538	0.03633	0.0000000	0.00156
case_2021051912	train	168.6	868	0.5902	0.9654	0.9005	0.8750	-0.0649	-0.0905	0.18069	0.00362	0.00000	0.11492	0.04333	0.0000000	0.00503
case_2021052016	train	165.8	1063	1.1595	0.9718	0.9061	0.8131	-0.0657	-0.1587	0.17937	0.00862	0.00004	0.05858	0.01730	0.0000000	0.00252
case_2021052122	train	186.1	823	0.5738	0.9636	0.7103	0.6494	-0.2533	-0.3142	0.17373	0.00108	0.00214	0.06964	0.02383	0.0000000	0.00101
case_2021052217	train	225.8	1116	1.3712	0.9731	0.9705	0.9358	-0.0027	-0.0373	0.06204	0.01787	0.00000	0.02917	0.01596	0.0000000	0.00496
case_2021052316	train	271.8	1063	0.7493	0.9718	0.8319	0.7531	-0.1398	-0.2187	0.13898	0.00058	0.01037	0.03267	0.00868	0.0000000	0.00310
case_2021052407	train	181.8	845	0.5446	0.9645	1.3297	1.2561	+0.3652	+0.2916	0.12019	0.00007	0.00229	0.03950	0.00556	0.0000000	0.00030
case_2021052521	train	198.8	1089	1.3905	0.9725	1.0530	0.9473	+0.0805	-0.0252	0.15472	0.00849	0.00000	0.04767	0.01859	0.0000000	0.00915
case_2021052600	train	185.0	868	0.7054	0.9654	0.7049	0.6293	-0.2605	-0.3361	0.18375	0.00058	0.00492	0.05556	0.01388	0.0000000	-0.00008
case_2021052714	train	69.7	868	0.9142	0.9654	1.1407	1.1444	+0.1753	+0.1790	0.06940	0.00564	0.00000	0.09988	0.06863	0.0000000	0.01892
case_2021052811	train	23.7	1063	0.7369	0.9718	1.0517	0.9245	+0.0799	-0.0472	0.15971	0.03300	0.00000	0.02591	0.00401	0.0000000	0.06902
case_2021052917	train	55.6	1320	1.4345	0.9773	1.0031	0.9782	+0.0258	+0.0009	0.08670	0.02065	0.00000	0.08916	0.06133	0.0000000	0.00743
case_2021053017	train	247.7	1259	1.4563	0.9762	1.0314	0.9580	+0.0552	-0.0181	0.13691	0.01985	0.00000	0.05596	0.02212	0.0000000	0.00699
case_2021060403	train	302.8	1011	0.8704	0.9703	1.2323	1.1617	+0.2619	+0.1914	0.11556	0.02025	0.00000	0.04918	0.01945	0.0000000	0.02189
case_2021060722	train	191.8	719	0.7337	0.9583	0.6746	0.6086	-0.2837	-0.3497	0.15332	0.00290	0.00000	0.04423	0.01433	0.0000000	0.00940
case_2021060800	train	203.1	781	0.4812	0.9616	0.8415	0.8341	-0.1200	-0.1275	0.11678	0.01148	0.00000	0.05995	0.00617	0.0000000	0.00806
case_2021061200	train	84.6	868	0.7356	0.9654	1.1042	1.0916	+0.1388	+0.1261	0.05381	0.00002	0.00005	0.05599	0.03613	0.0000000	0.00224
case_2021061720	train	208.2	868	1.3269	0.9654	1.0170	0.9756	+0.0516	+0.0102	0.08640	0.01086	0.00000	0.03756	0.01444	0.0000000	0.03162
case_2021061815	train	271.8	643	0.8560	0.9534	1.3026	1.2111	+0.3492	+0.2578	0.10508	0.00032	0.00320	0.03239	0.01417	0.0000000	0.01254
case_2021062022	train	175.6	607	1.1158	0.9506	1.0536	1.0573	+0.1030	+0.1067	0.14338	0.00004	0.00137	0.14873	0.08851	0.0000000	0.09229
case_2021062103	train	182.9	719	0.5093	0.9583	1.0253	0.9680	+0.0670	+0.0097	0.13667	0.00017	0.00211	0.04380	0.00111	0.0000000	0.00102
case_2021062316	train	199.5	914	1.2617	0.9672	1.0853	0.9671	+0.1181	-0.0001	0.16090	0.00966	0.00000	0.05156	0.02380	0.0000000	0.01519
case_2021062421	train	204.8	845	1.0390	0.9645	1.2144	1.1382	+0.2499	+0.1737	0.13122	0.01598	0.00000	0.06379	0.02940	0.0000000	0.02050
case_2021070321	train	281.3	1063	1.1150	0.9718	0.8906	0.8077	-0.0812	-0.1641	0.14589	0.00417	0.00003	0.03923	0.01073	0.0000000	0.00267
case_2021070418	train	235.7	1089	1.4135	0.9725	1.2871	1.2118	+0.3146	+0.2393	0.08502	0.01522	0.00000	0.02620	0.01248	0.0000000	0.00827
case_2021070721	train	232.8	1063	1.0510	0.9718	1.0284	0.9751	+0.0566	+0.0034	0.09652	0.01878	0.00000	0.03594	0.01297	0.0000000	0.00259
case_2021070806	train	17.2	700	0.5757	0.9571	1.4472	1.3944	+0.4900	+0.4373	0.09213	0.00300	0.00000	0.03398	0.00539	0.0000000	0.20522
case_2021070900	train	318.9	845	0.6333	0.9645	1.3960	1.3042	+0.4315	+0.3397	0.08616	0.01501	0.00000	0.01919	0.00846	0.0000000	0.02760
case_2021071022	train	66.0	914	0.9023	0.9672	1.0199	0.9757	+0.0528	+0.0085	0.10848	0.01395	0.00000	0.08448	0.05414	0.0000000	0.00114
case_2021071118	train	35.0	1144	1.2931	0.9738	1.4897	1.4101	+0.5160	+0.4363	0.07705	0.01731	0.00000	0.02462	0.01248	0.0000000	0.03447
case_2021071221	train	70.9	914	0.9514	0.9672	1.3227	1.2444	+0.3555	+0.2773	0.10319	0.00740	0.00000	0.05126	0.02922	0.0000000	0.00114
case_2021071315	train	313.4	643	0.8654	0.9534	1.3286	1.3758	+0.3752	+0.4225	0.09426	0.03997	0.00000	0.09496	0.03690	0.0000000	0.11457
case_2021071421	train	190.1	643	0.8734	0.9534	0.7609	0.7048	-0.1924	-0.2485	0.12727	0.00161	0.00001	0.06821	0.04172	0.0000000	0.04471
case_2021071513	train	305.9	1289	0.5329	0.9767	0.9259	0.8681	-0.0508	-0.1086	0.12466	0.00893	0.00000	0.04252	0.01000	0.0000000	0.01272
case_2021071617	train	42.2	1116	1.2543	0.9731	1.2549	1.1923	+0.2817	+0.2191	0.07108	0.01955	0.00000	0.03567	0.02508	0.0000000	0.00374
case_2021072017	train	292.7	845	1.1590	0.9645	1.0497	0.9705	+0.0852	+0.0060	0.10913	0.01369	0.00000	0.03997	0.02261	0.0000000	0.01247
case_2021072109	train	76.6	802	0.4456	0.9626	1.2553	1.1883	+0.2927	+0.2257	0.07234	0.00030	0.00000	0.02940	0.01975	0.0000000	0.00000
case_2021072220	train	237.7	1089	1.3075	0.9725	1.3221	1.2494	+0.3497	+0.2770	0.10032	0.01838	0.00000	0.04961	0.02692	0.0000000	0.00991
case_2021072416	train	244.4	1037	1.1491	0.9711	0.9964	0.9379	+0.0253	-0.0332	0.13864	0.02095	0.00000	0.06570	0.02541	0.0000000	0.00473
case_2021072714	train	224.3	662	0.8044	0.9547	1.0846	1.0377	+0.1300	+0.0830	0.08423	0.02869	0.00000	0.04185	0.02138	0.0000000	0.01191
case_2021072818	train	276.0	986	1.2317	0.9696	1.1824	1.1009	+0.2128	+0.1314	0.11432	0.00034	0.00277	0.04518	0.02183	0.0000000	0.01010
case_2021072905	train	205.5	508	0.5825	0.9409	0.8896	0.8331	-0.0513	-0.1079	0.16550	0.02183	0.00000	0.06365	0.01035	0.0000000	0.00499
case_2021073016	train	334.1	962	1.1200	0.9688	1.2350	1.1584	+0.2662	+0.1896	0.10217	0.01642	0.00000	0.04774	0.02750	0.0000000	0.30794
case_2021080522	train	185.7	700	0.7408	0.9571	0.8606	0.8050	-0.0966	-0.1521	0.14789	0.00077	0.00237	0.05120	0.00733	0.0000000	0.00193
case_2021080614	train	221.9	643	0.8814	0.9534	1.4054	1.3168	+0.4520	+0.3634	0.08812	0.02432	0.00000	0.04042	0.02778	0.0000000	0.02536
case_2021080718	train	144.6	662	0.8291	0.9547	0.8011	0.7762	-0.1536	-0.1784	0.11538	0.01734	0.00000	0.05686	0.01460	0.0000000	0.00976
case_2021080815	train	182.2	681	0.8540	0.9559	0.6595	0.6014	-0.2965	-0.3545	0.15203	0.00013	0.00476	0.05740	0.02397	0.0000000	0.00952
case_2021080916	train	155.7	681	0.7883	0.9559	0.9960	0.9165	+0.0401	-0.0395	0.14250	0.01865	0.00000	0.04240	0.00898	0.0000000	0.02439
case_2021081117	train	176.6	823	1.0700	0.9636	0.7935	0.7263	-0.1701	-0.2372	0.18421	0.00039	0.00202	0.06960	0.01705	0.0000000	0.00257
case_2021081221	train	237.8	1037	0.8795	0.9711	1.0138	0.9466	+0.0427	-0.0245	0.11729	0.02767	0.00000	0.03270	0.00569	0.0000000	0.00350
case_2021081717	train	203.2	1089	1.2321	0.9725	1.2105	1.1120	+0.2381	+0.1396	0.13593	0.01459	0.00000	0.05163	0.02331	0.0000000	0.01715
case_2021082122	train	252.1	986	0.8315	0.9696	1.2664	1.1291	+0.2968	+0.1595	0.15164	0.01376	0.00000	0.03095	0.00706	0.0000000	0.00332
case_2021082220	train	250.6	914	1.1282	0.9672	1.1295	1.0450	+0.1623	+0.0778	0.14156	0.01430	0.00054	0.05772	0.02333	0.0000000	0.00844
case_2021082322	train	229.3	1063	0.8540	0.9718	1.6783	1.5926	+0.7066	+0.6208	0.06696	0.01193	0.00000	0.01164	0.00334	0.0000000	0.00351
case_2021082421	train	344.5	1172	1.0861	0.9744	1.0240	1.0223	+0.0496	+0.0479	0.07419	0.00692	0.00000	0.06494	0.03088	0.0000000	0.39880
case_2021082515	train	237.0	625	0.8248	0.9520	1.3793	1.3156	+0.4273	+0.3636	0.08069	0.01089	0.00000	0.03689	0.01949	0.0000000	0.01539
case_2021082621	train	182.9	1037	0.9929	0.9711	0.7970	0.7373	-0.1740	-0.2338	0.19470	0.00008	0.00655	0.07816	0.01545	0.0000000	0.00421
case_2021082715	train	178.3	700	0.8885	0.9571	1.1147	1.0718	+0.1576	+0.1146	0.11552	0.00004	0.00038	0.10673	0.07248	0.0000000	0.04761
case_2021082809	train	181.1	739	0.4870	0.9594	0.7671	0.7622	-0.1923	-0.1973	0.12745	0.00004	0.00210	0.06878	0.00897	0.0000000	0.00095
case_2021082918	train	249.0	1063	1.3437	0.9718	1.1466	1.0771	+0.1748	+0.1053	0.14074	0.01845	0.00000	0.06077	0.01983	0.0000000	0.00623
case_2021083118	train	78.3	1089	1.2018	0.9725	1.0250	0.9551	+0.0525	-0.0174	0.13489	0.00380	0.00030	0.06010	0.02618	0.0000000	0.00008
case_2021090119	train	26.8	1144	1.3131	0.9738	1.1283	1.0540	+0.1545	+0.0802	0.11008	0.02393	0.00000	0.04381	0.02115	0.0000000	0.06531
case_2021090322	train	158.6	1037	0.6459	0.9711	1.1851	1.0260	+0.2141	+0.0549	0.18647	0.02400	0.00000	0.03246	0.00247	0.0000000	0.00133
case_2021090419	train	267.7	962	0.8714	0.9688	1.0135	0.9634	+0.0447	-0.0054	0.13611	0.00008	0.00204	0.05749	0.01312	0.0000000	0.00140
case_2021090715	train	218.4	662	0.7783	0.9547	1.6068	1.5410	+0.6521	+0.5863	0.06917	0.00641	0.00000	0.02497	0.01055	0.0000000	0.00390
case_2021091120	train	233.6	1037	1.0016	0.9711	1.0799	1.0312	+0.1089	+0.0602	0.09868	0.01857	0.00000	0.04641	0.01945	0.0000000	0.00223
case_2021091217	train	291.3	739	0.7634	0.9594	0.9550	0.9000	-0.0044	-0.0594	0.10059	0.01270	0.00000	0.04741	0.02575	0.0000000	0.01658
case_2021091318	train	128.1	2054	0.6878	0.9854	0.7806	0.7315	-0.2048	-0.2539	0.08756	0.01019	0.00000	0.02761	0.01486	0.0000000	0.00145
case_2021091419	train	261.7	1011	1.1145	0.9703	1.1246	1.0661	+0.1542	+0.0958	0.11797	0.00146	0.00193	0.04964	0.01595	0.0000000	0.00828
case_2021091621	train	183.2	1063	1.0246	0.9718	0.8494	0.7923	-0.1224	-0.1795	0.15592	0.00015	0.00495	0.05804	0.01161	0.0000000	0.00612
case_2021091721	train	259.8	1037	1.1796	0.9711	1.1191	1.0599	+0.1480	+0.0889	0.12358	0.00290	0.00022	0.04789	0.01138	0.0000000	0.00353
case_2021091821	train	146.6	1116	0.9206	0.9731	0.9829	0.8191	+0.0098	-0.1541	0.24889	0.05406	0.00000	0.09349	0.04900	0.0000000	0.00516
case_2021092021	train	175.8	1063	1.0006	0.9718	0.7671	0.6624	-0.2047	-0.3093	0.19793	0.00092	0.00160	0.04835	0.01372	0.0000000	0.00232
case_2021092118	train	332.2	1089	1.2697	0.9725	1.0833	0.9944	+0.1108	+0.0219	0.12452	0.01513	0.00000	0.03709	0.01466	0.0000000	0.13385
case_2021092218	train	344.0	1351	1.4286	0.9778	1.3120	1.2170	+0.3342	+0.2392	0.11570	0.00726	0.00002	0.03258	0.00969	0.0000000	0.36862
case_2021092501	train	262.0	823	0.7948	0.9636	0.9919	0.9430	+0.0284	-0.0206	0.16199	0.00168	0.00436	0.07435	0.01714	0.0000000	0.00123
case_2021092620	train	217.3	1089	1.1023	0.9725	0.8877	0.8409	-0.0847	-0.1316	0.10264	0.02213	0.00000	0.04302	0.01763	0.0000000	0.00433
case_2021092720	train	330.7	1089	1.2262	0.9725	1.0505	0.9930	+0.0781	+0.0205	0.13947	0.02622	0.00000	0.07729	0.03571	0.0000000	0.28080
case_2021092821	train	94.0	937	1.0121	0.9680	1.2105	1.1407	+0.2425	+0.1727	0.10361	0.00006	0.00297	0.04126	0.01776	0.0000000	0.00387
case_2021100220	train	238.0	1063	1.2613	0.9718	1.2381	1.1642	+0.2663	+0.1924	0.10869	0.02031	0.00000	0.04613	0.02118	0.0000000	0.00590
case_2021100321	train	295.3	823	0.7944	0.9636	0.9685	0.9165	+0.0049	-0.0471	0.14253	0.02794	0.00000	0.07674	0.03290	0.0000000	0.00282
case_2021100401	train	321.5	868	0.5211	0.9654	1.4732	1.4366	+0.5078	+0.4712	0.07329	0.00947	0.00000	0.04539	0.02163	0.0000000	0.03553
case_2021100521	train	74.0	1063	1.0216	0.9718	0.9848	0.9168	+0.0130	-0.0549	0.13646	0.00848	0.00004	0.09514	0.06350	0.0000000	0.00002
case_2021100616	train	76.7	1259	0.8370	0.9762	1.4579	1.4567	+0.4818	+0.4805	0.05248	0.00029	0.00009	0.06347	0.03970	0.0000000	0.00918
case_2021100723	train	170.4	781	0.6342	0.9616	0.8515	0.7687	-0.1101	-0.1929	0.19892	0.00423	0.00119	0.06043	0.00463	0.0000000	-0.00040
case_2021100819	train	239.8	937	0.6965	0.9680	1.0227	0.9438	+0.0547	-0.0242	0.12856	0.02874	0.00000	0.03185	0.00425	0.0000000	0.00079
case_2021100920	train	167.7	700	0.6421	0.9571	0.8137	0.7316	-0.1434	-0.2255	0.19260	0.00870	0.00000	0.05558	0.00510	0.0000000	0.00100
case_2021101016	train	156.7	823	0.7989	0.9636	1.0060	0.8723	+0.0425	-0.0913	0.20104	0.02762	0.00000	0.05426	0.01628	0.0000000	0.00330
case_2021101116	train	37.7	1320	0.5039	0.9773	0.8703	0.8609	-0.1070	-0.1163	0.04299	0.00613	0.00000	0.09472	0.08107	0.0000000	0.00625
case_2021101210	train	286.3	937	0.5714	0.9680	0.8964	0.7766	-0.0716	-0.1914	0.16277	0.01116	0.00000	0.01811	0.00134	0.0000000	0.00004
case_2021101318	train	126.0	760	0.8859	0.9605	1.0957	1.0152	+0.1352	+0.0547	0.11908	0.02748	0.00000	0.04083	0.01705	0.0000000	0.00017
case_2021101517	train	275.7	802	0.5725	0.9626	0.7243	0.6651	-0.2383	-0.2975	0.16360	0.00107	0.00734	0.05414	0.01050	0.0000000	0.00009
case_2021101719	train	290.8	1116	0.8978	0.9731	0.7720	0.6678	-0.2011	-0.3054	0.17012	0.02206	0.00000	0.02877	0.00883	0.0000000	0.00009
case_2021101919	train	192.9	1037	0.9177	0.9711	0.9604	0.8463	-0.0106	-0.1247	0.16657	0.00639	0.00000	0.03521	0.00856	0.0000000	0.00202
case_2021102112	train	233.1	802	0.6354	0.9626	1.4408	1.3729	+0.4782	+0.4103	0.07297	0.00744	0.00000	0.01645	0.00298	0.0000000	0.00417
case_2021102221	train	284.9	1116	0.9223	0.9731	0.9511	0.8881	-0.0220	-0.0850	0.12108	0.00793	0.00000	0.03907	0.01029	0.0000000	0.00057
case_2021102321	train	318.5	1116	0.7629	0.9731	0.9493	0.9090	-0.0238	-0.0641	0.09056	0.01009	0.00000	0.04299	0.01881	0.0000000	0.04333
case_2021102418	train	79.6	962	0.6591	0.9688	1.3465	1.2282	+0.3777	+0.2594	0.11701	0.00427	0.00001	0.01999	0.00417	0.0000000	0.00005
case_2021102619	train	97.5	1089	0.9539	0.9725	0.9160	0.8651	-0.0565	-0.1073	0.12710	0.00084	0.00159	0.13105	0.10078	0.0000000	-0.00005
case_2021102720	train	111.2	739	0.6124	0.9594	0.6257	0.5799	-0.3338	-0.3796	0.11412	0.00439	0.00000	0.04401	0.02293	0.0000000	0.00000
case_2021102816	train	69.9	1116	0.6188	0.9731	1.0472	0.9631	+0.0741	-0.0100	0.14440	0.02064	0.00000	0.05094	0.01732	0.0000000	0.00000
case_2021103020	train	332.6	962	0.7988	0.9688	1.5211	1.4233	+0.5523	+0.4545	0.10845	0.02017	0.00000	0.03421	0.01114	0.0000000	0.18785
case_2021103119	train	288.8	1116	1.2032	0.9731	0.9879	0.9301	+0.0147	-0.0431	0.15333	0.01256	0.00027	0.08115	0.03424	0.0000000	0.00442
case_2021110217	train	273.9	1415	1.1388	0.9788	1.0539	0.9546	+0.0751	-0.0242	0.14381	0.00031	0.00257	0.03650	0.00963	0.0000000	0.00192
case_2021110317	train	266.0	1172	1.3341	0.9744	1.2251	1.1515	+0.2507	+0.1771	0.14354	0.00013	0.00193	0.06376	0.02128	0.0000000	0.00497
case_2021110417	train	223.5	760	0.8949	0.9605	0.9370	0.8940	-0.0236	-0.0665	0.07326	0.01918	0.00000	0.02359	0.00952	0.0000000	0.01153
case_2021110520	train	185.9	1011	0.9664	0.9703	0.9906	0.8656	+0.0203	-0.1047	0.17874	0.00068	0.00333	0.03714	0.00749	0.0000000	0.00534
case_2021110617	train	209.3	781	0.8946	0.9616	1.4730	1.3977	+0.5115	+0.4361	0.07731	0.01210	0.00000	0.01669	0.00299	0.0000000	0.03478
case_2021110720	train	178.7	643	0.7023	0.9534	0.7063	0.6517	-0.2470	-0.3016	0.20817	0.00083	0.00508	0.11244	0.04837	0.0000000	0.00221
case_2021110819	train	307.4	1063	0.8169	0.9718	1.1526	1.0926	+0.1809	+0.1209	0.08063	0.01433	0.00000	0.04133	0.02708	0.0000000	0.04596
case_2021110921	train	314.7	1116	0.7689	0.9731	0.9236	0.8787	-0.0495	-0.0945	0.09889	0.02242	0.00000	0.04553	0.02021	0.0000000	0.01507
case_2021111018	train	113.6	760	0.7554	0.9605	0.9375	0.8897	-0.0230	-0.0708	0.10752	0.01014	0.00000	0.04709	0.01838	0.0000000	0.00012
case_2021111116	train	237.1	781	0.7522	0.9616	1.0821	0.9941	+0.1206	+0.0325	0.11722	0.01917	0.00000	0.02389	0.00455	0.0000000	0.00056
case_2021111218	train	234.3	1259	0.9680	0.9762	0.9955	0.9718	+0.0194	-0.0043	0.09609	0.01431	0.00000	0.05435	0.01871	0.0000000	0.00131
case_2021111315	train	279.9	1116	0.9421	0.9731	0.7502	0.6814	-0.2229	-0.2917	0.14847	0.00405	0.00007	0.03799	0.00721	0.0000000	0.00001
case_2021111404	train	212.4	781	0.5852	0.9616	0.7645	0.7432	-0.1971	-0.2184	0.11137	0.01807	0.00000	0.06205	0.02090	0.0000000	0.00016
case_2021111519	train	283.0	986	0.9615	0.9696	0.6983	0.6491	-0.2713	-0.3205	0.15449	0.00538	0.00034	0.07954	0.03776	0.0000000	0.00067
case_2021111618	train	131.6	845	0.8300	0.9645	1.5833	1.5502	+0.6188	+0.5857	0.09564	0.04061	0.00000	0.06912	0.03351	0.0000000	0.00747
case_2021111721	train	244.9	802	0.6706	0.9626	1.0302	0.9246	+0.0676	-0.0380	0.13262	0.02555	0.00000	0.01864	0.00197	0.0000000	0.00079
case_2021112015	train	210.8	739	0.6511	0.9594	0.9516	0.8691	-0.0078	-0.0903	0.12105	0.02066	0.00000	0.02372	0.00508	0.0000000	0.00129
case_2021112217	train	274.5	700	1.0053	0.9571	1.2277	1.1519	+0.2706	+0.1947	0.12875	0.00024	0.00357	0.07373	0.04096	0.0000000	0.01348
case_2021112320	train	190.3	823	0.8552	0.9636	0.7948	0.7445	-0.1687	-0.2191	0.14695	0.00283	0.00068	0.06865	0.02636	0.0000000	0.00897
case_2021112419	train	208.8	1089	0.7801	0.9725	0.9613	0.8736	-0.0112	-0.0988	0.15257	0.02575	0.00000	0.04347	0.01039	0.0000000	0.00212
case_2021112518	train	289.4	662	0.9223	0.9547	0.8560	0.7886	-0.0986	-0.1660	0.14284	0.01494	0.00000	0.05099	0.01740	0.0000000	0.00045
case_2021112621	train	233.0	760	0.6268	0.9605	1.5346	1.5070	+0.5741	+0.5465	0.08255	0.01802	0.00000	0.04346	0.01135	0.0000000	0.00785
case_2021112721	train	281.3	781	0.7094	0.9616	0.7987	0.7295	-0.1629	-0.2320	0.17189	0.00318	0.00262	0.08137	0.03826	0.0000000	0.00004
case_2021112818	train	292.9	1229	1.2567	0.9756	1.1572	1.0723	+0.1816	+0.0967	0.12773	0.01892	0.00000	0.04053	0.01190	0.0000000	0.00422
case_2021112921	train	178.2	662	0.7485	0.9547	0.8476	0.7334	-0.1071	-0.2213	0.16888	0.00067	0.00403	0.02268	0.00310	0.0000000	-0.00017
case_2021113021	train	279.3	823	0.7736	0.9636	0.9213	0.8124	-0.0423	-0.1512	0.16806	0.00343	0.00030	0.02967	0.00147	0.0000000	0.00006
case_2022010120	train	333.0	781	0.6273	0.9616	1.3343	1.2398	+0.3727	+0.2783	0.11869	0.01744	0.00000	0.03955	0.01454	0.0000000	0.12788
case_2022010221	train	321.8	739	0.6873	0.9594	1.1344	1.1273	+0.1749	+0.1678	0.07136	0.01062	0.00000	0.05822	0.02725	0.0000000	0.07025
case_2022010320	train	215.7	739	0.8599	0.9594	1.6855	1.5851	+0.7260	+0.6257	0.10037	0.02133	0.00000	0.03874	0.01781	0.0000000	0.01857
case_2022010418	train	157.4	802	0.6886	0.9626	0.6932	0.6411	-0.2693	-0.3215	0.22315	0.03338	0.00000	0.09716	0.02044	0.0000000	0.00031
case_2022010519	train	253.1	914	0.8676	0.9672	0.9411	0.8541	-0.0261	-0.1131	0.16269	0.01488	0.00000	0.05741	0.02029	0.0000000	0.00045
case_2022010621	train	315.3	366	0.7036	0.9179	1.0434	0.9939	+0.1255	+0.0760	0.07772	0.00916	0.00000	0.03067	0.01525	0.0000000	0.02224
case_2022010721	train	209.3	760	0.7290	0.9605	0.9561	0.8992	-0.0044	-0.0614	0.12335	0.01436	0.00000	0.07811	0.04740	0.0000000	0.01274
case_2022010815	train	155.3	868	0.6639	0.9654	0.8905	0.8507	-0.0749	-0.1147	0.27707	0.06956	0.00000	0.12829	0.00881	0.0000000	0.00136
case_2022011016	train	287.8	802	0.9379	0.9626	1.0773	0.9935	+0.1148	+0.0309	0.12606	0.00886	0.00000	0.04001	0.01461	0.0000000	0.00814
case_2022011116	train	169.3	719	0.9001	0.9583	0.6893	0.6229	-0.2690	-0.3354	0.18712	0.00505	0.00002	0.05881	0.00948	0.0000000	0.00044
case_2022011218	train	284.7	739	0.6084	0.9594	0.8488	0.7885	-0.1106	-0.1709	0.13957	0.00768	0.00000	0.06178	0.02689	0.0000000	0.00202
case_2022011321	train	303.6	760	0.5982	0.9605	1.1035	1.0256	+0.1430	+0.0651	0.14405	0.02285	0.00000	0.05120	0.01267	0.0000000	0.00329
case_2022011415	train	42.1	719	0.6805	0.9583	1.3806	1.3778	+0.4223	+0.4195	0.04046	0.00762	0.00000	0.04195	0.02360	0.0000000	0.00537
case_2022011509	train	17.2	366	0.5860	0.9179	1.0403	0.9016	+0.1224	-0.0163	0.15654	0.00762	0.00000	0.01647	0.00316	0.0000000	0.14799
case_2022011621	train	229.5	760	0.6065	0.9605	1.2689	1.2163	+0.3084	+0.2558	0.07678	0.01431	0.00000	0.03662	0.01889	0.0000000	0.00111
case_2022011720	train	285.7	868	0.8739	0.9654	0.7192	0.6585	-0.2462	-0.3070	0.16119	0.01085	0.00000	0.08396	0.04591	0.0000000	0.00021
case_2022011818	train	168.8	700	0.8384	0.9571	0.7069	0.6429	-0.2502	-0.3142	0.16476	0.00700	0.00000	0.04838	0.00824	0.0000000	0.00147
case_2022011911	train	257.0	247	0.7720	0.8786	1.1159	0.9559	+0.2373	+0.0773	0.18133	0.00666	0.00034	0.03156	0.00984	0.0000000	0.00008
case_2022012016	train	326.7	802	0.8664	0.9626	1.0744	1.0453	+0.1118	+0.0827	0.05609	0.00777	0.00002	0.03539	0.02111	0.0000000	0.25887
case_2022012120	train	180.8	823	0.9766	0.9636	1.0601	0.9653	+0.0965	+0.0018	0.13441	0.00002	0.00227	0.02959	0.00512	0.0000000	0.01479
case_2022012221	train	254.1	962	0.9346	0.9688	1.0155	0.8923	+0.0467	-0.0765	0.16274	0.01300	0.00000	0.03223	0.00908	0.0000000	0.00117
case_2022012312	train	319.0	760	0.6933	0.9605	0.9971	0.9429	+0.0366	-0.0176	0.08809	0.01516	0.00000	0.03330	0.01602	0.0000000	0.01835
case_2022012417	train	299.3	739	0.7806	0.9594	1.0963	1.0409	+0.1368	+0.0815	0.10032	0.01531	0.00000	0.06148	0.03720	0.0000000	0.01014
case_2022012521	train	266.9	643	0.8567	0.9534	1.0278	0.9491	+0.0744	-0.0043	0.11905	0.00018	0.00393	0.02665	0.00382	0.0000000	0.00197
case_2022012618	train	198.8	781	0.8541	0.9616	0.7255	0.7013	-0.2361	-0.2603	0.13408	0.01113	0.00000	0.06970	0.01967	0.0000000	0.01720
case_2022012820	train	316.9	760	0.7805	0.9605	1.0841	1.0708	+0.1235	+0.1103	0.06594	0.01766	0.00000	0.05641	0.03091	0.0000000	0.12880
case_2022012922	train	193.8	247	0.4934	0.8786	0.8936	0.8283	+0.0150	-0.0503	0.17792	0.00563	0.00000	0.07275	0.01828	0.0000000	0.00076
case_2022013021	train	331.2	366	0.6650	0.9179	0.8796	0.8411	-0.0384	-0.0768	0.12132	0.02866	0.00000	0.05872	0.01976	0.0000000	0.09353
case_2022013120	train	155.4	739	0.6226	0.9594	0.8363	0.6911	-0.1231	-0.2684	0.26054	0.05373	0.00000	0.06592	0.01494	0.0000000	0.00130
case_2022020121	train	236.2	681	0.7811	0.9559	2.0026	1.9018	+1.0467	+0.9459	0.07032	0.01166	0.00000	0.01522	0.00479	0.0000000	0.01833
case_2022020204	train	293.4	781	0.8229	0.9616	0.9394	0.8803	-0.0222	-0.0812	0.12530	0.02078	0.00000	0.05462	0.02284	0.0000000	0.00477
case_2022020316	train	353.6	802	1.2132	0.9626	1.6102	1.5828	+0.6476	+0.6202	0.08816	0.00032	0.00134	0.06007	0.02574	0.0000000	0.53108
case_2022020422	train	223.0	662	0.7599	0.9547	1.3071	1.2798	+0.3524	+0.3251	0.04841	0.00669	0.00000	0.02260	0.00881	0.0000000	0.00054
case_2022020518	train	168.4	781	1.0121	0.9616	0.9962	0.9390	+0.0346	-0.0225	0.09087	0.00286	0.00017	0.03766	0.02063	0.0000000	0.02956
case_2022020707	train	286.1	719	0.6151	0.9583	0.6991	0.6557	-0.2592	-0.3026	0.12418	0.00767	0.00000	0.04050	0.00792	0.0000000	0.00028
case_2022020820	train	200.2	405	0.6997	0.9260	0.8418	0.7692	-0.0842	-0.1568	0.14364	0.01531	0.00000	0.03683	0.00580	0.0000000	0.00086
case_2022020918	train	259.5	1229	1.1238	0.9756	0.9418	0.8637	-0.0338	-0.1119	0.15406	0.00315	0.00202	0.05730	0.02005	0.0000000	0.00178
case_2022021021	train	237.4	739	0.8626	0.9594	1.2192	1.1762	+0.2598	+0.2168	0.08817	0.01423	0.00000	0.04785	0.02159	0.0000000	0.01082
case_2022021100	train	186.6	719	0.6578	0.9583	0.7819	0.7041	-0.1764	-0.2542	0.19066	0.00076	0.00518	0.05775	0.00799	0.0000000	0.00165
case_2022021219	train	258.3	1259	1.5462	0.9762	0.9893	0.9118	+0.0131	-0.0644	0.12381	0.00345	0.00056	0.03378	0.00959	0.0000000	0.00306
case_2022021318	train	310.8	1229	1.3855	0.9756	1.4995	1.4370	+0.5239	+0.4614	0.06804	0.01756	0.00000	0.02452	0.01108	0.0000000	0.06019
case_2022021419	train	256.0	1200	1.3521	0.9750	1.5527	1.3693	+0.5777	+0.3943	0.15020	0.00491	0.00191	0.02698	0.00914	0.0000000	0.00509
case_2022021520	train	153.0	1011	1.0656	0.9703	0.9282	0.8108	-0.0421	-0.1595	0.20440	0.03469	0.00000	0.05538	0.01182	0.0000000	0.00603
case_2022021616	train	174.3	719	0.8485	0.9583	0.8262	0.7296	-0.1321	-0.2287	0.21789	0.00078	0.00274	0.07505	0.02021	0.0000000	0.00292
case_2022021821	train	200.3	366	0.9633	0.9179	0.7824	0.7168	-0.1355	-0.2011	0.20555	0.01869	0.00000	0.11432	0.05527	0.0000000	0.00026
case_2022021918	train	281.4	739	1.0657	0.9594	0.7466	0.7414	-0.2128	-0.2181	0.11595	0.00257	0.00235	0.09795	0.04841	0.0000000	0.01807
case_2022022022	train	234.1	823	0.7196	0.9636	1.1628	1.0773	+0.1993	+0.1138	0.10475	0.01209	0.00000	0.02304	0.00641	0.0000000	0.00067
case_2022022117	train	91.0	802	0.9194	0.9626	0.8694	0.8358	-0.0932	-0.1268	0.08385	0.00000	0.00127	0.05558	0.03368	0.0000000	0.00000
case_2022022212	train	49.6	802	0.5964	0.9626	1.1910	1.1677	+0.2284	+0.2051	0.04378	0.00530	0.00000	0.02532	0.01329	0.0000000	0.00097
case_2022022312	train	310.0	662	0.5659	0.9547	1.1285	1.0368	+0.1738	+0.0821	0.15103	0.04761	0.00000	0.04900	0.01192	0.0000000	0.00280
case_2022022420	train	51.0	914	0.8760	0.9672	1.0433	0.9820	+0.0761	+0.0149	0.09498	0.01496	0.00000	0.04350	0.02520	0.0000000	0.00011
case_2022022509	train	357.0	681	0.5280	0.9559	1.0780	0.9596	+0.1221	+0.0037	0.14341	0.00030	0.00400	0.01992	0.00111	0.0000000	0.25536
case_2022022615	train	246.3	739	0.7608	0.9594	1.0797	0.9832	+0.1203	+0.0238	0.13151	0.02189	0.00000	0.03466	0.01209	0.0000000	0.00286
case_2022022717	train	292.6	823	0.7340	0.9636	0.9638	0.8698	+0.0003	-0.0938	0.14631	0.02527	0.00000	0.03023	0.00341	0.0000000	0.00006
case_2022022820	train	240.5	868	0.9878	0.9654	0.9557	0.8732	-0.0097	-0.0922	0.11663	0.02489	0.00000	0.02325	0.00689	0.0000000	0.00117
case_2022030122	train	277.4	1116	1.0002	0.9731	0.8570	0.7762	-0.1162	-0.1969	0.15776	0.00191	0.00277	0.04082	0.00619	0.0000000	0.00159
case_2022030221	train	261.1	802	1.1008	0.9626	0.9613	0.9000	-0.0013	-0.0626	0.15038	0.00089	0.00312	0.07507	0.03177	0.0000000	0.00591
case_2022030320	train	334.1	986	1.1680	0.9696	1.5879	1.5233	+0.6183	+0.5538	0.07288	0.01254	0.00000	0.03437	0.01820	0.0000000	0.42324
case_2022030421	train	143.4	823	0.8845	0.9636	0.7000	0.7434	-0.2635	-0.2201	0.13697	0.03616	0.00000	0.10448	0.01328	0.0000000	0.03280
case_2022030519	train	178.2	781	0.7890	0.9616	0.8742	0.8224	-0.0873	-0.1392	0.14320	0.00045	0.00443	0.07107	0.02907	0.0000000	0.00944
case_2022030610	train	217.9	477	0.8054	0.9371	1.2028	1.1268	+0.2657	+0.1897	0.10164	0.01640	0.00000	0.02504	0.00472	0.0000000	0.00059
case_2022030716	train	302.7	643	0.8032	0.9534	0.9774	0.9329	+0.0240	-0.0205	0.11066	0.02406	0.00000	0.05251	0.01974	0.0000000	0.00203
case_2022030818	train	196.6	379	0.5958	0.9208	1.0292	0.9531	+0.1084	+0.0324	0.12452	0.00704	0.00000	0.03425	0.00732	0.0000000	0.00372
case_2022030923	train	252.4	739	0.8381	0.9594	0.9717	0.8807	+0.0123	-0.0787	0.15887	0.01785	0.00000	0.04265	0.00718	0.0000000	0.00030
case_2022031012	train	302.9	195	0.5229	0.8460	1.0798	0.9740	+0.2338	+0.1279	0.16110	0.01505	0.00000	0.04039	0.00584	0.0000000	0.00044
case_2022031219	train	279.4	1289	1.5374	0.9767	0.7080	0.6834	-0.2687	-0.2934	0.16327	0.00229	0.00275	0.08683	0.02339	0.0000000	0.00120
case_2022031320	train	259.2	891	0.9942	0.9663	0.7552	0.6741	-0.2111	-0.2922	0.16892	0.00619	0.00047	0.06412	0.03184	0.0000000	0.00089
case_2022031421	train	194.2	823	0.9697	0.9636	0.6325	0.6088	-0.3311	-0.3547	0.11249	0.00423	0.00000	0.05284	0.01499	0.0000000	0.01978
case_2022031522	train	233.4	823	0.6594	0.9636	1.4059	1.3592	+0.4423	+0.3956	0.06281	0.01021	0.00000	0.02091	0.00579	0.0000000	0.00759
case_2022031619	train	201.6	1229	1.4459	0.9756	0.9901	0.9038	+0.0145	-0.0718	0.15284	0.01146	0.00000	0.07229	0.03914	0.0000000	0.00764
case_2022031720	train	274.3	845	0.7414	0.9645	0.8306	0.7541	-0.1339	-0.2104	0.14788	0.00041	0.00515	0.03914	0.00895	0.0000000	0.00197
case_2022031811	train	359.5	739	0.6639	0.9594	1.2450	1.1072	+0.2856	+0.1477	0.14595	0.00016	0.00516	0.02227	0.00255	0.0000000	0.32972
case_2022031900	train	356.6	607	0.5782	0.9506	0.9558	0.8806	+0.0051	-0.0700	0.19787	0.00032	0.00646	0.08077	0.01845	0.0000000	0.41324
case_2022032317	train	101.7	662	0.4742	0.9547	1.1320	1.1126	+0.1773	+0.1579	0.06284	0.00006	0.00000	0.05599	0.03434	0.0000000	0.00000
case_2022032422	train	290.5	681	0.7054	0.9559	0.8871	0.8162	-0.0689	-0.1397	0.14364	0.02059	0.00000	0.04427	0.01032	0.0000000	0.00053
case_2022032618	train	303.2	1172	1.3814	0.9744	0.9606	0.9068	-0.0138	-0.0676	0.10821	0.02112	0.00000	0.04443	0.01776	0.0000000	0.00849
case_2022032714	train	292.4	914	1.0350	0.9672	0.9803	0.9132	+0.0131	-0.0540	0.12680	0.01634	0.00000	0.04152	0.01088	0.0000000	0.00148
case_2022032819	train	343.3	1259	1.4906	0.9762	1.1160	1.0522	+0.1398	+0.0760	0.12787	0.00805	0.00000	0.05577	0.01975	0.0000000	0.34190
case_2022032906	train	136.9	760	0.6232	0.9605	0.8483	0.8572	-0.1122	-0.1033	0.10631	0.04659	0.00000	0.10362	0.05180	0.0000000	0.00359
case_2022033016	train	166.8	868	0.6212	0.9654	0.9414	0.8479	-0.0240	-0.1175	0.15114	0.00810	0.00000	0.03085	0.00223	0.0000000	0.00086
case_2022033108	train	329.7	914	0.5894	0.9672	1.1144	1.0698	+0.1472	+0.1026	0.11162	0.01438	0.00000	0.04240	0.00550	0.0000000	0.05634
case_2022040117	train	321.6	1320	1.3533	0.9773	1.1846	1.1450	+0.2073	+0.1677	0.08260	0.01530	0.00000	0.04229	0.01776	0.0000000	0.11841
case_2022042213	train	119.8	739	0.4969	0.9594	0.6430	0.6375	-0.3165	-0.3219	0.10659	0.01211	0.00000	0.06010	0.01177	0.0000000	0.00000
case_2022042318	train	175.7	868	1.1506	0.9654	0.8043	0.7326	-0.1611	-0.2328	0.18201	0.00045	0.00389	0.06463	0.01521	0.0000000	0.00391
case_2022042516	train	218.0	1320	1.0703	0.9773	1.3599	1.2843	+0.3827	+0.3070	0.10322	0.02584	0.00000	0.05148	0.02768	0.0000000	0.00616
case_2022042608	train	286.7	845	0.6898	0.9645	0.8403	0.7885	-0.1242	-0.1760	0.13285	0.01068	0.00000	0.04902	0.01197	0.0000000	0.00017
case_2022042720	train	1.9	1089	1.5580	0.9725	1.3539	1.2970	+0.3814	+0.3246	0.08053	0.00004	0.00026	0.03106	0.01141	0.0000000	0.25208
case_2022042919	train	122.5	1011	1.2633	0.9703	0.8071	0.7488	-0.1633	-0.2215	0.10844	0.01521	0.00000	0.04915	0.03084	0.0000000	0.00053
case_2022043014	train	88.0	868	0.7024	0.9654	1.2090	1.1232	+0.2436	+0.1578	0.11930	0.00044	0.00609	0.03200	0.00633	0.0000000	0.00419
case_2022050116	train	204.9	1011	0.8342	0.9703	1.0733	0.9678	+0.1029	-0.0025	0.14634	0.02415	0.00000	0.03667	0.01057	0.0000000	0.00452
case_2022050219	train	258.0	1063	1.4406	0.9718	1.0269	0.9742	+0.0551	+0.0024	0.13894	0.00287	0.00282	0.06944	0.02563	0.0000000	0.00604
case_2022050311	train	25.1	681	0.5383	0.9559	1.1018	1.0229	+0.1459	+0.0670	0.16576	0.04099	0.00000	0.06863	0.01996	0.0000000	0.03723
case_2022050421	train	127.7	1259	0.9316	0.9762	0.7290	0.6874	-0.2472	-0.2888	0.12561	0.02116	0.00000	0.06028	0.02584	0.0000000	0.00023
case_2022050523	train	60.8	1320	0.8644	0.9773	1.2855	1.2078	+0.3082	+0.2306	0.10396	0.01821	0.00000	0.05242	0.03064	0.0000000	0.00007
case_2022050623	train	33.0	1116	0.8012	0.9731	0.9891	0.9262	+0.0160	-0.0469	0.11042	0.02585	0.00000	0.04011	0.01589	0.0000000	0.01535
case_2022050817	train	144.5	868	1.1530	0.9654	0.7660	0.7369	-0.1995	-0.2286	0.13421	0.03665	0.00000	0.06091	0.01212	0.0000000	0.01069
case_2022050913	train	122.2	914	0.7675	0.9672	0.9599	0.8992	-0.0073	-0.0680	0.15389	0.02906	0.00000	0.08349	0.03888	0.0000000	0.00000
case_2022051014	train	209.2	643	0.8858	0.9534	1.2636	1.1638	+0.3102	+0.2105	0.11028	0.01923	0.00000	0.03015	0.01359	0.0000000	0.02253
case_2022051122	train	101.6	1089	1.1493	0.9725	0.9686	0.8901	-0.0038	-0.0824	0.12467	0.00341	0.00139	0.03455	0.01138	0.0000000	0.00036
case_2022051214	train	163.2	681	0.7756	0.9559	1.0448	0.9173	+0.0888	-0.0386	0.18606	0.00948	0.00000	0.05252	0.01731	0.0000000	0.00745
case_2022051313	train	192.5	662	0.7844	0.9547	0.6192	0.5749	-0.3354	-0.3798	0.14720	0.00480	0.00000	0.07067	0.03262	0.0000000	0.00496
case_2022051721	train	255.0	1089	1.4913	0.9725	0.9947	0.9336	+0.0222	-0.0389	0.14404	0.00708	0.00058	0.07138	0.03002	0.0000000	0.00408
case_2022051821	train	262.7	937	0.7920	0.9680	1.3827	1.2770	+0.4147	+0.3090	0.14336	0.00054	0.00387	0.05451	0.01972	0.0000000	0.01066
case_2022051916	train	227.4	719	0.8874	0.9583	1.2155	1.1631	+0.2572	+0.2048	0.07118	0.01618	0.00000	0.02949	0.01524	0.0000000	0.01247
case_2022052013	train	187.6	625	0.7222	0.9520	1.0786	1.0097	+0.1265	+0.0577	0.13447	0.00091	0.00075	0.04625	0.00923	0.0000000	0.01581
case_2022052117	train	235.3	1089	1.2518	0.9725	1.4290	1.3761	+0.4566	+0.4037	0.08565	0.01261	0.00000	0.04861	0.02460	0.0000000	0.00615
case_2022052421	train	103.9	1200	1.2488	0.9750	0.9179	0.8820	-0.0571	-0.0930	0.12295	0.00354	0.00061	0.11325	0.07627	0.0000000	0.00045
case_2022052515	train	98.4	1063	0.7569	0.9718	0.8207	0.7621	-0.1510	-0.2097	0.11723	0.00080	0.00265	0.05750	0.03456	0.0000000	0.00032
case_2022052623	train	199.8	760	0.7156	0.9605	0.7447	0.7103	-0.2158	-0.2502	0.12508	0.00900	0.00000	0.06423	0.02497	0.0000000	0.01333
case_2022052721	train	318.0	1089	1.0277	0.9725	1.1104	1.0436	+0.1379	+0.0712	0.09100	0.01320	0.00000	0.02658	0.01050	0.0000000	0.05009
case_2022052820	train	163.5	1037	1.1482	0.9711	0.8237	0.7319	-0.1474	-0.2392	0.21336	0.01332	0.00001	0.07817	0.02354	0.0000000	0.00165
case_2022052919	train	184.4	1037	1.1262	0.9711	0.6299	0.5877	-0.3412	-0.3834	0.18900	0.00049	0.00250	0.08897	0.02712	0.0000000	0.00134
case_2022053016	train	184.0	1089	1.3513	0.9725	1.1033	1.0110	+0.1308	+0.0385	0.14521	0.00018	0.00222	0.03986	0.00675	0.0000000	0.01750
case_2022053117	train	166.6	1011	0.9530	0.9703	0.8065	0.7541	-0.1638	-0.2162	0.17436	0.00829	0.00015	0.06963	0.01260	0.0000000	0.00610
case_2022060112	train	281.3	1200	0.6129	0.9750	0.7090	0.6545	-0.2660	-0.3205	0.14523	0.00713	0.00020	0.05761	0.02225	0.0000000	0.00017
case_2022060416	train	241.7	823	0.7888	0.9636	1.2358	1.1498	+0.2722	+0.1862	0.09820	0.00954	0.00000	0.02401	0.00890	0.0000000	0.01333
case_2022060521	train	196.0	1089	1.1216	0.9725	1.0881	0.9926	+0.1157	+0.0201	0.16565	0.00928	0.00001	0.06332	0.02259	0.0000000	0.00806
case_2022060620	train	269.2	937	1.0697	0.9680	1.0402	0.9705	+0.0722	+0.0025	0.12003	0.00000	0.00127	0.05173	0.02472	0.0000000	0.00309
case_2022060816	train	40.8	845	0.6533	0.9645	1.1294	1.1220	+0.1649	+0.1575	0.03652	0.00940	0.00000	0.04801	0.03396	0.0000000	0.01037
case_2022061017	train	237.0	1259	1.1461	0.9762	1.1732	1.1113	+0.1970	+0.1352	0.10019	0.01616	0.00000	0.03564	0.01113	0.0000000	0.00416
case_2022061116	train	205.5	823	0.8110	0.9636	0.8018	0.7483	-0.1617	-0.2152	0.11675	0.01616	0.00000	0.04230	0.01636	0.0000000	0.01822
case_2022061222	train	177.2	1089	0.7572	0.9725	0.6802	0.6367	-0.2922	-0.3358	0.22226	0.00024	0.00428	0.11659	0.03858	0.0000000	0.00219
case_2022061321	train	165.9	625	0.8579	0.9520	1.0793	1.0145	+0.1273	+0.0625	0.10265	0.00286	0.00006	0.03092	0.00862	0.0000000	0.02391
case_2022061420	train	201.7	1037	1.0966	0.9711	0.9395	0.8390	-0.0316	-0.1320	0.16904	0.02052	0.00000	0.04339	0.00924	0.0000000	0.00467
case_2022061603	train	254.7	556	0.5612	0.9461	0.8407	0.7977	-0.1053	-0.1483	0.15200	0.00801	0.00000	0.06227	0.01022	0.0000000	0.00107
case_2022061822	train	35.1	1144	1.2126	0.9738	0.9071	0.8797	-0.0667	-0.0940	0.09328	0.02270	0.00000	0.07608	0.04657	0.0000000	0.02613
case_2022061923	train	208.3	823	0.8746	0.9636	0.6935	0.6298	-0.2700	-0.3337	0.13305	0.01432	0.00000	0.03769	0.01572	0.0000000	0.00236
case_2022062018	train	226.7	1116	1.3618	0.9731	1.0987	1.0581	+0.1256	+0.0850	0.06470	0.01725	0.00000	0.03769	0.02399	0.0000000	0.01437
case_2022062116	train	218.8	868	1.2350	0.9654	1.2093	1.1432	+0.2439	+0.1778	0.07998	0.02184	0.00000	0.02280	0.00967	0.0000000	0.02240
case_2022062522	train	220.8	739	0.5224	0.9594	1.3102	1.3012	+0.3508	+0.3418	0.04775	0.00745	0.00000	0.03195	0.01184	0.0000000	0.00128
case_2022062616	train	258.5	1089	1.3860	0.9725	0.9710	0.8811	-0.0015	-0.0914	0.16443	0.00586	0.00085	0.05755	0.01951	0.0000000	0.00247
case_2022062916	train	288.3	1116	1.4235	0.9731	1.0353	0.9678	+0.0622	-0.0054	0.12594	0.00855	0.00014	0.04573	0.01419	0.0000000	0.00746
case_2022070120	train	256.3	1089	1.5196	0.9725	0.9891	0.9368	+0.0166	-0.0356	0.15032	0.00446	0.00195	0.08616	0.03870	0.0000000	0.00379
case_2022070416	train	178.4	607	0.9843	0.9506	0.8021	0.7383	-0.1485	-0.2123	0.16638	0.00004	0.00370	0.08515	0.04195	0.0000000	0.01425
case_2022070518	train	235.1	823	0.7925	0.9636	0.9724	0.9553	+0.0088	-0.0082	0.11365	0.02522	0.00000	0.07821	0.03248	0.0000000	0.00298
case_2022070621	train	46.1	1089	1.0409	0.9725	1.1809	1.1219	+0.2085	+0.1494	0.08429	0.01602	0.00000	0.08154	0.06585	0.0000000	0.00187
case_2022070721	train	46.4	1089	0.9946	0.9725	0.9466	0.9088	-0.0259	-0.0637	0.08759	0.01722	0.00000	0.04522	0.02145	0.0000000	0.00117
case_2022070816	train	33.9	700	0.6542	0.9571	0.9214	0.8718	-0.0357	-0.0853	0.09512	0.02626	0.00000	0.05789	0.03771	0.0000000	0.03101
case_2022071019	train	228.2	845	1.0883	0.9645	1.3598	1.3056	+0.3953	+0.3411	0.06881	0.01715	0.00000	0.02806	0.01340	0.0000000	0.01358
case_2022071116	train	249.6	643	0.6742	0.9534	1.0812	1.0278	+0.1278	+0.0744	0.13559	0.01324	0.00000	0.06135	0.01762	0.0000000	0.00479
case_2022071316	train	309.4	1116	1.2643	0.9731	1.1195	1.0668	+0.1464	+0.0937	0.09124	0.02373	0.00000	0.05016	0.02830	0.0000000	0.03668
case_2022071522	train	229.4	823	0.8190	0.9636	1.2365	1.2089	+0.2729	+0.2453	0.06984	0.01169	0.00000	0.04116	0.01772	0.0000000	0.00279
case_2022071617	train	72.9	700	0.8036	0.9571	0.7937	0.8284	-0.1635	-0.1288	0.06222	0.00152	0.00006	0.12726	0.08517	0.0000000	0.03207
case_2022071817	train	272.8	1063	1.3709	0.9718	1.1630	1.0755	+0.1912	+0.1037	0.13896	0.00030	0.00499	0.04360	0.00981	0.0000000	0.00591
case_2022071919	train	184.8	962	1.1905	0.9688	0.8154	0.7240	-0.1534	-0.2448	0.14687	0.00033	0.00148	0.03029	0.01117	0.0000000	0.01270
case_2022072017	train	263.9	914	1.1452	0.9672	0.7549	0.6996	-0.2122	-0.2675	0.15004	0.00046	0.00404	0.06372	0.02431	0.0000000	0.00351
case_2022072218	train	234.3	868	1.2405	0.9654	0.9805	0.9410	+0.0151	-0.0244	0.07985	0.01490	0.00000	0.03430	0.01428	0.0000000	0.01311
case_2022072317	train	202.5	914	1.3114	0.9672	1.1256	1.0758	+0.1584	+0.1086	0.08956	0.00778	0.00001	0.03467	0.01152	0.0000000	0.07171
case_2022072401	train	172.7	1657	0.6871	0.9819	0.9611	0.8909	-0.0208	-0.0910	0.12479	0.00119	0.00116	0.05228	0.02582	0.0000000	0.01086
case_2022072617	train	273.0	1089	1.4877	0.9725	1.1327	1.0541	+0.1602	+0.0817	0.10073	0.00015	0.00425	0.01974	0.00297	0.0000000	0.00833
case_2022072714	train	226.2	643	0.7162	0.9534	1.6956	1.6752	+0.7422	+0.7219	0.06133	0.01668	0.00000	0.04242	0.01838	0.0000000	0.00765
case_2022080116	train	273.7	1089	1.2768	0.9725	0.9243	0.8681	-0.0482	-0.1044	0.14295	0.00041	0.00398	0.06607	0.02451	0.0000000	0.00391
case_2022080220	train	188.3	937	1.3152	0.9680	1.0229	0.9123	+0.0549	-0.0557	0.12873	0.00187	0.00182	0.02401	0.01275	0.0000000	0.02703
case_2022080315	train	236.7	625	0.8846	0.9520	1.2514	1.1886	+0.2994	+0.2365	0.08678	0.01573	0.00000	0.04229	0.02397	0.0000000	0.01607
case_2022080414	train	45.6	662	0.7199	0.9547	1.2830	1.2788	+0.3283	+0.3241	0.04065	0.00885	0.00000	0.07193	0.05524	0.0000000	0.03836
case_2022080721	train	250.7	590	0.7010	0.9492	0.7069	0.6276	-0.2423	-0.3215	0.16827	0.02159	0.00000	0.04272	0.01187	0.0000000	0.00132
case_2022080820	train	291.7	891	0.8608	0.9663	1.0489	1.0093	+0.0826	+0.0429	0.11146	0.01653	0.00000	0.04940	0.01206	0.0000000	0.00397
case_2022080918	train	344.9	1063	1.3683	0.9718	1.2006	1.1034	+0.2288	+0.1316	0.14102	0.00877	0.00037	0.04703	0.01536	0.0000000	0.33171
case_2022081021	train	297.2	1063	1.0193	0.9718	1.1503	1.1423	+0.1785	+0.1705	0.10929	0.01845	0.00000	0.07097	0.02169	0.0000000	0.01472
case_2022081218	train	185.9	625	0.9547	0.9520	1.0646	1.0401	+0.1126	+0.0881	0.09177	0.00015	0.00053	0.05098	0.01700	0.0000000	0.04793
case_2022081321	train	215.7	891	0.7869	0.9663	1.3662	1.3058	+0.3999	+0.3395	0.08194	0.01364	0.00000	0.02956	0.01023	0.0000000	0.00484
case_2022081419	train	5.4	1063	0.8721	0.9718	1.2051	1.1070	+0.2333	+0.1352	0.12483	0.00075	0.00173	0.02616	0.00265	0.0000000	0.28648
case_2022081517	train	79.7	1089	1.3065	0.9725	1.0542	1.0396	+0.0817	+0.0671	0.10126	0.00202	0.00013	0.06941	0.02752	0.0000000	0.00006
case_2022081918	train	190.4	962	1.1553	0.9688	0.8761	0.8420	-0.0927	-0.1269	0.11526	0.00254	0.00108	0.05310	0.01460	0.0000000	0.03179
case_2022082006	train	208.8	914	0.5896	0.9672	1.3619	1.3269	+0.3947	+0.3598	0.08219	0.01315	0.00000	0.04148	0.01324	0.0000000	0.00998
case_2022082120	train	357.1	1063	1.2055	0.9718	1.0471	1.0105	+0.0754	+0.0387	0.13500	0.00004	0.00170	0.06379	0.01337	0.0000000	0.40469
case_2022082417	train	201.9	937	1.0185	0.9680	1.2514	1.1612	+0.2834	+0.1932	0.10537	0.00884	0.00000	0.02702	0.00944	0.0000000	0.02918
case_2022082519	train	309.9	1089	1.0153	0.9725	1.2054	1.1410	+0.2329	+0.1685	0.09537	0.01852	0.00000	0.03554	0.01400	0.0000000	0.03293
case_2022082620	train	329.0	1116	1.1777	0.9731	1.1047	1.0241	+0.1316	+0.0510	0.11333	0.01513	0.00000	0.03242	0.01115	0.0000000	0.11234
case_2022082719	train	101.5	1089	1.2201	0.9725	1.1238	1.0305	+0.1513	+0.0581	0.12051	0.00133	0.00149	0.04157	0.02203	0.0000000	0.00027
case_2022082814	train	175.4	573	0.8826	0.9476	0.9571	0.8670	+0.0095	-0.0807	0.17055	0.00028	0.00100	0.07025	0.03069	0.0000000	0.00931
case_2022082918	train	246.8	607	0.6939	0.9506	1.0338	0.8970	+0.0832	-0.0536	0.17219	0.02316	0.00000	0.03285	0.01035	0.0000000	0.00459
case_2022083017	train	295.8	1116	1.2121	0.9731	0.9203	0.8608	-0.0529	-0.1124	0.10089	0.02368	0.00000	0.03094	0.01204	0.0000000	0.00213
case_2022090122	train	206.5	1037	0.9302	0.9711	0.8342	0.7955	-0.1369	-0.1756	0.16302	0.02547	0.00000	0.08026	0.02175	0.0000000	0.00363
case_2022090218	train	198.6	1116	1.3344	0.9731	1.0211	0.9655	+0.0479	-0.0076	0.11495	0.00769	0.00000	0.04917	0.01834	0.0000000	0.01577
case_2022090315	train	283.1	625	0.6584	0.9520	0.6492	0.6177	-0.3028	-0.3343	0.13040	0.00558	0.00000	0.06103	0.01967	0.0000000	0.00055
case_2022090419	train	60.0	700	0.6782	0.9571	1.1856	1.1465	+0.2285	+0.1894	0.06746	0.00493	0.00000	0.08872	0.07350	0.0000000	0.00551
case_2022090520	train	47.8	1089	1.0606	0.9725	0.8812	0.8474	-0.0912	-0.1251	0.07590	0.01066	0.00000	0.07257	0.05523	0.0000000	0.00058
case_2022090621	train	312.9	1089	1.0543	0.9725	1.4260	1.3578	+0.4536	+0.3854	0.07604	0.01973	0.00000	0.02195	0.00735	0.0000000	0.04197
case_2022090722	train	338.9	1037	0.7901	0.9711	1.0977	0.9642	+0.1267	-0.0069	0.15336	0.02228	0.00000	0.03333	0.01585	0.0000000	0.21435
case_2022090822	train	200.0	1037	0.9549	0.9711	0.7241	0.6671	-0.2469	-0.3040	0.14884	0.01499	0.00000	0.04724	0.00998	0.0000000	0.00258
case_2022090919	train	195.3	962	1.1629	0.9688	0.8292	0.7665	-0.1396	-0.2023	0.14304	0.00482	0.00004	0.06906	0.03514	0.0000000	0.01744
case_2022091018	train	189.2	1089	1.1341	0.9725	0.9006	0.8177	-0.0718	-0.1547	0.14588	0.00119	0.00160	0.04196	0.01309	0.0000000	0.01125
case_2022091102	train	341.6	962	0.6173	0.9688	1.2884	1.2090	+0.3196	+0.2402	0.09576	0.00635	0.00000	0.02229	0.00426	0.0000000	0.29226
case_2022091221	train	332.3	739	0.6562	0.9594	1.1467	1.0956	+0.1873	+0.1362	0.11681	0.01495	0.00000	0.07073	0.03562	0.0000000	0.12666
case_2022091318	train	314.7	700	0.8726	0.9571	1.1926	1.1357	+0.2354	+0.1786	0.09205	0.03024	0.00000	0.05404	0.03224	0.0000000	0.06219
case_2022091420	train	206.7	937	0.9076	0.9680	1.1090	1.0023	+0.1410	+0.0343	0.13714	0.01632	0.00000	0.04859	0.02715	0.0000000	0.01622
case_2022091515	train	206.2	739	0.7948	0.9594	1.1657	1.1062	+0.2063	+0.1468	0.11188	0.01099	0.00000	0.06733	0.03769	0.0000000	0.03891
case_2022091619	train	176.1	1063	1.2303	0.9718	1.0998	1.0174	+0.1280	+0.0456	0.14479	0.00075	0.00120	0.04396	0.00669	0.0000000	0.00666
case_2022091718	train	196.8	625	0.8961	0.9520	0.7895	0.7384	-0.1625	-0.2136	0.13573	0.00722	0.00001	0.05761	0.02130	0.0000000	0.03374
case_2022091820	train	243.2	962	0.9395	0.9688	0.7674	0.7008	-0.2014	-0.2680	0.13483	0.02434	0.00000	0.03387	0.00796	0.0000000	0.00106
case_2022091919	train	330.6	845	0.9634	0.9645	1.1450	1.0640	+0.1805	+0.0995	0.12084	0.02374	0.00000	0.05540	0.03007	0.0000000	0.23886
case_2022092017	train	200.8	643	0.9050	0.9534	1.1105	1.0883	+0.1571	+0.1350	0.10093	0.01058	0.00000	0.07264	0.03416	0.0000000	0.05276
case_2022092118	train	281.3	1037	0.8082	0.9711	0.9785	0.9572	+0.0074	-0.0138	0.11646	0.00332	0.00140	0.08717	0.04290	0.0000000	0.01151
case_2022092319	train	198.2	1320	0.9754	0.9773	1.0950	1.0108	+0.1177	+0.0335	0.14023	0.00884	0.00000	0.04254	0.00887	0.0000000	0.00496
case_2022092411	train	217.8	914	0.7158	0.9672	1.0977	1.0645	+0.1306	+0.0974	0.08298	0.01457	0.00000	0.04345	0.01719	0.0000000	0.00055
case_2022092509	train	292.1	760	0.5492	0.9605	1.0249	0.9480	+0.0644	-0.0125	0.15192	0.01703	0.00000	0.04499	0.00371	0.0000000	0.00039
case_2022092617	train	286.3	1089	1.2438	0.9725	0.8423	0.7690	-0.1301	-0.2035	0.14659	0.01006	0.00000	0.04344	0.01162	0.0000000	0.00107
case_2022092817	train	0.2	1116	1.2556	0.9731	1.2071	1.1017	+0.2339	+0.1285	0.10674	0.00005	0.00037	0.01649	0.00598	0.0000000	0.30809
case_2022092922	train	169.4	739	0.6038	0.9594	0.8703	0.7567	-0.0891	-0.2027	0.19774	0.00630	0.00051	0.04584	0.00779	0.0000000	0.00014
case_2022093018	train	108.4	1089	1.1403	0.9725	0.9158	0.8597	-0.0567	-0.1127	0.12910	0.00863	0.00000	0.09242	0.06066	0.0000000	0.00008
case_2022100120	train	7.3	1063	0.9757	0.9718	0.9938	0.8927	+0.0220	-0.0791	0.16689	0.00238	0.00331	0.04435	0.00872	0.0000000	0.24684
case_2022100220	train	10.6	1259	1.1469	0.9762	1.1001	1.0059	+0.1239	+0.0297	0.14494	0.00329	0.00086	0.04340	0.01171	0.0000000	0.29156
case_2022100321	train	159.3	1011	0.7746	0.9703	0.7931	0.6994	-0.1773	-0.2709	0.18949	0.01860	0.00000	0.04973	0.01007	0.0000000	0.00207
case_2022100420	train	228.3	868	0.8944	0.9654	1.2598	1.2137	+0.2944	+0.2483	0.09669	0.02631	0.00000	0.05125	0.02139	0.0000000	0.00510
case_2022100617	train	310.4	891	1.0452	0.9663	1.2304	1.2225	+0.2641	+0.2562	0.07470	0.02300	0.00000	0.06147	0.02912	0.0000000	0.12957
case_2022100818	train	260.7	1200	1.2940	0.9750	1.0302	0.9347	+0.0552	-0.0404	0.13415	0.00272	0.00132	0.03419	0.01192	0.0000000	0.00303
case_2022101119	train	169.4	823	0.9704	0.9636	0.8683	0.8316	-0.0952	-0.1320	0.10778	0.00294	0.00007	0.04828	0.01514	0.0000000	0.02109
case_2022101216	train	260.6	845	0.8482	0.9645	0.8229	0.7966	-0.1416	-0.1679	0.14473	0.00295	0.00227	0.08409	0.02924	0.0000000	0.00164
case_2022101518	train	248.0	1144	1.2824	0.9738	0.8929	0.8356	-0.0809	-0.1381	0.15360	0.02327	0.00000	0.05924	0.01263	0.0000000	0.00183
case_2022101617	train	274.5	1089	1.0289	0.9725	0.9470	0.8569	-0.0254	-0.1156	0.16179	0.00041	0.00308	0.04673	0.01071	0.0000000	0.00068
case_2022101719	train	328.6	1351	1.1268	0.9778	1.1555	1.1011	+0.1777	+0.1233	0.11572	0.02151	0.00000	0.05560	0.02110	0.0000000	0.10827
case_2022101818	train	291.3	739	1.0677	0.9594	1.2180	1.1114	+0.2586	+0.1520	0.12494	0.01589	0.00000	0.03052	0.01041	0.0000000	0.00647
case_2022101918	train	293.2	1144	1.3088	0.9738	1.1084	1.0530	+0.1347	+0.0792	0.12760	0.01607	0.00000	0.06879	0.03044	0.0000000	0.01629
case_2022102020	train	273.0	1089	0.8904	0.9725	0.6957	0.6351	-0.2768	-0.3374	0.16062	0.00091	0.00473	0.05224	0.01302	0.0000000	0.00173
case_2022102120	train	207.2	823	0.8103	0.9636	0.9797	0.8930	+0.0161	-0.0706	0.14366	0.02157	0.00000	0.03799	0.00824	0.0000000	0.00238
case_2022102218	train	159.8	662	0.9362	0.9547	0.9594	0.8304	+0.0047	-0.1243	0.19888	0.01779	0.00000	0.06546	0.03052	0.0000000	0.00936
case_2022102321	train	135.7	1063	0.9766	0.9718	0.8433	0.7880	-0.1285	-0.1838	0.10269	0.02312	0.00000	0.02744	0.00792	0.0000000	0.00000
case_2022102416	train	169.8	643	0.8893	0.9534	0.6461	0.5623	-0.3073	-0.3911	0.18933	0.00585	0.00001	0.06887	0.03721	0.0000000	0.00322
case_2022102516	train	230.0	662	0.7909	0.9547	1.6919	1.5679	+0.7372	+0.6133	0.08945	0.02477	0.00000	0.02554	0.01710	0.0000000	0.01901
case_2022102600	train	306.6	1063	0.5796	0.9718	1.0955	0.9232	+0.1237	-0.0486	0.17679	0.02499	0.00000	0.02223	0.01091	0.0000000	0.00226
case_2022102717	train	91.2	823	0.7557	0.9636	1.1579	1.1312	+0.1944	+0.1676	0.04800	0.00000	0.00022	0.04749	0.03564	0.0000000	0.01192
case_2022102821	train	205.5	760	0.5145	0.9605	1.0125	0.9674	+0.0520	+0.0069	0.11287	0.01157	0.00000	0.04332	0.00816	0.0000000	0.00605
case_2022102921	train	170.8	1229	0.6466	0.9756	1.1055	0.9969	+0.1299	+0.0213	0.14619	0.00277	0.00008	0.03341	0.00720	0.0000000	0.00203
case_2022103019	train	173.8	845	0.6810	0.9645	1.0260	0.9613	+0.0615	-0.0032	0.12310	0.00018	0.00020	0.08739	0.05916	0.0000000	0.02282
case_2022110121	train	265.0	700	0.7302	0.9571	0.9478	0.9071	-0.0094	-0.0501	0.13249	0.00071	0.00482	0.05357	0.00749	0.0000000	0.00024
case_2022110216	train	176.5	914	0.8221	0.9672	0.8782	0.8076	-0.0889	-0.1596	0.12178	0.00049	0.00054	0.03483	0.01294	0.0000000	0.01477
case_2022110320	train	164.9	845	0.9952	0.9645	1.0179	0.8930	+0.0534	-0.0715	0.18115	0.00948	0.00000	0.04185	0.00911	0.0000000	0.00177
case_2022110415	train	192.0	868	0.6631	0.9654	0.7444	0.7290	-0.2210	-0.2364	0.17348	0.00461	0.00001	0.10185	0.02823	0.0000000	0.00053
case_2022110518	train	163.6	1037	1.0030	0.9711	0.8464	0.7545	-0.1247	-0.2165	0.19958	0.01457	0.00000	0.06713	0.01786	0.0000000	0.00138
case_2022110618	train	238.5	823	0.7660	0.9636	1.4812	1.3907	+0.5176	+0.4271	0.08663	0.01132	0.00000	0.02340	0.01009	0.0000000	0.00910
case_2022110721	train	333.0	845	0.7057	0.9645	1.2151	1.1369	+0.2506	+0.1724	0.12697	0.02543	0.00000	0.03676	0.00354	0.0000000	0.12657
case_2022110819	train	118.7	914	0.8102	0.9672	0.7502	0.6824	-0.2170	-0.2848	0.13143	0.02890	0.00000	0.03882	0.01702	0.0000000	0.00000
case_2022110916	train	189.6	781	0.5387	0.9616	0.7134	0.6393	-0.2482	-0.3223	0.21519	0.00332	0.00000	0.07084	0.00998	0.0000000	0.00022
case_2022111118	train	261.8	1089	0.9657	0.9725	1.1074	1.0097	+0.1350	+0.0373	0.14164	0.00260	0.00228	0.03630	0.00744	0.0000000	0.00347
case_2022111203	train	310.4	845	0.7145	0.9645	1.0510	0.9897	+0.0865	+0.0252	0.12335	0.02806	0.00000	0.04564	0.01192	0.0000000	0.01458
case_2022111319	train	273.2	1172	1.2141	0.9744	1.0171	0.9151	+0.0427	-0.0593	0.13791	0.00024	0.00490	0.02453	0.00375	0.0000000	0.00304
case_2022111403	train	155.8	462	0.6771	0.9351	1.0190	0.8412	+0.0839	-0.0939	0.25538	0.04519	0.00000	0.07015	0.02344	0.0000000	0.00069
case_2022111517	train	62.2	700	0.4537	0.9571	0.9329	0.9110	-0.0242	-0.0461	0.07174	0.00935	0.00000	0.07580	0.05373	0.0000000	0.00001
case_2022111614	train	349.7	643	0.5544	0.9534	0.9876	0.9619	+0.0342	+0.0086	0.14269	0.00242	0.00024	0.08145	0.02446	0.0000000	0.32172
case_2022111717	train	231.2	247	0.7060	0.8786	1.2628	1.1814	+0.3842	+0.3027	0.08724	0.01280	0.00000	0.01560	0.00354	0.0000000	0.00164
case_2022111817	train	268.4	419	0.7296	0.9284	0.7917	0.7195	-0.1367	-0.2089	0.16000	0.00022	0.00713	0.05383	0.01729	0.0000000	0.00028
case_2022112017	train	236.6	781	0.8076	0.9616	1.1010	0.9996	+0.1394	+0.0381	0.11410	0.02496	0.00000	0.02626	0.01448	0.0000000	0.00807
case_2022112121	train	261.9	643	0.6573	0.9534	0.9844	0.9151	+0.0310	-0.0382	0.13548	0.00274	0.00097	0.04005	0.00540	0.0000000	0.00024
case_2022112219	train	255.6	823	0.7986	0.9636	1.1217	1.0649	+0.1581	+0.1014	0.11900	0.00638	0.00000	0.07358	0.04047	0.0000000	0.02063
case_2022112319	train	210.7	781	0.8116	0.9616	0.7564	0.7069	-0.2051	-0.2547	0.11975	0.01826	0.00000	0.07060	0.04413	0.0000000	0.00472
case_2022112418	train	199.6	643	0.7534	0.9534	0.8262	0.7533	-0.1272	-0.2001	0.15776	0.01310	0.00000	0.06780	0.03214	0.0000000	0.00871
case_2022112518	train	289.0	891	0.7700	0.9663	0.8913	0.8470	-0.0750	-0.1193	0.13816	0.01314	0.00000	0.07046	0.02638	0.0000000	0.00373
case_2022112618	train	188.7	937	0.9196	0.9680	1.0552	0.9692	+0.0872	+0.0012	0.14612	0.00149	0.00196	0.05389	0.02014	0.0000000	0.02296
case_2022112720	train	310.1	662	0.7157	0.9547	1.2280	1.1337	+0.2734	+0.1791	0.11814	0.02892	0.00000	0.04077	0.01924	0.0000000	0.00735
case_2022112815	train	182.0	681	0.5387	0.9559	0.8694	0.8498	-0.0866	-0.1061	0.13701	0.00016	0.00314	0.07396	0.01742	0.0000000	-0.00055
case_2022112907	train	193.7	643	0.5640	0.9534	1.0342	0.9726	+0.0808	+0.0192	0.17156	0.00490	0.00000	0.07993	0.02315	0.0000000	0.00654
case_2022113003	train	249.5	781	0.7624	0.9616	0.9481	0.8571	-0.0135	-0.1045	0.17267	0.02748	0.00000	0.05868	0.01776	0.0000000	0.00046
case_2022120119	train	182.4	781	0.9863	0.9616	0.9313	0.9175	-0.0303	-0.0441	0.14540	0.00011	0.00260	0.08452	0.02102	0.0000000	0.01349
case_2022120217	train	169.0	823	0.7794	0.9636	0.8093	0.7212	-0.1543	-0.2423	0.17732	0.00678	0.00000	0.04605	0.00823	0.0000000	0.00022
case_2022120319	train	257.0	681	1.0783	0.9559	0.9181	0.8830	-0.0378	-0.0729	0.12701	0.00416	0.00153	0.06530	0.02106	0.0000000	0.00672
case_2022120418	train	246.4	760	0.9076	0.9605	1.0764	1.0106	+0.1159	+0.0501	0.09430	0.01459	0.00000	0.02589	0.00852	0.0000000	0.01685
case_2022120517	train	253.2	802	0.6612	0.9626	0.8252	0.7929	-0.1374	-0.1697	0.11548	0.01132	0.00000	0.05357	0.01501	0.0000000	0.00239
case_2022120617	train	140.3	681	0.7231	0.9559	1.1578	1.1221	+0.2019	+0.1661	0.10071	0.03657	0.00000	0.04864	0.01360	0.0000000	0.01606
case_2022120723	train	275.0	868	0.7090	0.9654	0.7960	0.7090	-0.1694	-0.2565	0.18006	0.00070	0.00807	0.05183	0.01318	0.0000000	0.00310
case_2022120819	train	0.7	1037	0.6971	0.9711	0.8657	0.7918	-0.1054	-0.1793	0.13273	0.00067	0.00433	0.02939	0.00372	0.0000000	0.28504
case_2022120905	train	82.1	681	0.5166	0.9559	0.9274	0.8870	-0.0285	-0.0689	0.11803	0.00139	0.00009	0.08289	0.04769	0.0000000	-0.00008
case_2022121018	train	177.0	719	0.4955	0.9583	1.3239	1.2850	+0.3656	+0.3267	0.09632	0.00007	0.00155	0.03943	0.00532	0.0000000	0.00419
case_2022121117	train	348.4	845	0.6160	0.9645	0.7904	0.7378	-0.1741	-0.2267	0.11668	0.00279	0.00007	0.03686	0.01058	0.0000000	0.26848
case_2022121219	train	124.2	1259	0.6995	0.9762	0.6899	0.6870	-0.2863	-0.2892	0.16638	0.03303	0.00000	0.11921	0.04510	0.0000000	0.00000
case_2022121314	train	120.8	914	0.7135	0.9672	0.6765	0.6084	-0.2907	-0.3588	0.17181	0.03152	0.00000	0.05033	0.01167	0.0000000	0.00000
case_2022121505	train	88.1	760	0.5630	0.9605	0.8980	0.8530	-0.0625	-0.1075	0.09661	0.00017	0.00098	0.06457	0.04216	0.0000000	-0.00059
case_2022121618	train	211.1	462	0.6905	0.9351	0.8678	0.7819	-0.0673	-0.1532	0.15251	0.03137	0.00000	0.03576	0.00649	0.0000000	0.00022
case_2022121710	train	241.7	662	0.6228	0.9547	0.9673	0.8878	+0.0126	-0.0668	0.15640	0.02364	0.00000	0.04801	0.00823	0.0000000	0.00040
case_2022121823	train	265.8	195	0.6592	0.8460	0.8826	0.8187	+0.0365	-0.0273	0.12645	0.00041	0.00493	0.03372	0.00482	0.0000000	-0.00122
case_2022121921	train	223.9	760	0.6283	0.9605	0.8722	0.8443	-0.0883	-0.1162	0.06047	0.00968	0.00000	0.01814	0.00352	0.0000000	0.00027
case_2022122020	train	286.1	781	0.7744	0.9616	0.7324	0.6742	-0.2292	-0.2874	0.14842	0.00754	0.00000	0.05485	0.01882	0.0000000	0.00332
case_2022122118	train	146.4	781	0.8166	0.9616	0.6649	0.6211	-0.2966	-0.3405	0.22474	0.06055	0.00000	0.12821	0.05206	0.0000000	0.00538
case_2022122220	train	257.4	739	0.7975	0.9594	1.2081	1.1081	+0.2487	+0.1487	0.12827	0.00464	0.00000	0.03154	0.00709	0.0000000	0.00488
case_2022122317	train	257.2	215	1.1186	0.8607	0.8454	0.7874	-0.0152	-0.0732	0.16154	0.00750	0.00073	0.06120	0.01257	0.0000000	0.00104
case_2022122519	train	258.3	760	0.8859	0.9605	1.2083	1.1171	+0.2478	+0.1566	0.17438	0.00364	0.00354	0.09902	0.05097	0.0000000	0.00420
case_2022122621	train	314.4	781	0.5836	0.9616	1.2446	1.1852	+0.2831	+0.2236	0.09439	0.04441	0.00000	0.03894	0.01521	0.0000000	0.01270
case_2022122719	train	175.0	802	0.9648	0.9626	1.0565	0.9655	+0.0939	+0.0029	0.15087	0.00099	0.00069	0.04710	0.01257	0.0000000	0.00651
case_2022122816	train	183.8	556	0.6419	0.9461	0.8458	0.7525	-0.1003	-0.1936	0.19358	0.00028	0.00697	0.05375	0.00768	0.0000000	0.00325
case_2022122919	train	179.9	781	0.6628	0.9616	0.7790	0.6631	-0.1826	-0.2985	0.19378	0.00068	0.00935	0.03115	0.00499	0.0000000	0.00173
case_2022123020	train	235.9	760	0.7061	0.9605	1.0849	1.0314	+0.1244	+0.0709	0.08843	0.01564	0.00000	0.03387	0.01386	0.0000000	0.00633
case_2022123106	train	281.3	700	0.4886	0.9571	0.7701	0.6988	-0.1871	-0.2583	0.14544	0.00304	0.00000	0.03460	0.00580	0.0000000	0.00010
case_2023010118	train	270.7	781	0.6267	0.9616	0.6832	0.6198	-0.2783	-0.3417	0.14327	0.00024	0.00662	0.03161	0.00401	0.0000000	0.00106
case_2023010221	train	145.9	823	0.5135	0.9636	0.5458	0.5551	-0.4178	-0.4085	0.23922	0.04549	0.00000	0.23091	0.14027	0.0000000	0.00047
case_2023010316	train	67.0	719	0.5331	0.9583	1.4197	1.3562	+0.4614	+0.3979	0.10540	0.00885	0.00000	0.08638	0.05832	0.0000000	0.00000
case_2023010418	train	207.8	781	0.6823	0.9616	0.8607	0.8073	-0.1009	-0.1543	0.11203	0.01447	0.00000	0.03766	0.01163	0.0000000	0.00670
case_2023010510	train	252.9	448	0.6673	0.9330	1.0540	0.9486	+0.1210	+0.0156	0.15242	0.01643	0.00000	0.03498	0.00624	0.0000000	0.00017
case_2023010619	train	279.4	643	0.7776	0.9534	0.8753	0.7849	-0.0781	-0.1684	0.14201	0.00245	0.00173	0.02961	0.00834	0.0000000	0.00033
case_2023010709	train	21.5	643	0.5031	0.9534	0.9007	0.8987	-0.0526	-0.0546	0.08647	0.00465	0.00000	0.05226	0.01097	0.0000000	0.09350
case_2023010817	train	239.8	781	0.7075	0.9616	1.0785	1.0429	+0.1169	+0.0813	0.09019	0.01726	0.00000	0.07080	0.04382	0.0000000	0.00888
case_2023010903	train	256.8	643	0.5513	0.9534	0.9581	0.9098	+0.0048	-0.0436	0.13000	0.00844	0.00001	0.04505	0.00346	0.0000000	0.00010
case_2023011021	train	232.9	760	0.5683	0.9605	1.2910	1.2707	+0.3305	+0.3102	0.06299	0.00553	0.00000	0.03653	0.01316	0.0000000	0.00278
case_2023011119	train	181.1	823	0.7646	0.9636	0.7110	0.6680	-0.2525	-0.2955	0.15410	0.00002	0.00262	0.06933	0.02167	0.0000000	0.00984
case_2023011210	train	319.7	739	0.5000	0.9594	1.1942	1.1810	+0.2348	+0.2216	0.09750	0.02064	0.00000	0.07430	0.03351	0.0000000	0.02194
case_2023011317	train	339.7	1037	0.9570	0.9711	1.2672	1.1491	+0.2961	+0.1780	0.11747	0.01539	0.00000	0.02307	0.00995	0.0000000	0.24430
case_2023011410	train	296.3	700	0.4846	0.9571	0.7502	0.7406	-0.2070	-0.2165	0.11636	0.02342	0.00000	0.07360	0.02360	0.0000000	0.00003
case_2023011516	train	143.5	781	0.8028	0.9616	1.4861	1.2782	+0.5245	+0.3167	0.17885	0.05133	0.00000	0.03666	0.01467	0.0000000	0.01049
case_2023011616	train	165.7	700	0.6002	0.9571	0.8619	0.7967	-0.0952	-0.1604	0.19302	0.00850	0.00000	0.07224	0.01001	0.0000000	0.00050
case_2023011711	train	243.9	719	0.5788	0.9583	0.8247	0.7540	-0.1336	-0.2043	0.16623	0.03064	0.00000	0.05239	0.00919	0.0000000	0.00020
case_2023011819	train	58.5	986	0.7359	0.9696	1.1771	1.1243	+0.2075	+0.1547	0.09434	0.01766	0.00000	0.06090	0.03691	0.0000000	0.00019
case_2023011919	train	310.1	700	0.5433	0.9571	1.2938	1.2582	+0.3367	+0.3011	0.08815	0.02064	0.00000	0.03685	0.00606	0.0000000	0.01391
case_2023012020	train	286.2	845	0.9421	0.9645	0.7714	0.7064	-0.1931	-0.2581	0.13839	0.00761	0.00000	0.04486	0.01624	0.0000000	0.00040
case_2023012111	train	259.8	845	0.5578	0.9645	0.9496	0.8888	-0.0149	-0.0758	0.10750	0.00324	0.00013	0.02683	0.00383	0.0000000	0.00031
case_2023012219	train	281.6	719	0.7054	0.9583	0.8629	0.7948	-0.0954	-0.1635	0.13853	0.00306	0.00014	0.04453	0.01301	0.0000000	0.00140
case_2023012316	train	241.3	781	0.7407	0.9616	1.0099	0.9351	+0.0483	-0.0265	0.11911	0.02201	0.00000	0.03799	0.01438	0.0000000	0.00354
case_2023012419	train	228.0	739	0.7415	0.9594	1.3634	1.3121	+0.4040	+0.3527	0.07646	0.01384	0.00000	0.04280	0.02356	0.0000000	0.01637
case_2023012507	train	136.7	700	0.4778	0.9571	0.7199	0.7411	-0.2372	-0.2161	0.06819	0.03247	0.00000	0.06443	0.01883	0.0000000	0.00018
case_2023012618	train	311.7	802	0.6214	0.9626	1.1091	1.0506	+0.1465	+0.0881	0.10607	0.03450	0.00000	0.03771	0.01012	0.0000000	0.01304
case_2023012709	train	186.7	681	0.7843	0.9559	0.7053	0.6378	-0.2507	-0.3181	0.18553	0.00082	0.00409	0.07498	0.02806	0.0000000	0.00391
case_2023012820	train	313.8	802	0.7280	0.9626	0.9764	0.9506	+0.0138	-0.0120	0.07635	0.03012	0.00000	0.05125	0.02698	0.0000000	0.02890
case_2023012919	train	305.6	760	0.7012	0.9605	0.9347	0.8937	-0.0259	-0.0668	0.09089	0.01287	0.00000	0.03705	0.01309	0.0000000	0.01048
case_2023013022	train	282.8	508	0.7864	0.9409	0.6884	0.6300	-0.2525	-0.3109	0.17168	0.00707	0.00028	0.06819	0.02290	0.0000000	0.00009
case_2023013120	train	253.1	739	0.8233	0.9594	0.9503	0.8681	-0.0091	-0.0914	0.13928	0.01049	0.00000	0.05114	0.02365	0.0000000	0.00614
case_2023020119	train	206.3	760	0.7667	0.9605	0.6442	0.5959	-0.3163	-0.3646	0.14541	0.02191	0.00000	0.05184	0.01489	0.0000000	0.00174
case_2023020216	train	259.5	700	0.7368	0.9571	0.9386	0.9268	-0.0186	-0.0303	0.14827	0.00419	0.00186	0.07914	0.01207	0.0000000	0.00005
case_2023020319	train	333.9	781	0.7215	0.9616	1.8714	1.7569	+0.9098	+0.7953	0.08905	0.00765	0.00000	0.02118	0.00654	0.0000000	0.34304
case_2023020416	train	204.9	556	0.7343	0.9461	0.7771	0.7199	-0.1690	-0.2261	0.11679	0.01711	0.00000	0.03208	0.00916	0.0000000	0.00155
case_2023020517	train	266.3	681	0.6082	0.9559	0.9917	0.9184	+0.0358	-0.0376	0.13410	0.00023	0.00423	0.03369	0.00132	0.0000000	0.00220
case_2023020618	train	128.7	781	0.5844	0.9616	0.9233	0.8421	-0.0382	-0.1194	0.12206	0.01843	0.00000	0.02775	0.00940	0.0000000	0.00001
case_2023020717	train	261.6	760	0.7580	0.9605	0.8963	0.8058	-0.0642	-0.1547	0.17566	0.00304	0.00304	0.05076	0.01004	0.0000000	0.00109
case_2023020819	train	180.5	823	0.9596	0.9636	1.1853	1.1129	+0.2218	+0.1494	0.11817	0.00003	0.00272	0.04297	0.01338	0.0000000	0.03924
case_2023020917	train	334.8	379	0.7014	0.9208	1.0619	0.9966	+0.1411	+0.0758	0.14326	0.02756	0.00000	0.05668	0.01436	0.0000000	0.14490
case_2023021017	train	286.1	781	0.8188	0.9616	0.8449	0.7756	-0.1166	-0.1859	0.13870	0.01027	0.00000	0.04980	0.02017	0.0000000	0.00117
case_2023021220	train	229.6	781	0.6159	0.9616	1.7368	1.6713	+0.7753	+0.7097	0.06634	0.01157	0.00000	0.02125	0.00658	0.0000000	0.01281
case_2023021321	train	284.0	823	0.7627	0.9636	0.8461	0.7524	-0.1174	-0.2111	0.15126	0.00637	0.00002	0.02956	0.00710	0.0000000	0.00296
case_2023021419	train	156.2	823	0.7650	0.9636	0.8619	0.8061	-0.1016	-0.1575	0.19516	0.03452	0.00000	0.07982	0.01175	0.0000000	0.00476
case_2023021516	train	228.7	781	0.8597	0.9616	1.2591	1.2011	+0.2975	+0.2395	0.06903	0.01270	0.00000	0.01803	0.00615	0.0000000	0.00235
case_2023021608	train	313.5	986	0.6605	0.9696	1.2736	1.2018	+0.3040	+0.2322	0.08328	0.02174	0.00000	0.02495	0.01101	0.0000000	0.02923
case_2023021720	train	270.8	760	0.7577	0.9605	0.7615	0.7097	-0.1990	-0.2508	0.13033	0.00009	0.00483	0.04457	0.01194	0.0000000	0.00280
case_2023021821	train	186.8	739	0.7306	0.9594	1.0437	0.9656	+0.0843	+0.0062	0.13570	0.00048	0.00061	0.04695	0.01504	0.0000000	0.01330
case_2023021922	train	249.3	392	0.5902	0.9234	0.8097	0.7050	-0.1138	-0.2184	0.18045	0.02717	0.00000	0.03322	0.00406	0.0000000	0.00014
case_2023022021	train	190.6	1200	0.9184	0.9750	0.7362	0.6530	-0.2388	-0.3220	0.18590	0.00335	0.00031	0.05776	0.01817	0.0000000	0.00040
case_2023022116	train	275.0	760	0.9728	0.9605	0.7376	0.6987	-0.2229	-0.2618	0.13323	0.00016	0.00343	0.07244	0.03274	0.0000000	0.00567
case_2023022214	train	40.7	781	0.8190	0.9616	1.2785	1.2169	+0.3169	+0.2553	0.08796	0.02052	0.00000	0.07989	0.06156	0.0000000	0.01100
case_2023022321	train	232.8	462	0.7705	0.9351	1.4632	1.3860	+0.5281	+0.4509	0.07784	0.00750	0.00000	0.01676	0.00363	0.0000000	0.00076
case_2023022422	train	226.0	590	0.7781	0.9492	1.1614	1.1140	+0.2123	+0.1649	0.08112	0.01644	0.00000	0.03258	0.01208	0.0000000	0.00264
case_2023022519	train	221.9	739	0.8453	0.9594	1.4141	1.3446	+0.4546	+0.3852	0.07932	0.01650	0.00000	0.03230	0.01695	0.0000000	0.01316
case_2023022714	train	86.5	845	0.7070	0.9645	0.9050	0.8548	-0.0596	-0.1097	0.13873	0.00028	0.00532	0.08678	0.04680	0.0000000	-0.00007
case_2023022818	train	299.4	823	0.8686	0.9636	0.9258	0.9289	-0.0378	-0.0346	0.10642	0.01865	0.00000	0.07254	0.02002	0.0000000	0.02655
case_2023030117	train	222.8	760	0.7922	0.9605	0.7860	0.7531	-0.1745	-0.2074	0.08364	0.01837	0.00000	0.04120	0.02027	0.0000000	0.00673
case_2023030207	train	280.0	643	0.5727	0.9534	0.9297	0.8067	-0.0237	-0.1466	0.18401	0.00600	0.00003	0.03596	0.00654	0.0000000	-0.00001
case_2023030305	train	139.0	662	0.4464	0.9547	0.7692	0.8132	-0.1855	-0.1415	0.07085	0.02176	0.00000	0.08515	0.02798	0.0000000	0.00159
case_2023030420	train	238.5	845	0.9252	0.9645	1.2246	1.1640	+0.2601	+0.1995	0.08367	0.01404	0.00000	0.02522	0.00750	0.0000000	0.00471
case_2023030521	train	135.6	1259	0.9166	0.9762	0.5886	0.5600	-0.3875	-0.4162	0.15405	0.05630	0.00000	0.09833	0.04830	0.0000000	0.00033
case_2023030615	train	22.1	760	0.6118	0.9605	1.1930	1.1346	+0.2325	+0.1741	0.10536	0.01195	0.00000	0.04657	0.01797	0.0000000	0.08691
case_2023030708	train	3.2	462	0.7280	0.9351	0.7673	0.7166	-0.1678	-0.2185	0.18176	0.00044	0.01010	0.06914	0.00823	0.0000000	0.25749
case_2023030820	train	132.0	1229	1.3481	0.9756	0.6434	0.6381	-0.3322	-0.3375	0.17437	0.07530	0.00000	0.16475	0.09730	0.0000000	0.00133
case_2023030916	train	61.9	739	0.7743	0.9594	1.1870	1.1361	+0.2276	+0.1766	0.07968	0.01009	0.00000	0.07779	0.06092	0.0000000	0.00411
case_2023031015	train	336.6	392	0.5677	0.9234	1.3063	1.2498	+0.3829	+0.3263	0.10794	0.01647	0.00000	0.03690	0.00334	0.0000000	0.19274
case_2023031119	train	149.5	891	0.9225	0.9663	0.7862	0.7064	-0.1802	-0.2599	0.20855	0.04831	0.00000	0.08908	0.03347	0.0000000	0.00419
case_2023031220	train	207.6	1172	1.0011	0.9744	1.1105	1.0482	+0.1361	+0.0738	0.12682	0.01522	0.00000	0.05132	0.01500	0.0000000	0.00250
case_2023031317	train	324.0	1011	0.8345	0.9703	1.1013	1.0482	+0.1310	+0.0778	0.10561	0.01774	0.00000	0.04008	0.01058	0.0000000	0.05381
case_2023031421	train	217.6	353	0.7142	0.9149	1.0744	1.0281	+0.1595	+0.1131	0.09637	0.01191	0.00000	0.03889	0.01172	0.0000000	0.00033
case_2023031517	train	191.5	760	0.9132	0.9605	1.0603	0.9662	+0.0998	+0.0056	0.12240	0.00268	0.00057	0.02989	0.01191	0.0000000	0.02436
case_2023031618	train	194.2	868	0.7813	0.9654	0.7934	0.7071	-0.1720	-0.2583	0.15340	0.00630	0.00000	0.04797	0.02416	0.0000000	0.00844
case_2023031717	train	270.9	781	1.1781	0.9616	1.1538	1.0760	+0.1922	+0.1145	0.11589	0.00007	0.00234	0.03885	0.01355	0.0000000	0.02448
case_2023031808	train	262.6	226	0.6630	0.8671	0.9756	0.8788	+0.1085	+0.0117	0.17106	0.00096	0.00428	0.04428	0.00479	0.0000000	0.00082
case_2023031919	train	243.9	1011	1.1864	0.9703	1.1192	0.9919	+0.1489	+0.0216	0.13002	0.02210	0.00000	0.01528	0.00619	0.0000000	0.00618
case_2023032015	train	211.8	643	0.8919	0.9534	1.8016	1.6891	+0.8483	+0.7358	0.10035	0.01726	0.00000	0.03574	0.01618	0.0000000	0.01574
case_2023032114	train	230.7	739	0.6078	0.9594	0.9648	0.9289	+0.0053	-0.0305	0.07745	0.01316	0.00000	0.03540	0.01513	0.0000000	0.00250
case_2023032219	train	213.6	760	0.7449	0.9605	0.8157	0.7615	-0.1448	-0.1990	0.11414	0.01892	0.00000	0.04588	0.02140	0.0000000	0.00258
case_2023032316	train	326.8	823	0.7540	0.9636	1.2790	1.2548	+0.3155	+0.2913	0.06693	0.00948	0.00000	0.04667	0.02335	0.0000000	0.14192
case_2023032422	train	68.7	986	0.8360	0.9696	1.1539	1.0567	+0.1843	+0.0872	0.11772	0.01271	0.00000	0.03048	0.01263	0.0000000	0.00010
case_2023032519	train	276.8	556	0.8035	0.9461	0.8665	0.7867	-0.0796	-0.1594	0.16270	0.00169	0.00475	0.04650	0.00825	0.0000000	0.00055
case_2023032620	train	4.6	781	0.6685	0.9616	1.1595	1.1178	+0.1980	+0.1562	0.07848	0.00021	0.00017	0.02861	0.00688	0.0000000	0.36400
case_2023032721	train	322.2	1351	1.0316	0.9778	0.8479	0.8323	-0.1298	-0.1455	0.10099	0.01874	0.00000	0.08333	0.04509	0.0000000	0.10424
case_2023032819	train	253.0	1229	1.4422	0.9756	0.9520	0.8507	-0.0236	-0.1249	0.14768	0.00858	0.00095	0.03281	0.01016	0.0000000	0.00399
case_2023032916	train	293.7	962	1.2568	0.9688	0.9914	0.9607	+0.0226	-0.0082	0.12035	0.01442	0.00003	0.06946	0.02574	0.0000000	0.01213
case_2023033020	train	175.4	802	0.8219	0.9626	0.6187	0.5857	-0.3438	-0.3769	0.11999	0.00025	0.00074	0.04413	0.00963	0.0000000	0.00887
case_2023033123	train	135.0	914	0.6182	0.9672	1.0565	0.9746	+0.0894	+0.0074	0.10887	0.02253	0.00000	0.03181	0.01537	0.0000000	0.00048
case_2023040113	train	263.1	643	0.6141	0.9534	1.0080	0.9064	+0.0546	-0.0469	0.14102	0.00069	0.00081	0.02658	0.00436	0.0000000	0.00011
case_2023040218	train	172.3	986	0.7812	0.9696	0.7339	0.6199	-0.2357	-0.3496	0.19754	0.00245	0.00052	0.02835	0.00354	0.0000000	0.00014
case_2023040320	train	276.4	781	0.8348	0.9616	0.9895	0.9108	+0.0280	-0.0508	0.11858	0.00055	0.00265	0.02740	0.00650	0.0000000	0.00992
case_2023040416	train	60.3	891	0.6368	0.9663	1.2137	1.1068	+0.2474	+0.1405	0.11972	0.01657	0.00000	0.04775	0.03151	0.0000000	0.00001
case_2023040522	train	220.6	492	0.9533	0.9391	1.6637	1.5925	+0.7246	+0.6535	0.06793	0.01428	0.00000	0.01889	0.00590	0.0000000	0.00335
case_2023040620	train	250.6	1229	1.5562	0.9756	1.0723	1.0091	+0.0967	+0.0335	0.12066	0.01350	0.00000	0.05221	0.02075	0.0000000	0.00785
case_2023040919	train	189.8	1063	1.3602	0.9718	1.0659	1.0137	+0.0941	+0.0419	0.08920	0.00115	0.00077	0.02976	0.00896	0.0000000	0.03468
case_2023041219	train	230.1	1144	1.5506	0.9738	1.1178	1.0750	+0.1440	+0.1012	0.07173	0.02063	0.00000	0.03836	0.02173	0.0000000	0.01187
case_2023041523	train	187.3	1037	0.7805	0.9711	0.5956	0.5605	-0.3755	-0.4106	0.18478	0.00097	0.00273	0.10106	0.03948	0.0000000	0.00306
case_2023041619	train	239.2	739	0.8303	0.9594	1.3688	1.2865	+0.4094	+0.3270	0.11643	0.02072	0.00000	0.06203	0.03413	0.0000000	0.01516
case_2023041718	train	271.1	508	0.8704	0.9409	1.0180	0.9222	+0.0771	-0.0187	0.16303	0.00075	0.00819	0.04203	0.00432	0.0000000	0.00026
case_2023041821	train	291.7	1011	1.1059	0.9703	1.2411	1.1500	+0.2708	+0.1796	0.10873	0.01414	0.00000	0.03000	0.01138	0.0000000	0.01150
case_2023041919	train	115.0	1089	0.7043	0.9725	0.7693	0.6951	-0.2031	-0.2773	0.12722	0.01443	0.00000	0.01971	0.00276	0.0000000	0.00000
case_2023042001	train	90.0	914	0.4462	0.9672	1.0084	1.0204	+0.0412	+0.0533	0.08366	0.00002	0.00139	0.06329	0.01771	0.0000000	-0.00045
case_2023042106	train	227.4	405	0.6335	0.9260	0.9896	0.9605	+0.0636	+0.0345	0.06753	0.01234	0.00000	0.02682	0.00744	0.0000000	0.00021
case_2023042212	train	281.0	226	0.7577	0.8671	1.0896	0.9480	+0.2225	+0.0809	0.17938	0.00357	0.00010	0.04280	0.01524	0.0000000	0.00074
case_2023042313	train	271.7	868	0.8125	0.9654	0.8460	0.7692	-0.1194	-0.1963	0.14514	0.00101	0.00603	0.03313	0.00349	0.0000000	0.00299
case_2023042516	train	30.7	1289	1.1892	0.9767	1.0317	0.9866	+0.0550	+0.0099	0.11547	0.02886	0.00000	0.06114	0.02553	0.0000000	0.03831
case_2023042714	train	173.4	868	0.8992	0.9654	0.9393	0.8453	-0.0262	-0.1202	0.13660	0.00087	0.00140	0.03398	0.01428	0.0000000	0.02122
case_2023043014	train	273.2	1320	1.0177	0.9773	1.0369	0.9619	+0.0596	-0.0154	0.15184	0.00040	0.00530	0.05219	0.01021	0.0000000	0.00187
case_2023050114	train	286.9	379	1.0057	0.9208	0.7704	0.6920	-0.1503	-0.2287	0.17137	0.01231	0.00000	0.05260	0.01501	0.0000000	0.00008
case_2023050216	train	287.5	891	1.2215	0.9663	0.9881	0.9104	+0.0217	-0.0559	0.12811	0.00774	0.00005	0.04355	0.01762	0.0000000	0.00399
case_2023050318	train	322.9	1415	1.4944	0.9788	1.0680	1.0260	+0.0892	+0.0473	0.08588	0.01882	0.00000	0.05091	0.02801	0.0000000	0.17658
case_2023050514	train	175.9	823	1.0275	0.9636	1.0297	0.9533	+0.0662	-0.0103	0.13207	0.00015	0.00135	0.04711	0.01692	0.0000000	0.02430
case_2023050615	train	150.4	700	0.7015	0.9571	0.7949	0.7256	-0.1622	-0.2316	0.19205	0.04795	0.00000	0.06821	0.01220	0.0000000	0.00667
case_2023050716	train	304.1	1351	1.0986	0.9778	1.1629	1.1386	+0.1851	+0.1608	0.08929	0.01395	0.00000	0.04996	0.01618	0.0000000	0.05073
case_2023050820	train	24.9	802	0.7743	0.9626	1.1625	1.1196	+0.1999	+0.1570	0.11289	0.01638	0.00000	0.05456	0.01641	0.0000000	0.29157
case_2023050919	train	34.3	1011	1.0409	0.9703	1.0658	1.0041	+0.0954	+0.0337	0.07989	0.01831	0.00000	0.03218	0.02099	0.0000000	0.07272
case_2023051316	train	44.7	739	0.9552	0.9594	1.1024	1.0729	+0.1430	+0.1135	0.06248	0.01100	0.00000	0.07480	0.05860	0.0000000	0.01418
case_2023051414	train	46.7	823	0.8174	0.9636	1.7976	1.7673	+0.8340	+0.8037	0.05308	0.00988	0.00000	0.05283	0.03573	0.0000000	0.01280
case_2023051520	train	349.8	1200	1.5612	0.9750	1.1681	1.0893	+0.1931	+0.1143	0.11115	0.00202	0.00010	0.04643	0.02414	0.0000000	0.31227
case_2023051723	train	65.9	1116	0.8929	0.9731	1.0705	1.0130	+0.0974	+0.0399	0.12471	0.01690	0.00000	0.06144	0.02588	0.0000000	0.00005
case_2023051814	train	183.7	625	1.0198	0.9520	1.0414	0.9911	+0.0894	+0.0391	0.13512	0.00010	0.00171	0.07066	0.02758	0.0000000	0.04060
case_2023051919	train	268.2	1089	1.5053	0.9725	1.0022	0.9342	+0.0298	-0.0383	0.12306	0.00001	0.00095	0.03551	0.00630	0.0000000	0.00259
case_2023052421	train	42.6	1289	1.2677	0.9767	1.1522	1.1567	+0.1755	+0.1800	0.07295	0.02247	0.00000	0.14670	0.11741	0.0000000	0.05158
case_2023052515	train	56.4	802	0.9878	0.9626	1.0981	1.1040	+0.1355	+0.1414	0.05831	0.01037	0.00000	0.12256	0.09703	0.0000000	0.05186
case_2023052617	train	89.4	1116	1.4895	0.9731	0.8895	0.8399	-0.0836	-0.1332	0.10518	0.00001	0.00133	0.07825	0.05497	0.0000000	-0.00034
case_2023060121	train	215.7	681	1.0418	0.9559	0.8413	0.8133	-0.1146	-0.1426	0.08518	0.01614	0.00000	0.06861	0.04415	0.0000000	0.04949
case_2023060423	train	43.8	1089	1.0236	0.9725	0.9707	0.9101	-0.0017	-0.0624	0.08565	0.01503	0.00000	0.04576	0.03424	0.0000000	0.00320
case_2023060617	train	291.3	739	1.1416	0.9594	1.5561	1.4983	+0.5967	+0.5389	0.08822	0.00820	0.00000	0.03674	0.01080	0.0000000	0.09013
case_2023061108	train	338.0	681	0.5656	0.9559	1.0409	0.9917	+0.0850	+0.0357	0.10179	0.00931	0.00000	0.03622	0.00810	0.0000000	0.18695
case_2023061317	train	308.2	937	1.1582	0.9680	1.3685	1.2789	+0.4005	+0.3109	0.10333	0.02696	0.00000	0.05384	0.03501	0.0000000	0.03436
case_2023061520	train	291.7	1116	1.5163	0.9731	1.1378	1.0644	+0.1646	+0.0913	0.11812	0.01387	0.00000	0.04577	0.01814	0.0000000	0.01914
case_2023061621	train	62.2	891	1.2487	0.9663	1.6565	1.6034	+0.6902	+0.6371	0.05828	0.00669	0.00012	0.03781	0.02492	0.0000000	0.03296
case_2023061700	train	49.3	1116	0.7342	0.9731	1.1189	1.0864	+0.1458	+0.1132	0.08511	0.00959	0.00000	0.05577	0.02857	0.0000000	0.00024
case_2023062100	train	75.8	1063	0.8461	0.9718	0.9815	0.9229	+0.0098	-0.0489	0.13615	0.00731	0.00000	0.05548	0.01616	0.0000000	0.00000
case_2023062511	train	153.0	719	0.5664	0.9583	0.8754	0.7904	-0.0829	-0.1679	0.20783	0.04150	0.00000	0.07898	0.02017	0.0000000	0.00595
case_2023062619	train	314.4	1116	1.0341	0.9731	0.9254	0.8995	-0.0478	-0.0737	0.09530	0.03793	0.00000	0.04725	0.01357	0.0000000	0.01311
case_2023062717	train	334.4	962	1.2582	0.9688	1.0798	1.0587	+0.1110	+0.0899	0.07685	0.01264	0.00000	0.05356	0.02582	0.0000000	0.38410
case_2023062913	train	268.1	643	0.8771	0.9534	0.9821	0.9133	+0.0287	-0.0401	0.12187	0.00003	0.00231	0.03266	0.00510	0.0000000	0.00666
case_2023080221	train	220.0	1089	1.1989	0.9725	1.2992	1.2298	+0.3267	+0.2573	0.10232	0.02915	0.00000	0.04415	0.01931	0.0000000	0.00768
case_2023080318	train	342.3	1011	1.0821	0.9703	1.2551	1.2124	+0.2847	+0.2421	0.08611	0.00698	0.00000	0.03680	0.01036	0.0000000	0.32854
case_2023080417	train	81.1	1089	1.3935	0.9725	1.6050	1.5113	+0.6325	+0.5389	0.10676	0.00090	0.00152	0.05477	0.03065	0.0000000	0.00251
case_2023080518	train	109.6	1116	1.2734	0.9731	0.9835	0.9676	+0.0104	-0.0055	0.11295	0.00926	0.00000	0.10342	0.06017	0.0000000	0.00043
case_2023080617	train	41.5	1116	1.2919	0.9731	1.5761	1.5246	+0.6030	+0.5515	0.06248	0.01773	0.00001	0.03787	0.02317	0.0000000	0.01182
case_2023080716	train	2.9	937	1.2715	0.9680	1.5610	1.4815	+0.5930	+0.5135	0.08149	0.00003	0.00125	0.02245	0.00658	0.0000000	0.42586
case_2023081116	train	213.0	845	1.2322	0.9645	1.1446	1.0390	+0.1801	+0.0745	0.11545	0.02245	0.00000	0.02371	0.01121	0.0000000	0.01970
case_2023081204	train	261.1	607	0.7163	0.9506	0.8447	0.7687	-0.1059	-0.1819	0.17799	0.00205	0.00402	0.06922	0.02310	0.0000000	0.00139
case_2023081321	train	283.2	625	0.6457	0.9520	0.9495	0.8634	-0.0025	-0.0886	0.12716	0.00430	0.00000	0.02804	0.00834	0.0000000	0.00321
case_2023081400	train	151.0	823	0.6291	0.9636	0.7821	0.7337	-0.1814	-0.2299	0.16933	0.01248	0.00000	0.07792	0.02337	0.0000000	0.00517
case_2023081506	train	329.7	823	0.5806	0.9636	1.1619	1.1017	+0.1983	+0.1381	0.13556	0.02039	0.00000	0.05904	0.01632	0.0000000	0.06519
case_2023081621	train	208.3	1063	1.2365	0.9718	1.0851	1.0308	+0.1133	+0.0590	0.11679	0.01609	0.00000	0.05510	0.02147	0.0000000	0.01058
case_2023081710	train	215.8	462	0.6216	0.9351	1.0758	1.0060	+0.1407	+0.0709	0.10049	0.02136	0.00000	0.02591	0.00714	0.0000000	0.00106
case_2023081816	train	285.8	962	1.1039	0.9688	0.8816	0.8401	-0.0872	-0.1287	0.11357	0.00590	0.00005	0.05954	0.02651	0.0000000	0.01004
case_2023081923	train	202.0	891	0.8603	0.9663	0.7207	0.6551	-0.2456	-0.3113	0.15815	0.01947	0.00000	0.05422	0.01869	0.0000000	0.00516
case_2023082019	train	343.2	1089	1.4080	0.9725	1.1134	1.0409	+0.1410	+0.0684	0.12664	0.00948	0.00046	0.04657	0.01466	0.0000000	0.35482
case_2023082117	train	3.6	662	1.1726	0.9547	1.3478	1.3478	+0.3931	+0.3931	0.07205	0.00009	0.00086	0.04164	0.00603	0.0000000	0.31246
case_2023082220	train	215.5	1089	1.2793	0.9725	1.0010	0.9706	+0.0286	-0.0018	0.08901	0.01851	0.00000	0.05282	0.02404	0.0000000	0.00818
case_2023082315	train	232.8	625	0.9086	0.9520	0.8902	0.8281	-0.0619	-0.1239	0.10539	0.02455	0.00000	0.04172	0.02342	0.0000000	0.00620
case_2023082418	train	233.6	845	1.1641	0.9645	1.1344	1.1023	+0.1698	+0.1378	0.07133	0.01407	0.00000	0.04954	0.02863	0.0000000	0.01352
case_2023082522	train	264.5	1037	1.2218	0.9711	0.8717	0.8066	-0.0994	-0.1645	0.14940	0.00056	0.00013	0.05277	0.01345	0.0000000	0.00257
case_2023082618	train	1.3	986	1.2011	0.9696	1.1168	1.0590	+0.1472	+0.0894	0.10063	0.00008	0.00090	0.03984	0.01486	0.0000000	0.33016
case_2023082708	train	23.4	719	0.4886	0.9583	0.9672	0.9508	+0.0089	-0.0075	0.13078	0.01909	0.00000	0.06953	0.01318	0.0000000	0.05410
case_2023083021	train	338.5	986	1.1962	0.9696	1.6018	1.4791	+0.6322	+0.5095	0.10263	0.01048	0.00000	0.03012	0.01648	0.0000000	0.42395
case_2023083119	train	140.2	1144	1.3900	0.9738	1.0493	1.0071	+0.0755	+0.0333	0.14160	0.05269	0.00000	0.10776	0.06142	0.0000000	0.02719
case_2023090121	train	197.8	1089	1.2916	0.9725	1.1691	1.0297	+0.1966	+0.0572	0.17462	0.00978	0.00028	0.05517	0.02533	0.0000000	0.01332
case_2023090221	train	210.9	1089	1.2977	0.9725	1.0744	0.9680	+0.1020	-0.0045	0.12921	0.02653	0.00000	0.05516	0.03976	0.0000000	0.01487
case_2023090319	train	218.1	868	1.2399	0.9654	1.4102	1.3663	+0.4448	+0.4009	0.06757	0.01698	0.00000	0.03809	0.02006	0.0000000	0.02632
case_2023090515	train	162.4	681	0.9658	0.9559	0.9328	0.8978	-0.0231	-0.0581	0.14300	0.00987	0.00000	0.09310	0.04300	0.0000000	0.02438
case_2023090621	train	276.1	700	1.0490	0.9571	0.9455	0.8976	-0.0116	-0.0596	0.12223	0.00055	0.00452	0.05039	0.01375	0.0000000	0.01275
case_2023090712	train	300.7	1928	0.5852	0.9844	1.3755	1.3228	+0.3911	+0.3384	0.09293	0.01575	0.00000	0.03450	0.00647	0.0000000	0.00330
case_2023090812	train	25.0	891	0.4822	0.9663	1.0755	1.0263	+0.1092	+0.0600	0.09546	0.00783	0.00000	0.05097	0.02629	0.0000000	0.06905
case_2023090921	train	314.0	1116	1.1629	0.9731	0.9479	0.8933	-0.0252	-0.0798	0.08867	0.02965	0.00000	0.03478	0.01892	0.0000000	0.02312
case_2023091115	train	346.2	1037	0.6860	0.9711	1.1767	1.1270	+0.2056	+0.1560	0.08173	0.00349	0.00002	0.02977	0.00951	0.0000000	0.41229
case_2023091212	train	314.6	760	0.5324	0.9605	1.0881	1.0748	+0.1276	+0.1143	0.08007	0.02289	0.00000	0.06339	0.03121	0.0000000	0.04891
case_2023091317	train	358.1	1320	1.4901	0.9773	1.2412	1.1816	+0.2640	+0.2043	0.13640	0.00004	0.00104	0.06000	0.01499	0.0000000	0.40211
case_2023091419	train	325.7	1116	1.4012	0.9731	0.8944	0.8739	-0.0787	-0.0993	0.09977	0.01822	0.00000	0.06364	0.02642	0.0000000	0.11330
case_2023091921	train	173.0	625	1.0545	0.9520	0.8825	0.7985	-0.0695	-0.1535	0.14509	0.00050	0.00000	0.03749	0.01052	0.0000000	0.01578
case_2023092015	train	171.1	1481	0.8773	0.9797	0.7870	0.7081	-0.1927	-0.2716	0.13933	0.00231	0.00161	0.03038	0.00904	0.0000000	0.01350
case_2023092119	train	116.9	1116	1.3065	0.9731	0.7853	0.7183	-0.1878	-0.2548	0.13423	0.01845	0.00000	0.03665	0.01048	0.0000000	0.00010
case_2023092219	train	143.0	1116	1.2840	0.9731	0.7653	0.7084	-0.2078	-0.2647	0.16979	0.04541	0.00000	0.09384	0.04715	0.0000000	0.00179
case_2023092416	train	142.7	662	0.9462	0.9547	1.1279	1.1201	+0.1733	+0.1654	0.09081	0.02471	0.00000	0.04792	0.00620	0.0000000	0.03901
case_2023092516	train	122.7	1144	0.9131	0.9738	1.0242	1.0339	+0.0504	+0.0601	0.05688	0.00896	0.00000	0.05722	0.02609	0.0000000	0.00747
case_2023092607	train	122.9	891	0.6111	0.9663	0.7541	0.7085	-0.2123	-0.2578	0.13219	0.01826	0.00000	0.05173	0.01467	0.0000000	0.00000
case_2023092707	train	96.8	802	0.4523	0.9626	1.0657	1.0455	+0.1032	+0.0829	0.08208	0.00032	0.00001	0.04697	0.01583	0.0000000	0.00000
case_2023092817	train	56.6	962	0.6293	0.9688	1.1397	1.0806	+0.1709	+0.1118	0.09157	0.01842	0.00000	0.08859	0.07058	0.0000000	0.00004
case_2023092920	train	206.2	1063	1.0353	0.9718	0.9263	0.8748	-0.0455	-0.0970	0.12214	0.01551	0.00000	0.05547	0.02180	0.0000000	0.00467
case_2023093017	train	225.2	643	0.9002	0.9534	1.1865	1.1017	+0.2331	+0.1484	0.08808	0.03020	0.00000	0.03189	0.02333	0.0000000	0.02426
case_2023110121	train	223.1	914	0.8559	0.9672	1.2804	1.2178	+0.3132	+0.2506	0.06757	0.01671	0.00000	0.01599	0.00629	0.0000000	0.00058
case_2023110216	train	222.4	739	0.8599	0.9594	1.0926	1.0219	+0.1332	+0.0624	0.12394	0.03571	0.00000	0.06050	0.03081	0.0000000	0.01129
case_2023110317	train	205.8	739	0.7107	0.9594	1.0745	1.0216	+0.1151	+0.0622	0.13476	0.01726	0.00000	0.06793	0.02521	0.0000000	0.01197
case_2023110421	train	290.1	1037	0.7410	0.9711	0.9382	0.8804	-0.0329	-0.0907	0.12907	0.01573	0.00000	0.05372	0.01913	0.0000000	0.00059
case_2023110518	train	197.3	719	0.7812	0.9583	0.9434	0.8887	-0.0149	-0.0696	0.12633	0.00895	0.00000	0.04685	0.01144	0.0000000	0.01807
case_2023110619	train	235.5	1089	1.0841	0.9725	1.4916	1.4089	+0.5191	+0.4365	0.09969	0.01847	0.00000	0.03200	0.00897	0.0000000	0.00553
case_2023110717	train	325.6	1037	0.9665	0.9711	1.0308	0.9993	+0.0597	+0.0282	0.09484	0.01424	0.00000	0.04838	0.01632	0.0000000	0.12305
case_2023110821	train	323.6	802	0.4755	0.9626	0.9400	0.9465	-0.0225	-0.0161	0.06812	0.01181	0.00000	0.05233	0.01630	0.0000000	0.11894
case_2023110917	train	236.5	462	0.9659	0.9351	1.3272	1.2938	+0.3921	+0.3587	0.09454	0.01438	0.00000	0.05273	0.01845	0.0000000	0.00167
case_2023111018	train	276.0	1116	0.8893	0.9731	0.8406	0.7332	-0.1325	-0.2399	0.17965	0.00106	0.00224	0.03519	0.00578	0.0000000	-0.00023
case_2023111121	train	196.3	986	0.6178	0.9696	0.9066	0.8137	-0.0630	-0.1559	0.13546	0.00897	0.00000	0.02052	0.00224	0.0000000	0.00172
case_2023111220	train	175.9	845	1.1078	0.9645	0.6812	0.6093	-0.2833	-0.3552	0.22288	0.00048	0.00282	0.08838	0.02624	0.0000000	0.00318
case_2023111321	train	293.2	914	0.7822	0.9672	0.8721	0.8064	-0.0951	-0.1608	0.12012	0.01970	0.00000	0.02852	0.00454	0.0000000	0.00036
case_2023111420	train	182.5	1011	0.9313	0.9703	0.8144	0.7172	-0.1560	-0.2532	0.18223	0.00015	0.00313	0.04626	0.01137	0.0000000	0.00138
case_2023111520	train	23.8	802	0.6855	0.9626	1.1853	1.0811	+0.2228	+0.1186	0.10492	0.00845	0.00000	0.01962	0.01049	0.0000000	0.16322
case_2023111715	train	325.8	845	0.8222	0.9645	1.1258	1.0712	+0.1613	+0.1067	0.09398	0.01905	0.00000	0.05319	0.03078	0.0000000	0.14275
case_2023111821	train	266.8	891	0.7397	0.9663	0.8615	0.7639	-0.1048	-0.2024	0.16291	0.00038	0.00781	0.03360	0.00596	0.0000000	0.00106
case_2023111918	train	31.3	802	0.7944	0.9626	1.1113	1.1043	+0.1487	+0.1417	0.06985	0.00774	0.00000	0.10401	0.07696	0.0000000	0.10082
case_2023112019	train	75.4	986	0.8771	0.9696	1.1705	1.0811	+0.2009	+0.1115	0.12424	0.00596	0.00005	0.04643	0.02167	0.0000000	-0.00004
case_2023112118	train	313.5	802	0.6219	0.9626	1.0228	0.9823	+0.0602	+0.0198	0.09966	0.03500	0.00000	0.04917	0.01906	0.0000000	0.00593
case_2023112212	train	268.1	739	0.5372	0.9594	0.7073	0.6922	-0.2521	-0.2672	0.12166	0.00016	0.00509	0.05581	0.00505	0.0000000	0.00022
case_2023112318	train	311.5	845	0.9636	0.9645	0.9204	0.8847	-0.0441	-0.0798	0.10581	0.02986	0.00000	0.04994	0.01620	0.0000000	0.01806
case_2023112419	train	343.3	1063	1.0475	0.9718	0.9970	0.9176	+0.0252	-0.0542	0.13728	0.01097	0.00000	0.03823	0.00738	0.0000000	0.26837
case_2023112520	train	198.8	845	0.8949	0.9645	0.8995	0.8474	-0.0651	-0.1171	0.12798	0.00810	0.00000	0.05218	0.01618	0.0000000	0.00977
case_2023112611	train	226.4	625	0.5256	0.9520	1.6098	1.6193	+0.6578	+0.6673	0.05700	0.01703	0.00000	0.05365	0.02388	0.0000000	0.00213
case_2023112721	train	265.8	448	0.6861	0.9330	1.0078	0.8734	+0.0748	-0.0596	0.15544	0.00081	0.00685	0.01423	0.00153	0.0000000	0.00061
case_2023112819	train	244.4	760	0.8784	0.9605	1.1407	1.1007	+0.1802	+0.1401	0.08551	0.01432	0.00000	0.03522	0.00962	0.0000000	0.01923
case_2023112919	train	249.5	739	0.8978	0.9594	1.0542	0.9644	+0.0947	+0.0050	0.13455	0.01477	0.00000	0.05535	0.02996	0.0000000	0.00423
case_2023113019	train	241.2	760	0.8195	0.9605	1.5852	1.5209	+0.6246	+0.5603	0.11719	0.01400	0.00000	0.06551	0.02779	0.0000000	0.00721
case_2023120116	train	13.8	739	0.5563	0.9594	1.2603	1.1269	+0.3008	+0.1674	0.15820	0.00540	0.00001	0.03257	0.00350	0.0000000	0.19197
case_2023120216	train	80.7	781	0.5416	0.9616	0.8814	0.8823	-0.0802	-0.0792	0.07261	0.00017	0.00032	0.11664	0.08616	0.0000000	-0.00019
case_2023120321	train	294.2	719	0.5168	0.9583	0.8471	0.7987	-0.1112	-0.1596	0.11685	0.02353	0.00000	0.04126	0.01026	0.0000000	0.00026
case_2023120418	train	276.0	781	0.7266	0.9616	0.8680	0.7642	-0.0935	-0.1974	0.16669	0.00162	0.00210	0.03593	0.00974	0.0000000	0.00211
case_2023120520	train	315.5	662	0.7873	0.9547	1.2299	1.1746	+0.2752	+0.2199	0.09108	0.02198	0.00000	0.04083	0.01754	0.0000000	0.03390
case_2023120614	train	297.9	462	0.6947	0.9351	1.0295	0.9423	+0.0944	+0.0072	0.12041	0.03443	0.00000	0.02398	0.00464	0.0000000	0.00063
case_2023120718	train	206.5	868	0.7617	0.9654	1.6341	1.4754	+0.6687	+0.5099	0.11983	0.00987	0.00000	0.01899	0.00660	0.0000000	0.02692
case_2023120818	train	192.5	802	0.8113	0.9626	0.8188	0.7674	-0.1438	-0.1952	0.14483	0.00431	0.00005	0.05491	0.01217	0.0000000	0.00583
case_2023120919	train	213.7	914	0.9609	0.9672	1.0379	0.9518	+0.0707	-0.0154	0.11265	0.02423	0.00000	0.02094	0.00491	0.0000000	0.00056
case_2023121005	train	261.9	462	0.7438	0.9351	0.8991	0.8125	-0.0360	-0.1226	0.15115	0.00308	0.00108	0.03331	0.00317	0.0000000	0.00009
case_2023121101	train	276.2	719	0.7450	0.9583	1.2585	1.1681	+0.3002	+0.2098	0.13729	0.00061	0.00426	0.03979	0.00489	0.0000000	0.01086
case_2023121221	train	268.4	823	0.7569	0.9636	1.1083	0.9844	+0.1447	+0.0209	0.14122	0.00030	0.00720	0.01940	0.00291	0.0000000	0.00106
case_2023121320	train	242.1	868	0.8940	0.9654	1.1479	1.0689	+0.1825	+0.1035	0.13959	0.02581	0.00000	0.05194	0.01508	0.0000000	0.00196
case_2023121418	train	213.5	781	0.8001	0.9616	1.2600	1.2217	+0.2984	+0.2601	0.08439	0.01366	0.00000	0.04894	0.02234	0.0000000	0.01459
case_2023121519	train	221.5	700	0.8642	0.9571	1.3217	1.2714	+0.3646	+0.3142	0.06195	0.01407	0.00000	0.02460	0.01253	0.0000000	0.02527
case_2023121620	train	130.8	662	0.4896	0.9547	0.6848	0.7238	-0.2699	-0.2309	0.08818	0.01206	0.00000	0.11319	0.05163	0.0000000	0.00228
case_2023121717	train	242.5	760	0.6455	0.9605	1.0976	1.0591	+0.1371	+0.0986	0.11946	0.02210	0.00000	0.05483	0.01214	0.0000000	0.00168
case_2023121822	train	292.1	540	0.7010	0.9444	1.0684	0.9655	+0.1240	+0.0211	0.13558	0.02100	0.00000	0.02588	0.00435	0.0000000	0.00033
case_2023121916	train	197.8	760	0.7829	0.9605	0.8927	0.8384	-0.0679	-0.1222	0.11732	0.00824	0.00000	0.04559	0.01650	0.0000000	0.01432
case_2023122019	train	166.8	760	0.7314	0.9605	0.9548	0.8945	-0.0057	-0.0660	0.13274	0.00431	0.00038	0.04863	0.01241	0.0000000	0.02787
case_2023122120	train	158.5	760	0.4731	0.9605	0.7749	0.7540	-0.1856	-0.2066	0.10948	0.00633	0.00000	0.06145	0.02085	0.0000000	0.00239
case_2023122219	train	190.1	625	0.5134	0.9520	0.5561	0.4877	-0.3959	-0.4643	0.17758	0.00250	0.00026	0.05472	0.02515	0.0000000	0.00011
case_2023122320	train	205.7	643	0.4953	0.9534	1.2484	1.2506	+0.2951	+0.2973	0.10287	0.01076	0.00000	0.06312	0.01217	0.0000000	0.00906
case_2023122415	train	140.5	781	0.4883	0.9616	0.7451	0.7285	-0.2165	-0.2330	0.13477	0.04942	0.00000	0.07159	0.01587	0.0000000	0.00137
case_2023122617	train	172.8	1144	0.9296	0.9738	0.7868	0.7037	-0.1870	-0.2701	0.18400	0.00291	0.00293	0.05863	0.01622	0.0000000	0.00107
case_2023122720	train	47.4	739	0.6537	0.9594	1.0668	1.0508	+0.1074	+0.0914	0.03849	0.00699	0.00000	0.06570	0.05509	0.0000000	0.00531
case_2023122816	train	324.2	662	0.5906	0.9547	1.0736	1.0309	+0.1190	+0.0762	0.12075	0.01677	0.00000	0.07408	0.03488	0.0000000	0.03189
case_2023122920	train	331.5	781	0.6076	0.9616	1.1166	1.0892	+0.1550	+0.1276	0.11025	0.01808	0.00000	0.06769	0.02606	0.0000000	0.15399
case_2023123021	train	246.6	802	0.5849	0.9626	0.9259	0.8549	-0.0367	-0.1076	0.13731	0.02410	0.00000	0.04020	0.00788	0.0000000	0.00077
case_2023123106	train	265.2	868	0.6670	0.9654	1.1160	0.9832	+0.1506	+0.0178	0.15390	0.00055	0.00510	0.02145	0.00167	0.0000000	-0.00004
case_2024020122	val	355.7	719	0.4305	0.9583	0.9876	0.9292	+0.0293	-0.0291	0.15018	0.00010	0.00264	0.06268	0.01581	0.0000000	0.28598
case_2024020212	val	63.4	868	0.6487	0.9654	1.1558	1.1089	+0.1903	+0.1434	0.10206	0.02065	0.00000	0.05806	0.02780	0.0000000	0.00006
case_2024020311	val	132.8	739	0.4583	0.9594	0.5955	0.5930	-0.3639	-0.3665	0.07134	0.00716	0.00000	0.04579	0.01299	0.0000000	0.00000
case_2024020420	val	356.4	739	0.8485	0.9594	0.9874	0.9064	+0.0280	-0.0530	0.14596	0.00012	0.00172	0.05137	0.01779	0.0000000	0.36289
case_2024020521	val	9.8	845	0.7061	0.9645	1.1443	1.0622	+0.1798	+0.0976	0.11133	0.00089	0.00046	0.04796	0.02787	0.0000000	0.37042
case_2024020621	val	208.6	802	0.6282	0.9626	1.2601	1.1996	+0.2975	+0.2370	0.11927	0.02165	0.00000	0.05115	0.01482	0.0000000	0.01158
case_2024020719	val	168.9	1063	0.6859	0.9718	0.7543	0.6781	-0.2174	-0.2936	0.18191	0.00430	0.00033	0.07151	0.02914	0.0000000	0.00664
case_2024020918	val	224.0	914	0.9319	0.9672	1.3644	1.2985	+0.3972	+0.3313	0.07407	0.02301	0.00000	0.02027	0.00694	0.0000000	0.00159
case_2024021021	val	294.4	845	0.8473	0.9645	1.1330	1.0481	+0.1685	+0.0835	0.16896	0.02679	0.00000	0.07804	0.03033	0.0000000	0.00274
case_2024021113	val	291.3	462	0.6867	0.9351	0.8666	0.8014	-0.0685	-0.1337	0.14137	0.02186	0.00000	0.04236	0.00711	0.0000000	0.00010
case_2024021311	val	312.3	700	0.5532	0.9571	1.2808	1.1930	+0.3236	+0.2359	0.11514	0.04265	0.00000	0.06778	0.04501	0.0000000	0.00562
case_2024021422	val	214.7	700	0.7464	0.9571	1.0715	0.9910	+0.1143	+0.0338	0.11436	0.02138	0.00000	0.02717	0.00622	0.0000000	0.00090
case_2024021514	val	296.5	405	0.7735	0.9260	0.9286	0.8565	+0.0026	-0.0695	0.15600	0.05019	0.00000	0.05416	0.01279	0.0000000	0.00019
case_2024021606	val	291.4	739	0.7675	0.9594	0.8100	0.7428	-0.1494	-0.2167	0.15641	0.01806	0.00000	0.05359	0.01477	0.0000000	0.00079
case_2024021717	val	254.4	962	1.1574	0.9688	1.1975	1.1251	+0.2287	+0.1563	0.12947	0.00966	0.00007	0.05498	0.01970	0.0000000	0.00543
case_2024021820	val	285.8	1116	1.0839	0.9731	1.0042	0.9298	+0.0311	-0.0433	0.14234	0.00763	0.00001	0.06754	0.03313	0.0000000	0.00139
case_2024021922	val	207.6	868	0.6451	0.9654	0.7786	0.7105	-0.1868	-0.2549	0.17079	0.03314	0.00000	0.05885	0.01452	0.0000000	0.00042
case_2024022121	val	266.5	1063	0.8150	0.9718	0.8753	0.7964	-0.0965	-0.1754	0.13902	0.00034	0.00319	0.03386	0.00739	0.0000000	0.00070
case_2024022323	val	16.1	781	0.5474	0.9616	1.1838	1.1162	+0.2222	+0.1546	0.10169	0.00266	0.00000	0.03015	0.00681	0.0000000	0.19465
case_2024022418	val	221.7	802	0.9045	0.9626	0.6689	0.6258	-0.2937	-0.3368	0.09701	0.01461	0.00000	0.04627	0.02990	0.0000000	0.00966
case_2024022516	val	237.1	760	0.8050	0.9605	1.2556	1.2000	+0.2951	+0.2395	0.08075	0.01192	0.00000	0.02951	0.01084	0.0000000	0.00470
case_2024022616	val	136.4	802	0.8207	0.9626	0.9044	0.8417	-0.0582	-0.1209	0.15260	0.07588	0.00000	0.06424	0.02140	0.0000000	0.00457
case_2024022719	val	228.7	986	1.1060	0.9696	1.8739	1.7906	+0.9043	+0.8210	0.06748	0.02009	0.00000	0.01779	0.00590	0.0000000	0.01640
case_2024022818	val	277.9	1063	1.3931	0.9718	0.8876	0.8358	-0.0842	-0.1360	0.10600	0.00090	0.00159	0.02909	0.00398	0.0000000	0.00473
case_2024022903	val	266.6	781	0.7888	0.9616	0.8625	0.7640	-0.0991	-0.1976	0.15937	0.00033	0.00852	0.02855	0.00319	0.0000000	0.00037
case_2024030121	val	172.2	1089	1.2044	0.9725	0.7976	0.7406	-0.1749	-0.2319	0.12461	0.00145	0.00180	0.04533	0.01772	0.0000000	0.00997
case_2024030219	val	198.5	823	0.8826	0.9636	1.1521	1.1224	+0.1885	+0.1588	0.08250	0.00610	0.00000	0.03769	0.00913	0.0000000	0.02999
case_2024030314	val	153.5	845	0.6664	0.9645	0.8572	0.7765	-0.1074	-0.1880	0.24077	0.06086	0.00000	0.09499	0.01677	0.0000000	0.00059
case_2024030419	val	137.0	845	0.5196	0.9645	0.9996	1.0294	+0.0351	+0.0649	0.10838	0.05390	0.00000	0.09084	0.02746	0.0000000	0.00236
case_2024030521	val	20.2	986	0.7743	0.9696	1.3801	1.2389	+0.4105	+0.2693	0.12707	0.01454	0.00000	0.02082	0.00723	0.0000000	0.10461
case_2024030621	val	46.6	868	0.6425	0.9654	1.1295	1.0698	+0.1641	+0.1043	0.08808	0.01205	0.00000	0.03983	0.02209	0.0000000	0.00015
case_2024030720	val	140.6	1144	1.0451	0.9738	1.1148	1.0110	+0.1411	+0.0372	0.16646	0.05669	0.00000	0.07537	0.03803	0.0000000	0.00650
case_2024030816	val	20.6	760	0.5550	0.9605	1.2037	1.1295	+0.2432	+0.1690	0.12470	0.01432	0.00000	0.04339	0.01054	0.0000000	0.07252
case_2024030904	val	319.9	492	0.7407	0.9391	1.1113	1.0646	+0.1722	+0.1255	0.09710	0.01027	0.00000	0.04443	0.01665	0.0000000	0.02752
case_2024031020	val	304.3	1144	1.1935	0.9738	1.1493	1.0706	+0.1756	+0.0968	0.12240	0.02274	0.00000	0.04658	0.01875	0.0000000	0.01306
case_2024031121	val	224.6	1011	0.9575	0.9703	1.3531	1.3234	+0.3828	+0.3531	0.05963	0.01537	0.00000	0.02887	0.00998	0.0000000	0.00329
case_2024031222	val	233.3	1116	0.8469	0.9731	1.5753	1.5226	+0.6022	+0.5495	0.07405	0.01043	0.00000	0.03092	0.01033	0.0000000	0.00277
case_2024031320	val	106.3	1289	1.2424	0.9767	0.8249	0.7698	-0.1518	-0.2070	0.14063	0.00792	0.00005	0.07606	0.03965	0.0000000	0.00028
case_2024031414	val	37.8	392	0.6307	0.9234	0.9960	0.9374	+0.0725	+0.0140	0.11621	0.02726	0.00000	0.06925	0.04126	0.0000000	0.00582
case_2024031515	val	322.6	781	0.7480	0.9616	1.7091	1.5984	+0.7476	+0.6368	0.08173	0.01664	0.00000	0.01497	0.00603	0.0000000	0.14993
case_2024031714	val	286.1	1320	1.1678	0.9773	0.8865	0.7911	-0.0907	-0.1862	0.16531	0.01258	0.00000	0.04877	0.01760	0.0000000	0.00076
case_2024031816	val	321.1	1289	1.3403	0.9767	0.9791	0.9123	+0.0024	-0.0644	0.09667	0.01581	0.00000	0.02624	0.01130	0.0000000	0.05511
case_2024031914	val	237.2	304	0.6925	0.9012	1.2608	1.1651	+0.3595	+0.2639	0.11382	0.01931	0.00000	0.02443	0.00408	0.0000000	0.00034
case_2024032015	val	297.6	1200	1.2246	0.9750	0.9494	0.8752	-0.0256	-0.0998	0.13236	0.02525	0.00000	0.07592	0.04944	0.0000000	0.00240
case_2024032120	val	272.1	1116	1.1652	0.9731	0.8000	0.7208	-0.1731	-0.2523	0.14745	0.00067	0.00680	0.03691	0.01062	0.0000000	0.00447
case_2024032212	val	153.0	662	0.4324	0.9547	0.6694	0.7455	-0.2852	-0.2091	0.12122	0.01018	0.00000	0.11762	0.01541	0.0000000	0.00167
case_2024032319	val	326.6	719	0.7819	0.9583	1.1242	1.0404	+0.1659	+0.0821	0.13746	0.03261	0.00000	0.05429	0.02180	0.0000000	0.10456
case_2024032418	val	126.3	781	0.8461	0.9616	0.9921	0.9222	+0.0305	-0.0394	0.10186	0.02064	0.00000	0.02682	0.01027	0.0000000	0.00433
case_2024032516	val	130.3	662	0.9487	0.9547	0.7952	0.7500	-0.1594	-0.2047	0.13501	0.02621	0.00000	0.06984	0.03100	0.0000000	0.00015
case_2024032623	val	224.4	845	0.8309	0.9645	1.6412	1.5746	+0.6767	+0.6101	0.06359	0.01495	0.00000	0.01658	0.00470	0.0000000	0.00222
case_2024032715	val	258.4	1172	1.2505	0.9744	1.1001	0.9828	+0.1257	+0.0083	0.15716	0.00530	0.00169	0.03929	0.01172	0.0000000	0.00273
case_2024032819	val	257.9	1172	1.3487	0.9744	1.0752	0.9904	+0.1008	+0.0160	0.15611	0.00496	0.00169	0.06830	0.02877	0.0000000	0.00395
case_2024032917	val	166.9	760	0.9198	0.9605	0.9419	0.9199	-0.0187	-0.0406	0.08759	0.00274	0.00046	0.04666	0.01471	0.0000000	0.08306
case_2024033020	val	284.2	1011	0.8361	0.9703	0.8085	0.7412	-0.1619	-0.2291	0.15275	0.00583	0.00049	0.05683	0.02043	0.0000000	0.00072
case_2024033116	val	243.7	781	0.8738	0.9616	0.9250	0.9083	-0.0365	-0.0533	0.09367	0.01634	0.00000	0.07558	0.04018	0.0000000	0.02176
case_2024050122	val	292.5	1037	1.1230	0.9711	0.8708	0.8376	-0.1003	-0.1335	0.14305	0.01994	0.00000	0.07386	0.02170	0.0000000	0.00196
case_2024050213	val	74.7	802	0.5867	0.9626	1.6414	1.5452	+0.6788	+0.5826	0.11689	0.00385	0.00069	0.04433	0.01426	0.0000000	0.00063
case_2024050319	val	358.2	1259	1.6726	0.9762	1.5074	1.4309	+0.5312	+0.4547	0.13361	0.00004	0.00041	0.06428	0.02262	0.0000000	0.43643
case_2024050421	val	208.7	937	0.9324	0.9680	1.0078	0.8964	+0.0398	-0.0716	0.12894	0.01878	0.00000	0.01802	0.00780	0.0000000	0.00509
case_2024050517	val	0.3	1144	1.6853	0.9738	1.0955	1.0402	+0.1217	+0.0664	0.09418	0.00000	0.00006	0.03561	0.01322	0.0000000	0.21668
case_2024050619	val	123.9	1144	1.4718	0.9738	0.7450	0.7057	-0.2288	-0.2681	0.10323	0.01740	0.00000	0.04322	0.01751	0.0000000	0.00091
case_2024050722	val	227.6	823	0.8097	0.9636	1.5837	1.4866	+0.6202	+0.5230	0.08446	0.02500	0.00000	0.05305	0.04177	0.0000000	0.02181
case_2024051000	val	29.2	719	0.6246	0.9583	0.8083	0.7609	-0.1500	-0.1974	0.15808	0.05427	0.00000	0.08321	0.03399	0.0000000	0.01218
case_2024051319	val	223.0	1011	0.9523	0.9703	1.1169	1.0718	+0.1465	+0.1014	0.09622	0.03038	0.00000	0.06583	0.03902	0.0000000	0.01140
case_2024051412	val	27.2	681	0.5089	0.9559	0.9194	0.9401	-0.0365	-0.0158	0.12171	0.03397	0.00000	0.08368	0.01531	0.0000000	0.04340
case_2024051922	val	259.8	1037	0.9257	0.9711	0.9693	0.9044	-0.0017	-0.0667	0.12766	0.00281	0.00026	0.03911	0.00708	0.0000000	0.00108
case_2024052016	val	175.8	719	1.1692	0.9583	0.7575	0.7485	-0.2008	-0.2098	0.09791	0.00036	0.00119	0.06160	0.01979	0.0000000	0.03837
case_2024052114	val	156.2	643	0.6848	0.9534	0.8211	0.7258	-0.1323	-0.2276	0.20392	0.03134	0.00000	0.06062	0.01213	0.0000000	0.00900
case_2024052213	val	220.3	643	0.6326	0.9534	1.4567	1.3711	+0.5034	+0.4177	0.06792	0.00845	0.00000	0.00674	0.00190	0.0000000	0.00071
case_2024052416	val	125.7	1515	0.9368	0.9802	0.8570	0.8701	-0.1232	-0.1101	0.06002	0.01059	0.00002	0.04729	0.01107	0.0000000	0.00998
case_2024052516	val	298.9	1089	0.8427	0.9725	1.0055	0.9577	+0.0330	-0.0148	0.11394	0.01843	0.00000	0.05303	0.01955	0.0000000	0.03941
case_2024052712	val	284.6	891	0.6252	0.9663	0.8899	0.7760	-0.0765	-0.1903	0.17629	0.00915	0.00000	0.02970	0.00211	0.0000000	0.00000
case_2024052822	val	304.0	760	0.7132	0.9605	0.9784	0.8966	+0.0179	-0.0639	0.11880	0.01488	0.00000	0.03059	0.01184	0.0000000	0.00606
case_2024060117	val	109.0	700	0.8596	0.9571	0.6372	0.6412	-0.3199	-0.3160	0.09479	0.00522	0.00000	0.13715	0.09668	0.0000000	0.00290
case_2024060213	val	353.3	760	0.5456	0.9605	1.1043	1.0266	+0.1438	+0.0661	0.12887	0.00088	0.00191	0.03661	0.00547	0.0000000	0.33401
case_2024060319	val	163.1	700	0.9007	0.9571	1.2429	1.1510	+0.2858	+0.1938	0.13393	0.01095	0.00000	0.04934	0.01815	0.0000000	0.03026
case_2024060417	val	172.5	1320	0.9642	0.9773	1.2928	1.2839	+0.3155	+0.3066	0.08757	0.00070	0.00060	0.05118	0.01151	0.0000000	0.08211
case_2024060513	val	231.9	643	0.6127	0.9534	1.7621	1.6983	+0.8087	+0.7449	0.06441	0.00853	0.00000	0.01830	0.00378	0.0000000	0.00264
case_2024060819	val	359.7	681	0.5952	0.9559	1.1185	1.0322	+0.1626	+0.0763	0.13465	0.00010	0.00230	0.04249	0.01209	0.0000000	0.35830
case_2024061016	val	333.5	1116	1.3832	0.9731	1.3920	1.2921	+0.4189	+0.3190	0.12717	0.01507	0.00000	0.04929	0.02069	0.0000000	0.23052
case_2024061123	val	205.0	868	0.8133	0.9654	0.9934	0.9089	+0.0280	-0.0565	0.13652	0.02083	0.00000	0.03788	0.01034	0.0000000	0.00526
case_2024061311	val	324.1	662	0.4764	0.9547	1.1477	1.1468	+0.1931	+0.1921	0.05843	0.00669	0.00000	0.03583	0.00743	0.0000000	0.07112
case_2024061518	val	170.5	1089	1.5299	0.9725	0.9450	0.8615	-0.0274	-0.1110	0.17917	0.00307	0.00020	0.07903	0.03249	0.0000000	0.00935
case_2024061616	val	186.0	643	0.9169	0.9534	0.6236	0.5688	-0.3297	-0.3845	0.17310	0.00067	0.00465	0.07099	0.02676	0.0000000	0.00793
case_2024061815	val	178.7	590	0.8305	0.9492	1.0075	0.9223	+0.0583	-0.0269	0.15519	0.00009	0.00217	0.05616	0.01905	0.0000000	0.00582
case_2024061912	val	193.2	719	0.6641	0.9583	1.0238	0.9051	+0.0655	-0.0532	0.19996	0.00513	0.00000	0.06057	0.01441	0.0000000	0.00556
case_2024062023	val	210.7	700	0.6655	0.9571	0.9171	0.8700	-0.0400	-0.0871	0.11254	0.01333	0.00000	0.05432	0.02359	0.0000000	0.00673
case_2024062116	val	209.6	700	0.8848	0.9571	1.7147	1.6239	+0.7576	+0.6668	0.08210	0.01360	0.00000	0.02466	0.00957	0.0000000	0.06022
case_2024062214	val	199.8	643	0.8460	0.9534	0.8447	0.7451	-0.1086	-0.2083	0.16625	0.01356	0.00000	0.03609	0.00922	0.0000000	0.00633
case_2024062317	val	299.1	845	1.0343	0.9645	1.1011	1.0553	+0.1366	+0.0908	0.10071	0.01768	0.00000	0.04379	0.01380	0.0000000	0.00889
case_2024062421	val	227.5	1063	1.0211	0.9718	1.1894	1.1515	+0.2176	+0.1797	0.07995	0.02186	0.00000	0.04780	0.02416	0.0000000	0.00503
case_2024062517	val	271.0	937	1.1174	0.9680	0.8378	0.7696	-0.1302	-0.1984	0.12230	0.00017	0.00142	0.02893	0.00698	0.0000000	0.00238
case_2024062722	val	247.0	1063	1.0640	0.9718	0.8771	0.8173	-0.0947	-0.1545	0.15445	0.02866	0.00000	0.06182	0.01714	0.0000000	0.00162
case_2024062820	val	172.7	823	1.1596	0.9636	0.7498	0.6793	-0.2138	-0.2843	0.19093	0.00324	0.00071	0.06980	0.01828	0.0000000	0.00090
case_2024062906	val	185.9	556	0.5046	0.9461	0.7693	0.7115	-0.1768	-0.2345	0.16800	0.00069	0.00217	0.05804	0.00866	0.0000000	0.00047
case_2024063015	val	316.2	1144	1.3268	0.9738	1.1931	1.1473	+0.2193	+0.1735	0.10639	0.03872	0.00000	0.07844	0.04636	0.0000000	0.14720
case_2024070117	val	140.9	1116	1.2761	0.9731	1.4771	1.3087	+0.5040	+0.3355	0.15656	0.05516	0.00000	0.03230	0.00872	0.0000000	0.01529
case_2024070215	val	144.1	781	0.6431	0.9616	0.8548	0.7460	-0.1068	-0.2156	0.23718	0.07765	0.00000	0.08084	0.02044	0.0000000	0.00114
case_2024070309	val	255.7	719	0.5660	0.9583	0.7866	0.7484	-0.1717	-0.2099	0.15968	0.00899	0.00000	0.07829	0.02250	0.0000000	0.00013
case_2024070418	val	237.2	1289	0.7960	0.9767	1.1104	1.0471	+0.1337	+0.0703	0.12660	0.02595	0.00000	0.04915	0.01325	0.0000000	0.00167
case_2024070516	val	249.2	986	0.9820	0.9696	0.9656	0.9095	-0.0040	-0.0601	0.12494	0.01873	0.00000	0.05535	0.02143	0.0000000	0.00246
case_2024070617	val	345.5	1063	1.1518	0.9718	1.1081	1.0409	+0.1363	+0.0691	0.12825	0.00598	0.00151	0.05075	0.01589	0.0000000	0.35463
case_2024070818	val	227.0	1089	1.2511	0.9725	1.2667	1.2111	+0.2942	+0.2387	0.07578	0.02522	0.00000	0.03052	0.01430	0.0000000	0.00476
case_2024071322	val	194.6	1063	1.2212	0.9718	0.7456	0.6671	-0.2262	-0.3047	0.17780	0.00853	0.00001	0.05582	0.01666	0.0000000	0.00590
case_2024071422	val	225.6	1037	1.0276	0.9711	1.3069	1.2681	+0.3358	+0.2971	0.04384	0.00870	0.00000	0.01072	0.00347	0.0000000	0.00283
case_2024071521	val	223.0	1063	0.9785	0.9718	1.2032	1.1861	+0.2314	+0.2144	0.06003	0.01614	0.00000	0.03656	0.01396	0.0000000	0.00594
case_2024072318	val	252.1	1037	1.2051	0.9711	1.0871	0.9760	+0.1161	+0.0049	0.14605	0.01340	0.00000	0.02930	0.00516	0.0000000	0.00276
case_2024072408	val	17.5	1383	0.4263	0.9783	0.8242	0.7555	-0.1541	-0.2228	0.13541	0.00532	0.00000	0.03250	0.00433	0.0000000	0.10469
case_2024072622	val	161.8	1063	0.9960	0.9718	0.7643	0.6779	-0.2075	-0.2939	0.24331	0.02123	0.00000	0.10769	0.04016	0.0000000	0.00178
case_2024072719	val	171.6	986	1.1942	0.9696	0.8796	0.8026	-0.0900	-0.1670	0.14029	0.00122	0.00046	0.04496	0.01702	0.0000000	0.01321
case_2024072820	val	201.6	937	0.8753	0.9680	1.3835	1.2658	+0.4155	+0.2978	0.12808	0.01181	0.00000	0.03412	0.01113	0.0000000	0.01354
case_2024072923	val	305.4	1116	0.8746	0.9731	0.9722	0.9151	-0.0009	-0.0581	0.11901	0.02432	0.00000	0.05726	0.02698	0.0000000	0.00928
case_2024073021	val	216.2	1089	1.2532	0.9725	0.8064	0.7910	-0.1660	-0.1815	0.13489	0.03532	0.00000	0.10194	0.04867	0.0000000	0.00468
case_2024080119	val	228.5	823	0.7727	0.9636	1.2063	1.1614	+0.2427	+0.1979	0.06713	0.00863	0.00000	0.02513	0.00988	0.0000000	0.00431
case_2024080217	val	346.5	1172	1.3299	0.9744	1.2585	1.1511	+0.2841	+0.1767	0.11460	0.00443	0.00075	0.02014	0.00426	0.0000000	0.31197
case_2024080419	val	240.0	1116	1.3832	0.9731	1.0357	0.9197	+0.0626	-0.0535	0.14792	0.03180	0.00000	0.03765	0.01819	0.0000000	0.01397
case_2024080521	val	133.3	891	1.0932	0.9663	1.3011	1.1353	+0.3347	+0.1690	0.14999	0.06385	0.00000	0.04070	0.02850	0.0000000	0.02860
case_2024080606	val	68.6	719	0.6948	0.9583	1.2441	1.1892	+0.2858	+0.2309	0.11021	0.01322	0.00000	0.06626	0.03405	0.0000000	0.00004
case_2024080716	val	77.1	1089	1.3108	0.9725	1.0449	0.9940	+0.0724	+0.0215	0.11323	0.00259	0.00105	0.06566	0.03407	0.0000000	0.00052
case_2024080818	val	248.5	986	0.7359	0.9696	0.9020	0.8240	-0.0675	-0.1456	0.17472	0.02310	0.00000	0.06880	0.02272	0.0000000	0.00072
case_2024080920	val	275.4	1037	1.1366	0.9711	0.7559	0.6981	-0.2152	-0.2730	0.15255	0.00107	0.00295	0.05251	0.01236	0.0000000	0.00121
case_2024081519	val	181.4	681	0.6971	0.9559	0.6659	0.6044	-0.2900	-0.3515	0.19074	0.00041	0.01007	0.06802	0.01551	0.0000000	0.00210
case_2024081623	val	224.1	681	0.8957	0.9559	1.6070	1.5558	+0.6511	+0.5999	0.07319	0.02341	0.00000	0.04619	0.02595	0.0000000	0.04989
case_2024081716	val	318.2	823	0.9736	0.9636	1.1847	1.1313	+0.2211	+0.1677	0.08044	0.02100	0.00000	0.04985	0.03254	0.0000000	0.04672
case_2024081821	val	321.4	1089	1.1557	0.9725	1.0734	1.0083	+0.1009	+0.0358	0.10166	0.01403	0.00000	0.03708	0.01594	0.0000000	0.07338
case_2024082017	val	5.6	937	1.2619	0.9680	1.2360	1.1562	+0.2680	+0.1882	0.09114	0.00029	0.00180	0.01632	0.00215	0.0000000	0.38017
case_2024082217	val	176.2	1089	1.3591	0.9725	0.9738	0.9083	+0.0013	-0.0642	0.12850	0.00005	0.00133	0.04842	0.01670	0.0000000	0.01473
case_2024082318	val	212.1	1116	1.4402	0.9731	1.0295	0.9996	+0.0563	+0.0265	0.10340	0.01864	0.00000	0.06272	0.02645	0.0000000	0.00943
case_2024082518	val	197.4	914	1.2481	0.9672	1.0386	0.9941	+0.0715	+0.0270	0.09645	0.00472	0.00018	0.04548	0.01853	0.0000000	0.08732
case_2024082621	val	256.9	1063	1.2948	0.9718	0.8973	0.8194	-0.0745	-0.1524	0.15039	0.00571	0.00327	0.04826	0.01448	0.0000000	0.00315
case_2024082722	val	250.2	625	0.8566	0.9520	0.8466	0.8077	-0.1054	-0.1443	0.11998	0.01507	0.00000	0.05189	0.01417	0.0000000	0.00426
case_2024082816	val	271.1	1037	1.1172	0.9711	0.8177	0.7396	-0.1533	-0.2315	0.15261	0.00015	0.00239	0.04041	0.00945	0.0000000	0.00222
case_2024082901	val	48.8	781	0.6327	0.9616	0.8578	0.8497	-0.1037	-0.1119	0.04403	0.00557	0.00000	0.05703	0.04105	0.0000000	0.00241
case_2024083021	val	266.0	1037	1.1975	0.9711	0.8632	0.8219	-0.1079	-0.1491	0.13489	0.00024	0.00268	0.06498	0.02119	0.0000000	0.00238
case_2024090117	val	333.5	1116	1.3446	0.9731	1.0276	0.9617	+0.0545	-0.0114	0.13177	0.01788	0.00000	0.07964	0.04689	0.0000000	0.23219
case_2024090319	val	192.8	1116	1.2932	0.9731	1.0612	1.0280	+0.0881	+0.0548	0.12788	0.00296	0.00002	0.07272	0.02544	0.0000000	0.03418
case_2024090420	val	182.1	1089	1.2785	0.9725	0.8714	0.8228	-0.1011	-0.1496	0.15918	0.00010	0.00410	0.07702	0.02498	0.0000000	0.00958
case_2024090518	val	268.9	962	1.1722	0.9688	0.8137	0.7641	-0.1551	-0.2047	0.10446	0.00000	0.00263	0.03867	0.01624	0.0000000	0.00298
case_2024090613	val	338.0	914	0.6320	0.9672	1.0933	0.9922	+0.1261	+0.0251	0.14226	0.01227	0.00000	0.03798	0.01115	0.0000000	0.14847
case_2024090716	val	333.1	1172	1.4201	0.9744	1.9566	1.7765	+0.9822	+0.8021	0.12596	0.01350	0.00000	0.02928	0.01102	0.0000000	0.24419
case_2024090919	val	281.0	1089	1.4212	0.9725	1.2061	1.1099	+0.2337	+0.1375	0.14484	0.00237	0.00105	0.05768	0.02402	0.0000000	0.00659
case_2024091021	val	214.6	823	0.9294	0.9636	1.4852	1.4151	+0.5216	+0.4515	0.07856	0.01706	0.00000	0.02790	0.01183	0.0000000	0.01149
case_2024091122	val	198.2	1037	0.8323	0.9711	1.1048	0.9913	+0.1338	+0.0202	0.15870	0.01306	0.00000	0.03919	0.00855	0.0000000	0.00555
case_2024092006	val	165.1	937	0.5507	0.9680	0.7348	0.6748	-0.2332	-0.2932	0.16344	0.00856	0.00000	0.04978	0.00581	0.0000000	0.00036
case_2024092122	val	137.8	1011	0.6212	0.9703	0.8213	0.7829	-0.1490	-0.1875	0.14919	0.06188	0.00000	0.08232	0.03207	0.0000000	0.00329
case_2024092218	val	327.9	643	0.5814	0.9534	1.0816	1.0718	+0.1282	+0.1185	0.09874	0.01784	0.00000	0.05479	0.01046	0.0000000	0.14100
case_2024092320	val	98.8	1063	1.0481	0.9718	1.2940	1.1424	+0.3222	+0.1706	0.14658	0.00124	0.00141	0.05645	0.04116	0.0000000	0.00029
case_2024092419	val	7.6	1229	0.9467	0.9756	1.2691	1.1946	+0.2935	+0.2190	0.10305	0.00110	0.00158	0.02973	0.00648	0.0000000	0.36121
case_2024092720	val	1.5	1063	1.1378	0.9718	0.8769	0.7884	-0.0948	-0.1834	0.14081	0.00014	0.00537	0.03191	0.01024	0.0000000	0.30288
case_2024092818	val	19.0	891	1.2497	0.9663	1.1607	1.0854	+0.1944	+0.1191	0.09788	0.00945	0.00001	0.02728	0.00998	0.0000000	0.31636
case_2024092916	val	9.0	643	1.0046	0.9534	1.2284	1.1930	+0.2751	+0.2397	0.09085	0.00158	0.00152	0.04513	0.01409	0.0000000	0.41707
case_2024100119	val	304.3	1320	1.3165	0.9773	1.0163	0.9709	+0.0390	-0.0063	0.10869	0.02206	0.00000	0.07259	0.04187	0.0000000	0.01840
case_2024100221	val	219.8	1063	1.0705	0.9718	0.9695	0.9478	-0.0023	-0.0240	0.09372	0.02316	0.00000	0.05867	0.02392	0.0000000	0.00435
case_2024100322	val	36.2	760	0.6505	0.9605	0.8954	0.8322	-0.0652	-0.1283	0.11487	0.02488	0.00000	0.05190	0.02943	0.0000000	0.00250
case_2024100420	val	17.8	1351	1.2607	0.9778	1.1499	1.0334	+0.1722	+0.0556	0.12452	0.01388	0.00000	0.02140	0.00875	0.0000000	0.15962
case_2024100519	val	168.0	1089	1.3643	0.9725	0.7363	0.6564	-0.2362	-0.3160	0.18382	0.00510	0.00144	0.06258	0.02219	0.0000000	0.00250
case_2024100618	val	271.1	1089	1.4890	0.9725	0.8741	0.7942	-0.0983	-0.1783	0.12464	0.00018	0.00651	0.02262	0.00454	0.0000000	0.00418
case_2024100719	val	297.3	1089	1.3737	0.9725	0.9052	0.8577	-0.0673	-0.1148	0.11496	0.01540	0.00000	0.05514	0.02374	0.0000000	0.00697
case_2024100920	val	246.1	1063	1.0337	0.9718	1.0584	0.9546	+0.0866	-0.0172	0.12551	0.01941	0.00000	0.02145	0.00645	0.0000000	0.00273
case_2024101020	val	204.8	962	1.0450	0.9688	1.3062	1.2221	+0.3373	+0.2533	0.10138	0.00980	0.00000	0.03560	0.01645	0.0000000	0.01847
case_2024101119	val	226.8	823	0.9967	0.9636	1.3442	1.2903	+0.3806	+0.3267	0.07177	0.01808	0.00000	0.02843	0.01235	0.0000000	0.01004
case_2024101216	val	84.9	739	0.8920	0.9594	0.8492	0.8600	-0.1102	-0.0994	0.06564	0.00004	0.00041	0.09371	0.05962	0.0000000	0.00582
case_2024101316	val	255.8	986	1.1348	0.9696	0.8700	0.8315	-0.0996	-0.1380	0.12300	0.00847	0.00010	0.05951	0.01993	0.0000000	0.00533
case_2024101417	val	309.9	1289	1.2448	0.9767	1.0365	0.9733	+0.0597	-0.0035	0.10165	0.03004	0.00000	0.04388	0.02322	0.0000000	0.01812
case_2024101522	val	333.6	1320	0.9630	0.9773	1.4036	1.2903	+0.4263	+0.3130	0.14703	0.02404	0.00000	0.04792	0.01277	0.0000000	0.13990
case_2024101622	val	292.8	739	0.7022	0.9594	1.0604	0.9676	+0.1010	+0.0082	0.13326	0.02022	0.00000	0.03391	0.00929	0.0000000	0.00027
case_2024101721	val	175.7	1289	0.9077	0.9767	0.9226	0.8411	-0.0541	-0.1357	0.14881	0.00070	0.00334	0.03719	0.00432	0.0000000	0.00414
case_2024101820	val	189.5	962	1.0722	0.9688	1.0032	0.8991	+0.0344	-0.0697	0.16290	0.00119	0.00232	0.05214	0.02054	0.0000000	0.01425
case_2024101920	val	216.8	868	0.9799	0.9654	1.1905	1.1399	+0.2251	+0.1744	0.09135	0.02079	0.00000	0.04745	0.02315	0.0000000	0.01345
case_2024102015	val	241.0	607	0.7355	0.9506	0.9093	0.8741	-0.0413	-0.0765	0.09461	0.01844	0.00000	0.03913	0.01064	0.0000000	0.00374
case_2024102119	val	214.3	845	1.0908	0.9645	1.0405	0.9430	+0.0760	-0.0215	0.12680	0.01993	0.00000	0.05617	0.03935	0.0000000	0.01044
case_2024102222	val	175.8	891	0.7402	0.9663	0.8917	0.7852	-0.0746	-0.1811	0.17680	0.00103	0.00140	0.03944	0.00736	0.0000000	0.00004
case_2024102316	val	287.1	1172	1.3022	0.9744	1.0769	1.0068	+0.1025	+0.0324	0.12130	0.01088	0.00000	0.03948	0.01004	0.0000000	0.00270
case_2024102421	val	173.5	1037	0.9814	0.9711	1.0656	0.9632	+0.0945	-0.0078	0.17613	0.00082	0.00178	0.05054	0.00686	0.0000000	0.00228
case_2024102521	val	290.0	1063	1.0145	0.9718	0.9657	0.8918	-0.0061	-0.0800	0.15129	0.02001	0.00000	0.05827	0.01937	0.0000000	0.00164
case_2024102720	val	213.9	1116	1.1507	0.9731	1.2093	1.1630	+0.2361	+0.1899	0.09631	0.01845	0.00000	0.04709	0.01798	0.0000000	0.00566
case_2024102816	val	160.5	662	0.9041	0.9547	0.8427	0.7361	-0.1120	-0.2186	0.17284	0.01245	0.00000	0.03546	0.00944	0.0000000	0.00645
case_2024102919	val	182.3	1089	1.3552	0.9725	0.9906	0.8947	+0.0182	-0.0778	0.16825	0.00011	0.00338	0.06785	0.03076	0.0000000	0.00826
case_2024103018	val	200.8	1089	1.4034	0.9725	0.9831	0.8833	+0.0107	-0.0892	0.17985	0.01539	0.00000	0.06398	0.02234	0.0000000	0.00978
case_2024103117	val	179.7	1144	1.2233	0.9738	0.7073	0.6352	-0.2665	-0.3385	0.20065	0.00028	0.00837	0.07333	0.02063	0.0000000	0.00307
case_2024110120	val	260.7	1144	1.1456	0.9738	0.9347	0.8356	-0.0391	-0.1382	0.15573	0.00308	0.00140	0.03741	0.01020	0.0000000	0.00105
case_2024110219	val	199.4	1063	0.8618	0.9718	0.7403	0.7075	-0.2315	-0.2643	0.12598	0.00992	0.00000	0.07415	0.03434	0.0000000	0.00687
case_2024110320	val	107.4	868	0.6693	0.9654	0.7238	0.6425	-0.2416	-0.3229	0.17215	0.01051	0.00000	0.06691	0.03559	0.0000000	0.00000
case_2024110419	val	192.9	681	0.7528	0.9559	0.9270	0.8096	-0.0289	-0.1464	0.17512	0.00515	0.00000	0.03219	0.00473	0.0000000	0.00123
case_2024110517	val	147.9	662	0.7459	0.9547	1.1282	0.8472	+0.1735	-0.1074	0.29398	0.08231	0.00000	0.03751	0.00806	0.0000000	0.00010
case_2024110617	val	334.9	1089	0.7624	0.9725	1.0067	0.9215	+0.0343	-0.0509	0.11941	0.02626	0.00000	0.02891	0.01031	0.0000000	0.16918
case_2024110702	val	332.0	845	0.6459	0.9645	0.9492	0.8887	-0.0153	-0.0758	0.13015	0.03010	0.00000	0.04105	0.00600	0.0000000	0.12260
case_2024110820	val	332.1	986	0.7109	0.9696	0.9838	0.9038	+0.0142	-0.0658	0.14436	0.02626	0.00000	0.05305	0.02012	0.0000000	0.10129
case_2024110920	val	117.3	1144	0.5676	0.9738	0.7398	0.7008	-0.2339	-0.2729	0.13045	0.02049	0.00000	0.05506	0.01528	0.0000000	0.00000
case_2024111016	val	180.2	823	0.7371	0.9636	0.9138	0.8486	-0.0498	-0.1149	0.15601	0.00023	0.00811	0.05023	0.00509	0.0000000	0.00065
case_2024111117	val	277.5	1011	0.9080	0.9703	0.7902	0.7409	-0.1801	-0.2294	0.16207	0.00220	0.00195	0.06208	0.00998	0.0000000	0.00269
case_2024111219	val	113.9	1037	0.8834	0.9711	0.8972	0.7918	-0.0739	-0.1793	0.15599	0.02025	0.00000	0.05975	0.03966	0.0000000	0.00000
case_2024111315	val	120.1	962	0.6452	0.9688	0.9071	0.8646	-0.0617	-0.1042	0.12347	0.01824	0.00000	0.07366	0.03640	0.0000000	0.00015
case_2024111416	val	334.8	845	0.5852	0.9645	1.3972	1.3094	+0.4327	+0.3449	0.09849	0.01508	0.00000	0.04661	0.02869	0.0000000	0.24722
case_2024111520	val	306.2	1063	0.7611	0.9718	1.0601	0.9863	+0.0883	+0.0145	0.12038	0.02069	0.00000	0.04464	0.01839	0.0000000	0.00856
case_2024111620	val	146.5	662	0.6057	0.9547	0.8279	0.8414	-0.1268	-0.1133	0.22015	0.06149	0.00000	0.14408	0.03616	0.0000000	0.00206
case_2024111719	val	209.2	781	0.6077	0.9616	1.1615	1.0766	+0.2000	+0.1150	0.12504	0.02222	0.00000	0.03424	0.00663	0.0000000	0.00377
case_2024112109	val	294.5	573	0.7681	0.9476	1.0362	1.0416	+0.0886	+0.0939	0.11757	0.02430	0.00000	0.06448	0.00391	0.0000000	0.00100
case_2024112219	val	300.1	1037	0.7275	0.9711	1.0410	0.9481	+0.0699	-0.0229	0.12177	0.02392	0.00000	0.02250	0.00480	0.0000000	0.00126
case_2024112306	val	312.8	823	0.6981	0.9636	1.1557	1.1141	+0.1922	+0.1506	0.09421	0.02314	0.00000	0.04817	0.01913	0.0000000	0.02564
case_2024112416	val	120.5	986	0.4629	0.9696	0.5925	0.6078	-0.3771	-0.3618	0.09072	0.00953	0.00000	0.07643	0.02220	0.0000000	0.00000
case_2024112515	val	291.1	845	0.5754	0.9645	1.0553	1.0123	+0.0907	+0.0477	0.10538	0.01225	0.00000	0.03892	0.00561	0.0000000	0.00094
case_2024112607	val	260.1	719	0.7622	0.9583	0.9232	0.8395	-0.0351	-0.1188	0.16371	0.00455	0.00240	0.05568	0.01690	0.0000000	-0.00005
case_2024112716	val	132.2	760	0.7235	0.9605	0.9326	0.9196	-0.0280	-0.0409	0.05661	0.02024	0.00000	0.03598	0.01497	0.0000000	0.01402
case_2024112810	val	321.4	719	0.7339	0.9583	1.0982	1.0634	+0.1399	+0.1050	0.10172	0.02439	0.00000	0.07429	0.04112	0.0000000	0.06237
case_2024112915	val	284.8	590	0.9162	0.9492	0.8390	0.7353	-0.1102	-0.2138	0.17288	0.00862	0.00007	0.03235	0.00446	0.0000000	0.00031
case_2024113020	val	265.2	914	0.9540	0.9672	0.9549	0.8608	-0.0123	-0.1064	0.14480	0.00032	0.00408	0.03679	0.01171	0.0000000	0.00205
case_2024120120	val	293.2	760	0.8317	0.9605	1.2143	1.1508	+0.2538	+0.1903	0.09904	0.01220	0.00000	0.04554	0.02198	0.0000000	0.02865
case_2024120218	val	331.1	760	0.8135	0.9605	1.4271	1.3722	+0.4666	+0.4117	0.08229	0.01484	0.00000	0.04417	0.02239	0.0000000	0.23621
case_2024120320	val	222.0	868	0.9202	0.9654	0.9867	0.9232	+0.0212	-0.0423	0.08430	0.02142	0.00000	0.02110	0.01067	0.0000000	0.00226
case_2024120405	val	193.9	236	0.6480	0.8731	0.8662	0.7677	-0.0069	-0.1053	0.21126	0.00901	0.00005	0.06534	0.01154	0.0000000	0.00062
case_2024120507	val	295.3	392	0.7561	0.9234	0.8903	0.8331	-0.0331	-0.0903	0.17450	0.04868	0.00000	0.06905	0.01149	0.0000000	0.00022
case_2024120620	val	232.3	681	0.7363	0.9559	1.6512	1.5675	+0.6953	+0.6116	0.07122	0.01181	0.00000	0.01541	0.00470	0.0000000	0.00437
case_2024120719	val	207.3	739	0.8316	0.9594	1.2110	1.0769	+0.2516	+0.1174	0.14844	0.02190	0.00000	0.02600	0.00504	0.0000000	0.00202
case_2024120820	val	173.2	914	0.6505	0.9672	1.0725	0.9865	+0.1053	+0.0193	0.13034	0.00132	0.00143	0.03266	0.00569	0.0000000	0.01240
case_2024120920	val	221.7	462	0.9347	0.9351	1.3775	1.3303	+0.4424	+0.3952	0.06707	0.01206	0.00000	0.02456	0.00786	0.0000000	0.00120
case_2024121014	val	311.5	1011	0.6746	0.9703	1.2162	1.1383	+0.2459	+0.1679	0.08833	0.02488	0.00000	0.01943	0.00664	0.0000000	0.01123
case_2024121106	val	270.4	433	0.7170	0.9308	1.0070	0.9090	+0.0762	-0.0217	0.14968	0.00047	0.00742	0.03318	0.00440	0.0000000	0.00166
case_2024121216	val	272.6	739	0.9049	0.9594	0.9403	0.8884	-0.0192	-0.0710	0.12338	0.00009	0.00514	0.04479	0.00935	0.0000000	0.00499
case_2024121320	val	136.2	781	0.7130	0.9616	1.0859	1.0992	+0.1243	+0.1376	0.13578	0.07275	0.00000	0.09482	0.02540	0.0000000	0.02781
case_2024121419	val	94.4	719	0.7455	0.9583	1.1834	1.1261	+0.2250	+0.1678	0.11734	0.00018	0.00248	0.07087	0.03733	0.0000000	0.00042
case_2024121518	val	195.2	823	0.5884	0.9636	0.6529	0.6254	-0.3106	-0.3381	0.14985	0.00475	0.00000	0.08389	0.03113	0.0000000	0.00540
case_2024121605	val	164.8	681	0.5647	0.9559	0.9754	0.9178	+0.0194	-0.0381	0.18189	0.00915	0.00000	0.06963	0.00501	0.0000000	0.00506
case_2024121718	val	260.8	760	0.8496	0.9605	0.8896	0.8183	-0.0709	-0.1422	0.15647	0.00122	0.00349	0.06963	0.03070	0.0000000	0.00323
case_2024121811	val	285.5	607	0.5759	0.9506	0.8032	0.7162	-0.1474	-0.2344	0.17568	0.01194	0.00000	0.05498	0.01861	0.0000000	0.00005
case_2024121914	val	138.3	662	0.4851	0.9547	0.7358	0.7619	-0.2188	-0.1927	0.10515	0.04192	0.00000	0.12136	0.06187	0.0000000	0.00648
case_2024122016	val	316.2	781	0.6762	0.9616	1.3066	1.1713	+0.3450	+0.2098	0.13440	0.06417	0.00000	0.03843	0.02197	0.0000000	0.01627
case_2024122121	val	333.5	802	0.5430	0.9626	1.3596	1.3406	+0.3970	+0.3780	0.07948	0.00948	0.00000	0.03778	0.00488	0.0000000	0.15640
case_2024122218	val	160.4	781	0.6552	0.9616	1.1880	1.0188	+0.2264	+0.0572	0.19545	0.01836	0.00000	0.04317	0.01308	0.0000000	0.00440
case_2024122316	val	230.5	662	0.4978	0.9547	1.7528	1.7048	+0.7981	+0.7501	0.05432	0.00630	0.00000	0.02064	0.00698	0.0000000	0.00265
case_2024122419	val	67.5	681	0.4439	0.9559	0.9005	0.8855	-0.0555	-0.0705	0.06620	0.00206	0.00000	0.09595	0.07451	0.0000000	0.00000
case_2024122819	val	223.5	760	0.7150	0.9605	1.1728	1.1242	+0.2122	+0.1637	0.06820	0.01596	0.00000	0.02038	0.00657	0.0000000	0.00234
case_2024122919	val	310.1	802	0.6770	0.9626	1.3145	1.2749	+0.3519	+0.3123	0.11028	0.03507	0.00000	0.05728	0.01739	0.0000000	0.01555
case_2024123020	val	210.0	781	0.6765	0.9616	0.8533	0.8194	-0.1083	-0.1422	0.10645	0.01683	0.00000	0.04766	0.01389	0.0000000	0.00629
case_2024123121	val	322.7	448	0.6985	0.9330	1.1347	1.0692	+0.2018	+0.1362	0.09974	0.01087	0.00000	0.03080	0.00891	0.0000000	0.03744
case_2025010116	test	272.6	477	0.8479	0.9371	0.8391	0.7758	-0.0981	-0.1613	0.16739	0.00062	0.00590	0.06079	0.01226	0.0000000	0.00205
case_2025010220	test	260.8	1063	0.9267	0.9718	0.9199	0.8752	-0.0519	-0.0965	0.12069	0.00275	0.00007	0.05292	0.01622	0.0000000	0.00205
case_2025010317	test	282.6	986	1.1208	0.9696	0.9817	0.9101	+0.0121	-0.0595	0.13726	0.00451	0.00014	0.04722	0.01346	0.0000000	0.00171
case_2025010420	test	290.3	739	0.8626	0.9594	1.1158	1.0474	+0.1564	+0.0879	0.12369	0.01186	0.00000	0.05186	0.02000	0.0000000	0.00729
case_2025010515	test	335.8	760	0.7138	0.9605	1.0881	1.0073	+0.1276	+0.0468	0.12230	0.02226	0.00000	0.05154	0.02699	0.0000000	0.25575
case_2025010619	test	335.2	781	0.8691	0.9616	0.9293	0.9046	-0.0323	-0.0569	0.09830	0.01072	0.00000	0.06090	0.02595	0.0000000	0.19705
case_2025010718	test	329.6	802	0.7672	0.9626	1.2059	1.1610	+0.2433	+0.1985	0.07579	0.01319	0.00000	0.03388	0.01440	0.0000000	0.27665
case_2025010819	test	280.0	1200	1.0448	0.9750	0.9738	0.8986	-0.0012	-0.0764	0.13764	0.00297	0.00013	0.03918	0.00689	0.0000000	0.00068
case_2025010917	test	185.3	760	0.8217	0.9605	0.9562	0.9058	-0.0043	-0.0547	0.15409	0.00040	0.00098	0.08761	0.03816	0.0000000	0.01465
case_2025011015	test	320.8	681	0.5321	0.9559	1.0542	0.9942	+0.0983	+0.0383	0.09386	0.01533	0.00000	0.03469	0.01572	0.0000000	0.07312
case_2025011115	test	45.5	781	0.5666	0.9616	1.1580	1.1645	+0.1964	+0.2029	0.03066	0.00520	0.00000	0.06686	0.05065	0.0000000	0.00205
case_2025011217	test	214.7	492	0.7042	0.9391	1.1274	1.0635	+0.1884	+0.1245	0.11528	0.02474	0.00000	0.04210	0.01177	0.0000000	0.00182
case_2025011314	test	258.3	236	0.6940	0.8731	1.3864	1.2486	+0.5133	+0.3755	0.17498	0.00553	0.00113	0.04789	0.00647	0.0000000	0.00002
case_2025011422	test	311.2	802	0.5973	0.9626	1.1836	1.1189	+0.2210	+0.1564	0.10892	0.03996	0.00000	0.04196	0.01404	0.0000000	0.01079
case_2025011519	test	207.4	781	0.9234	0.9616	1.2275	1.1617	+0.2659	+0.2001	0.10073	0.01473	0.00000	0.03629	0.01199	0.0000000	0.03332
case_2025011606	test	228.0	205	0.6842	0.8537	1.1724	1.1278	+0.3187	+0.2741	0.08950	0.01791	0.00000	0.03822	0.01210	0.0000000	0.00045
case_2025011718	test	174.8	739	0.8072	0.9594	0.7639	0.6466	-0.1956	-0.3128	0.23810	0.00152	0.00302	0.07031	0.02262	0.0000000	0.00081
case_2025011821	test	297.1	937	1.0110	0.9680	0.9111	0.8716	-0.0569	-0.0964	0.10976	0.02284	0.00000	0.04797	0.01430	0.0000000	0.00668
case_2025011922	test	279.0	1259	1.0080	0.9762	0.7334	0.6862	-0.2428	-0.2900	0.15219	0.00331	0.00048	0.06101	0.01553	0.0000000	0.00004
case_2025012016	test	254.6	1037	1.1119	0.9711	0.9957	0.9036	+0.0247	-0.0675	0.13883	0.00961	0.00001	0.03158	0.00640	0.0000000	0.00196
case_2025012118	test	260.8	1063	1.2243	0.9718	1.0588	1.0045	+0.0870	+0.0328	0.12282	0.00170	0.00108	0.06919	0.03404	0.0000000	0.00921
case_2025012219	test	210.4	739	0.7164	0.9594	1.0116	0.9877	+0.0521	+0.0283	0.12032	0.02335	0.00000	0.06267	0.01459	0.0000000	0.00529
case_2025012322	test	267.3	681	0.7414	0.9559	0.8944	0.8309	-0.0615	-0.1250	0.12829	0.00025	0.00500	0.03553	0.00499	0.0000000	0.00169
case_2025012419	test	222.8	739	0.9359	0.9594	1.0966	1.0635	+0.1372	+0.1040	0.07888	0.01916	0.00000	0.04710	0.02318	0.0000000	0.02022
case_2025012621	test	258.0	868	0.9382	0.9654	1.0603	0.9866	+0.0949	+0.0212	0.14994	0.00548	0.00016	0.06129	0.01979	0.0000000	0.00079
case_2025012718	test	218.1	540	0.9730	0.9444	1.3894	1.3372	+0.4450	+0.3928	0.09512	0.02359	0.00000	0.04490	0.01595	0.0000000	0.00600
case_2025012819	test	202.5	681	1.0738	0.9559	0.9573	0.8429	+0.0013	-0.1130	0.16720	0.01816	0.00000	0.03763	0.01112	0.0000000	0.00436
case_2025012919	test	268.3	1200	1.2321	0.9750	1.0365	0.9974	+0.0615	+0.0224	0.13197	0.00019	0.00188	0.06245	0.01496	0.0000000	0.00239
case_2025013021	test	224.8	802	0.7245	0.9626	1.1337	1.0920	+0.1711	+0.1294	0.09011	0.02956	0.00000	0.05445	0.02836	0.0000000	0.00771
case_2025013118	test	11.9	823	1.0288	0.9636	1.5417	1.4709	+0.5781	+0.5074	0.09381	0.00333	0.00037	0.03053	0.00570	0.0000000	0.38050
case_2025020121	test	131.1	868	1.0076	0.9654	0.8974	0.8744	-0.0680	-0.0911	0.08098	0.01569	0.00000	0.07823	0.05286	0.0000000	0.00108
case_2025020220	test	258.8	662	0.7152	0.9547	0.9906	0.9332	+0.0359	-0.0214	0.13031	0.00460	0.00001	0.05117	0.01380	0.0000000	0.00045
case_2025020316	test	91.9	914	0.5483	0.9672	0.6447	0.6307	-0.3225	-0.3364	0.06943	0.00000	0.00009	0.12995	0.11096	0.0000000	0.00006
case_2025020412	test	288.9	823	0.6161	0.9636	0.9613	0.8425	-0.0022	-0.1211	0.17042	0.01797	0.00000	0.03454	0.00828	0.0000000	0.00011
case_2025020522	test	110.9	891	0.6800	0.9663	1.1756	1.0380	+0.2093	+0.0717	0.13917	0.01035	0.00000	0.01791	0.00552	0.0000000	0.00000
case_2025020616	test	233.4	448	0.8859	0.9330	1.3634	1.2813	+0.4304	+0.3483	0.08329	0.01374	0.00000	0.01780	0.00566	0.0000000	0.00163
case_2025020821	test	341.9	662	0.7288	0.9547	1.0219	0.9441	+0.0673	-0.0106	0.15726	0.01641	0.00000	0.06439	0.02247	0.0000000	0.32982
case_2025020906	test	297.5	392	0.7555	0.9234	1.0173	0.9639	+0.0938	+0.0405	0.11019	0.02809	0.00000	0.03492	0.00475	0.0000000	0.00042
case_2025021022	test	254.9	1289	1.0345	0.9767	0.6453	0.5979	-0.3314	-0.3789	0.16331	0.01289	0.00026	0.05970	0.01245	0.0000000	0.00005
case_2025021115	test	339.3	781	0.7788	0.9616	1.3690	1.3083	+0.4074	+0.3468	0.07019	0.00575	0.00000	0.01969	0.00633	0.0000000	0.30790
case_2025021216	test	59.9	781	0.6749	0.9616	1.3620	1.3555	+0.4004	+0.3940	0.04604	0.00534	0.00000	0.10428	0.08715	0.0000000	0.01736
case_2025021321	test	270.1	986	0.9301	0.9696	1.0004	0.9239	+0.0308	-0.0456	0.13977	0.00017	0.00432	0.03998	0.00611	0.0000000	0.00128
case_2025021420	test	151.7	760	0.7261	0.9605	0.6688	0.6428	-0.2917	-0.3177	0.18829	0.05957	0.00000	0.08988	0.01439	0.0000000	0.00379
case_2025021522	test	356.1	891	0.6580	0.9663	0.8419	0.7629	-0.1244	-0.2034	0.16638	0.00059	0.00443	0.04445	0.00481	0.0000000	0.28243
case_2025021623	test	273.8	719	0.8592	0.9583	0.7503	0.6629	-0.2080	-0.2954	0.19259	0.00111	0.00828	0.06234	0.02109	0.0000000	0.00369
case_2025021720	test	264.3	986	1.1917	0.9696	0.9095	0.8681	-0.0601	-0.1015	0.12051	0.00026	0.00259	0.06063	0.02315	0.0000000	0.01141
case_2025021820	test	333.3	1063	1.0344	0.9718	1.5544	1.4526	+0.5826	+0.4808	0.10636	0.02094	0.00000	0.04563	0.02486	0.0000000	0.30979
case_2025021922	test	293.4	405	0.8990	0.9260	1.1405	1.0240	+0.2145	+0.0980	0.12781	0.01939	0.00000	0.03332	0.01958	0.0000000	0.00190
case_2025022022	test	332.3	462	0.6772	0.9351	1.3811	1.2762	+0.4460	+0.3411	0.11429	0.01748	0.00000	0.02626	0.00576	0.0000000	0.07833
case_2025022120	test	204.0	739	0.7384	0.9594	1.0304	0.9417	+0.0710	-0.0178	0.13337	0.02109	0.00000	0.03864	0.01350	0.0000000	0.01116
case_2025022217	test	207.7	700	0.8333	0.9571	0.8714	0.8072	-0.0858	-0.1499	0.13345	0.02718	0.00000	0.07909	0.05002	0.0000000	0.00853
case_2025022318	test	222.0	625	0.5770	0.9520	1.7365	1.7300	+0.7845	+0.7780	0.04399	0.00666	0.00000	0.02791	0.00801	0.0000000	0.00136
case_2025022419	test	235.9	700	0.7610	0.9571	1.0887	1.0338	+0.1315	+0.0766	0.09946	0.01664	0.00000	0.03385	0.00846	0.0000000	0.00131
case_2025022521	test	264.9	1116	0.9889	0.9731	1.0654	0.9770	+0.0922	+0.0039	0.14773	0.00079	0.00198	0.04284	0.00808	0.0000000	0.00155
case_2025022620	test	163.7	986	0.8797	0.9696	0.8685	0.7662	-0.1010	-0.2034	0.15731	0.01098	0.00000	0.04002	0.01848	0.0000000	0.00742
case_2025022707	test	266.9	643	0.5612	0.9534	0.8639	0.7970	-0.0895	-0.1564	0.15275	0.00016	0.00369	0.04608	0.00574	0.0000000	0.00008
case_2025022822	test	235.5	508	0.8508	0.9409	1.4347	1.3697	+0.4938	+0.4287	0.09061	0.01538	0.00000	0.03642	0.01333	0.0000000	0.00180
case_2025030114	test	311.2	914	0.9877	0.9672	1.1722	1.1004	+0.2051	+0.1332	0.11028	0.02485	0.00000	0.04020	0.01489	0.0000000	0.02812
case_2025030200	test	294.0	802	0.9515	0.9626	0.9069	0.8219	-0.0557	-0.1407	0.14549	0.02529	0.00000	0.04975	0.02248	0.0000000	0.00181
case_2025030319	test	206.6	823	0.9549	0.9636	1.0851	1.0677	+0.1215	+0.1041	0.09223	0.01398	0.00000	0.06400	0.02739	0.0000000	0.04404
case_2025030418	test	170.2	1037	0.5726	0.9711	0.8545	0.7799	-0.1166	-0.1911	0.13360	0.00279	0.00014	0.02599	0.00063	0.0000000	0.00141
case_2025030519	test	293.6	625	0.8498	0.9520	0.9551	0.8819	+0.0031	-0.0701	0.12373	0.02353	0.00000	0.03033	0.00509	0.0000000	0.00033
case_2025030616	test	285.8	781	0.9706	0.9616	0.7712	0.7320	-0.1904	-0.2295	0.12906	0.00769	0.00003	0.07086	0.03228	0.0000000	0.00307
case_2025030719	test	309.9	781	0.6765	0.9616	1.5308	1.4677	+0.5692	+0.5062	0.07444	0.01995	0.00000	0.02394	0.00683	0.0000000	0.04529
case_2025031021	test	213.6	1289	1.0148	0.9767	0.7866	0.7449	-0.1901	-0.2318	0.12659	0.02672	0.00000	0.05036	0.01250	0.0000000	0.00145
case_2025031122	test	49.4	914	0.8886	0.9672	1.2509	1.1953	+0.2837	+0.2282	0.09300	0.01946	0.00000	0.06476	0.04143	0.0000000	0.00015
case_2025031221	test	250.9	1037	1.0070	0.9711	1.1017	1.0109	+0.1306	+0.0399	0.12531	0.01360	0.00000	0.03277	0.00982	0.0000000	0.00334
case_2025031321	test	172.9	1116	1.2356	0.9731	0.7928	0.6992	-0.1804	-0.2740	0.19268	0.00149	0.00217	0.07165	0.03207	0.0000000	0.00295
case_2025031521	test	210.4	1011	0.7758	0.9703	1.1459	1.0508	+0.1756	+0.0804	0.12310	0.02265	0.00000	0.02766	0.00607	0.0000000	0.00066
case_2025031622	test	315.3	1144	1.0971	0.9738	1.0872	1.0838	+0.1135	+0.1101	0.12880	0.05116	0.00000	0.10224	0.04486	0.0000000	0.02631
case_2025031718	test	145.6	845	1.2286	0.9645	1.0951	1.0162	+0.1306	+0.0517	0.17262	0.05420	0.00000	0.09361	0.04421	0.0000000	0.03251
case_2025031819	test	116.0	845	1.0622	0.9645	0.7460	0.6682	-0.2186	-0.2963	0.15803	0.01904	0.00000	0.06153	0.03353	0.0000000	0.00046
case_2025031921	test	11.2	781	0.6465	0.9616	1.1116	1.0103	+0.1501	+0.0488	0.15127	0.00371	0.00098	0.03779	0.00503	0.0000000	0.24303
case_2025032006	test	302.6	215	0.7278	0.8607	0.9791	0.9076	+0.1184	+0.0470	0.17706	0.03679	0.00000	0.09947	0.04880	0.0000000	0.00066
case_2025032216	test	299.8	845	1.1443	0.9645	0.9788	0.9414	+0.0143	-0.0231	0.09788	0.01724	0.00000	0.06833	0.03979	0.0000000	0.02125
case_2025032319	test	165.7	1144	0.9347	0.9738	0.8748	0.8015	-0.0990	-0.1722	0.17053	0.01005	0.00002	0.05880	0.01266	0.0000000	0.00148
case_2025032416	test	268.8	1200	1.2061	0.9750	1.1462	1.0525	+0.1712	+0.0775	0.14499	0.00041	0.00259	0.04315	0.00936	0.0000000	0.00120
case_2025032514	test	293.7	802	0.6931	0.9626	1.0000	0.9284	+0.0374	-0.0342	0.13576	0.02295	0.00000	0.05254	0.01933	0.0000000	0.00356
case_2025032722	test	185.0	1116	1.0728	0.9731	0.7691	0.7649	-0.2040	-0.2083	0.12923	0.00011	0.00249	0.12353	0.07003	0.0000000	0.02022
case_2025032814	test	187.0	845	0.7653	0.9645	0.7993	0.7410	-0.1652	-0.2235	0.18486	0.00054	0.00436	0.08453	0.02744	0.0000000	0.00319
case_2025032920	test	184.7	625	0.8502	0.9520	1.0518	0.9654	+0.0997	+0.0134	0.14130	0.00016	0.00093	0.05133	0.02040	0.0000000	0.04043
case_2025033019	test	167.3	719	0.4637	0.9583	0.9028	0.9105	-0.0555	-0.0478	0.14021	0.00382	0.00000	0.08899	0.01789	0.0000000	0.00011
case_2025033113	test	304.7	802	0.6351	0.9626	1.0900	0.9626	+0.1274	+0.0001	0.15825	0.02341	0.00000	0.03439	0.01147	0.0000000	0.00111
case_2025040120	test	117.9	1172	1.4530	0.9744	0.7543	0.7150	-0.2201	-0.2594	0.09652	0.01132	0.00000	0.05533	0.03350	0.0000000	0.00058
case_2025040220	test	141.5	802	0.9021	0.9626	0.7200	0.6578	-0.2426	-0.3048	0.19106	0.05189	0.00000	0.10249	0.05107	0.0000000	0.00016
case_2025040313	test	235.5	845	0.7350	0.9645	1.2097	1.1045	+0.2452	+0.1400	0.13875	0.01937	0.00000	0.04024	0.01257	0.0000000	0.00037
case_2025040418	test	120.3	1063	1.1093	0.9718	0.6850	0.6531	-0.2867	-0.3187	0.08408	0.01310	0.00000	0.04539	0.02681	0.0000000	0.00491
case_2025040518	test	295.0	1144	1.3534	0.9738	1.1398	1.0913	+0.1660	+0.1175	0.10362	0.01853	0.00000	0.04269	0.01152	0.0000000	0.01211
case_2025040817	test	310.9	1172	1.3572	0.9744	1.1784	1.1663	+0.2040	+0.1919	0.06511	0.01900	0.00000	0.04503	0.01835	0.0000000	0.09261
case_2025040919	test	176.5	1383	1.5340	0.9783	1.2979	1.2046	+0.3196	+0.2263	0.10625	0.00005	0.00093	0.03436	0.01647	0.0000000	0.03631
case_2025041023	test	2.8	760	0.5480	0.9605	1.1806	1.0910	+0.2200	+0.1305	0.11408	0.00044	0.00125	0.02626	0.00582	0.0000000	0.29500
case_2025041116	test	343.9	1259	1.3369	0.9762	1.1266	1.0115	+0.1504	+0.0353	0.15607	0.01072	0.00040	0.04220	0.01296	0.0000000	0.27322
case_2025041217	test	229.5	1259	1.3695	0.9762	1.0765	0.9818	+0.1003	+0.0056	0.11727	0.03704	0.00000	0.02872	0.01307	0.0000000	0.00463
case_2025041318	test	142.9	681	1.0526	0.9559	1.0975	1.0275	+0.1416	+0.0715	0.14370	0.03642	0.00000	0.05912	0.01800	0.0000000	0.03020
case_2025041416	test	252.3	1172	1.5080	0.9744	1.1244	1.0168	+0.1500	+0.0424	0.16427	0.01236	0.00001	0.05767	0.02139	0.0000000	0.00436
case_2025041513	test	277.3	419	0.9885	0.9284	0.9545	0.8490	+0.0261	-0.0794	0.15316	0.00199	0.00165	0.02869	0.00496	0.0000000	0.00129
case_2025041620	test	284.4	1063	1.2652	0.9718	1.0641	1.0057	+0.0924	+0.0339	0.12073	0.00426	0.00009	0.05721	0.02408	0.0000000	0.01523
case_2025041716	test	150.9	739	1.0764	0.9594	0.7263	0.6558	-0.2331	-0.3037	0.22038	0.04563	0.00000	0.13370	0.07578	0.0000000	0.00896
case_2025041815	test	116.4	760	0.5970	0.9605	0.8384	0.8267	-0.1221	-0.1338	0.07958	0.00862	0.00000	0.06828	0.03750	0.0000000	0.00005
case_2025041904	test	275.1	868	0.5429	0.9654	0.8173	0.7459	-0.1481	-0.2196	0.15532	0.00087	0.00258	0.04205	0.00525	0.0000000	-0.00023
case_2025042016	test	84.8	802	0.9408	0.9626	0.9772	0.9304	+0.0146	-0.0322	0.10264	0.00028	0.00172	0.07236	0.04629	0.0000000	0.00083
case_2025042119	test	257.1	1116	1.3079	0.9731	0.9486	0.8550	-0.0246	-0.1182	0.16180	0.00622	0.00143	0.04986	0.01597	0.0000000	0.00161
case_2025042216	test	177.3	643	1.1710	0.9534	1.3170	1.1791	+0.3637	+0.2257	0.15548	0.00013	0.00213	0.05027	0.02325	0.0000000	0.04417
case_2025042322	test	208.5	1116	0.8982	0.9731	0.9173	0.8425	-0.0558	-0.1306	0.13551	0.02502	0.00000	0.04038	0.01169	0.0000000	0.00284
case_2025042522	test	335.1	823	0.7374	0.9636	1.4539	1.3551	+0.4904	+0.3915	0.11574	0.01731	0.00000	0.03978	0.01493	0.0000000	0.26826
case_2025042622	test	30.5	1144	1.1886	0.9738	1.1475	1.0801	+0.1737	+0.1063	0.12075	0.02985	0.00000	0.06078	0.02983	0.0000000	0.03841
case_2025042719	test	167.9	1116	1.5847	0.9731	0.8572	0.7532	-0.1159	-0.2199	0.17930	0.00287	0.00101	0.06232	0.03140	0.0000000	0.00996
case_2025042816	test	173.5	891	1.5046	0.9663	1.1222	0.9960	+0.1559	+0.0297	0.17277	0.00056	0.00048	0.04847	0.01559	0.0000000	0.00871
case_2025042917	test	270.2	1089	1.3919	0.9725	1.0335	0.9589	+0.0610	-0.0135	0.13713	0.00020	0.00331	0.05675	0.02337	0.0000000	0.00431
case_2025043018	test	181.9	1116	1.4540	0.9731	0.9705	0.8861	-0.0026	-0.0870	0.17377	0.00006	0.00212	0.06586	0.02025	0.0000000	0.01225
case_2025050118	test	290.2	962	0.6605	0.9688	1.0852	1.0221	+0.1164	+0.0533	0.11957	0.01112	0.00000	0.04685	0.01525	0.0000000	0.00880
case_2025050220	test	227.6	1011	0.9921	0.9703	0.8816	0.8469	-0.0888	-0.1234	0.08916	0.02342	0.00000	0.06461	0.04078	0.0000000	0.00491
case_2025050303	test	5.3	802	0.5319	0.9626	0.8008	0.7782	-0.1618	-0.1844	0.09427	0.00037	0.00031	0.05866	0.02645	0.0000000	0.34835
case_2025050418	test	17.9	1144	1.2359	0.9738	1.0806	1.0177	+0.1068	+0.0439	0.12295	0.00942	0.00006	0.04867	0.01534	0.0000000	0.24116
case_2025050517	test	53.7	1229	1.3384	0.9756	1.4141	1.3462	+0.4385	+0.3706	0.09165	0.02174	0.00000	0.08002	0.05987	0.0000000	0.00698
case_2025050723	test	41.0	1037	0.8761	0.9711	0.8612	0.8426	-0.1098	-0.1285	0.10815	0.02833	0.00000	0.10660	0.06845	0.0000000	0.01574
case_2025050818	test	41.6	1229	1.5196	0.9756	1.0533	1.0097	+0.0777	+0.0341	0.07377	0.01927	0.00000	0.08229	0.06766	0.0000000	0.06188
case_2025050919	test	346.0	1144	1.3825	0.9738	1.2275	1.1366	+0.2537	+0.1628	0.11169	0.00470	0.00069	0.02497	0.00483	0.0000000	0.36725
case_2025051016	test	329.0	1144	1.2051	0.9738	1.4073	1.3643	+0.4335	+0.3906	0.08879	0.01294	0.00000	0.04627	0.01726	0.0000000	0.21503
case_2025051122	test	135.9	891	1.0556	0.9663	1.1031	1.0204	+0.1368	+0.0541	0.14464	0.07514	0.00000	0.06067	0.02490	0.0000000	0.01414
case_2025051519	test	159.4	1089	1.4082	0.9725	0.9376	0.8979	-0.0349	-0.0745	0.16890	0.01490	0.00000	0.10516	0.04503	0.0000000	0.01809
case_2025051719	test	274.0	1259	1.5598	0.9762	1.3209	1.2388	+0.3448	+0.2627	0.12135	0.00039	0.00282	0.04536	0.01473	0.0000000	0.00954
case_2025051819	test	266.6	962	1.1652	0.9688	0.8768	0.8276	-0.0920	-0.1412	0.11740	0.00014	0.00118	0.04658	0.01510	0.0000000	0.00315
case_2025051915	test	48.4	681	0.9140	0.9559	0.9704	0.9703	+0.0145	+0.0144	0.04141	0.00693	0.00000	0.08286	0.06489	0.0000000	0.04740
case_2025052014	test	65.6	681	0.6470	0.9559	1.0203	0.9390	+0.0644	-0.0170	0.14331	0.02102	0.00000	0.09045	0.06006	0.0000000	0.00000
case_2025052106	test	61.4	962	0.4540	0.9688	1.2913	1.2656	+0.3225	+0.2968	0.06864	0.00929	0.00000	0.05291	0.02952	0.0000000	0.00000
case_2025052316	test	304.1	1144	1.2080	0.9738	1.1334	1.0657	+0.1596	+0.0919	0.11864	0.02066	0.00000	0.04848	0.01831	0.0000000	0.01626
case_2025052816	test	45.0	739	0.5930	0.9594	1.4875	1.4710	+0.5281	+0.5116	0.03694	0.00716	0.00000	0.03103	0.01845	0.0000000	0.00731
case_2025052900	test	28.0	823	0.6110	0.9636	1.2020	1.1139	+0.2385	+0.1504	0.10525	0.02167	0.00000	0.02266	0.00562	0.0000000	0.01243
case_2025053115	test	341.4	1011	0.9479	0.9703	1.3085	1.2708	+0.3382	+0.3005	0.06233	0.00499	0.00001	0.02450	0.00750	0.0000000	0.45659
case_2025060118	test	326.2	1144	1.4642	0.9738	1.2211	1.1247	+0.2474	+0.1509	0.10122	0.01884	0.00000	0.02314	0.01134	0.0000000	0.13398
case_2025060220	test	222.7	1089	1.2588	0.9725	1.6307	1.5587	+0.6583	+0.5863	0.07072	0.02083	0.00000	0.02241	0.00875	0.0000000	0.01484
case_2025060406	test	304.7	1481	0.5528	0.9797	1.1093	1.0600	+0.1296	+0.0803	0.09329	0.01185	0.00000	0.04222	0.01758	0.0000000	0.01011
case_2025060821	test	251.3	1037	1.1062	0.9711	0.8544	0.7956	-0.1166	-0.1755	0.15885	0.02038	0.00000	0.06291	0.01615	0.0000000	0.00106
case_2025060917	test	261.4	1144	1.4464	0.9738	1.1315	1.0441	+0.1577	+0.0703	0.15735	0.00210	0.00177	0.07719	0.03698	0.0000000	0.00405
case_2025061019	test	261.6	1089	1.2923	0.9725	1.0060	0.9255	+0.0335	-0.0470	0.14096	0.00113	0.00336	0.04454	0.01223	0.0000000	0.00258
case_2025061117	test	240.5	607	0.9612	0.9506	1.2089	1.1470	+0.2583	+0.1964	0.09513	0.01328	0.00000	0.04035	0.01805	0.0000000	0.01672
case_2025061219	test	123.7	1116	1.4577	0.9731	0.8438	0.7689	-0.1293	-0.2042	0.11369	0.02313	0.00000	0.03626	0.02322	0.0000000	0.00275
case_2025061314	test	126.9	823	0.7012	0.9636	1.1580	1.1464	+0.1944	+0.1828	0.04268	0.00660	0.00000	0.08685	0.07276	0.0000000	0.02904
case_2025061422	test	68.0	1089	1.1866	0.9725	0.9705	0.9046	-0.0020	-0.0679	0.12377	0.01206	0.00000	0.08845	0.06223	0.0000000	0.00004
case_2025061520	test	157.3	1116	1.2808	0.9731	0.7323	0.7031	-0.2408	-0.2700	0.19881	0.02195	0.00000	0.17204	0.10699	0.0000000	0.01115
case_2025061700	test	187.5	700	0.7065	0.9571	0.6455	0.6068	-0.3116	-0.3503	0.16703	0.00202	0.00064	0.06447	0.00848	0.0000000	0.00123
case_2025061820	test	39.5	937	0.5583	0.9680	0.8602	0.8624	-0.1078	-0.1056	0.04854	0.01050	0.00000	0.15669	0.13825	0.0000000	0.00069
case_2025062021	test	211.7	1063	1.1330	0.9718	0.7899	0.7390	-0.1819	-0.2328	0.14483	0.02690	0.00000	0.05811	0.01653	0.0000000	0.00340
case_2025062119	test	198.7	1089	1.4970	0.9725	0.9962	0.9049	+0.0237	-0.0676	0.17832	0.01325	0.00002	0.07359	0.02861	0.0000000	0.01751
case_2025062216	test	199.2	868	1.2432	0.9654	0.7656	0.7182	-0.1998	-0.2472	0.13638	0.00967	0.00000	0.07652	0.04001	0.0000000	0.02775
case_2025062317	test	220.9	1116	1.2978	0.9731	1.2991	1.2160	+0.3260	+0.2428	0.10291	0.03326	0.00000	0.04059	0.02068	0.0000000	0.01334
case_2025062416	test	222.5	700	0.6099	0.9571	0.9794	0.9450	+0.0222	-0.0121	0.06338	0.00871	0.00000	0.02518	0.01083	0.0000000	0.00222
case_2025062516	test	162.7	681	0.8070	0.9559	1.0083	1.0445	+0.0524	+0.0885	0.10453	0.00240	0.00000	0.12804	0.06971	0.0000000	0.08678
case_2025062714	test	204.3	643	0.8158	0.9534	0.6558	0.6052	-0.2975	-0.3482	0.14233	0.01596	0.00000	0.04880	0.01453	0.0000000	0.00703
case_2025062819	test	244.4	1116	1.4532	0.9731	0.9652	0.8808	-0.0079	-0.0923	0.13565	0.02071	0.00000	0.04856	0.02340	0.0000000	0.01156
case_2025062922	test	194.9	962	0.8018	0.9688	0.5923	0.5509	-0.3766	-0.4179	0.17184	0.00911	0.00000	0.07489	0.02255	0.0000000	0.00475
case_2025063001	test	316.9	781	0.6972	0.9616	1.5491	1.5001	+0.5876	+0.5385	0.07158	0.01365	0.00000	0.03126	0.01110	0.0000000	0.12029
case_2025070620	test	357.9	962	1.2236	0.9688	1.3153	1.2884	+0.3465	+0.3196	0.10211	0.00008	0.00118	0.06665	0.02722	0.0000000	0.49621
case_2025070822	test	270.9	1037	1.0077	0.9711	0.6790	0.6117	-0.2921	-0.3594	0.16084	0.00058	0.00566	0.05099	0.01799	0.0000000	0.00120
case_2025070917	test	306.4	1144	1.3980	0.9738	0.9854	0.9364	+0.0117	-0.0374	0.10603	0.02679	0.00000	0.06973	0.04264	0.0000000	0.02897
case_2025071020	test	200.4	1089	1.2986	0.9725	0.8739	0.7909	-0.0985	-0.1815	0.16045	0.01404	0.00000	0.05002	0.01493	0.0000000	0.01001
case_2025071118	test	206.5	700	0.8445	0.9571	1.3351	1.2408	+0.3780	+0.2837	0.10263	0.01076	0.00000	0.03074	0.01400	0.0000000	0.04047
case_2025071204	test	192.5	524	0.4559	0.9427	0.7407	0.6620	-0.2020	-0.2807	0.18141	0.00333	0.00000	0.05392	0.01299	0.0000000	0.00045
case_2025071316	test	284.7	1089	1.3049	0.9725	0.9555	0.8925	-0.0170	-0.0800	0.13594	0.00631	0.00008	0.06292	0.02751	0.0000000	0.00881
case_2025071418	test	244.3	1089	1.3523	0.9725	1.1949	1.1499	+0.2224	+0.1774	0.11061	0.01877	0.00000	0.06564	0.03002	0.0000000	0.01192
case_2025071620	test	159.6	700	1.2700	0.9571	1.3837	1.3143	+0.4266	+0.3572	0.13248	0.01433	0.00008	0.07763	0.03753	0.0000000	0.12008
case_2025071703	test	303.2	781	0.5653	0.9616	0.9539	0.8445	-0.0076	-0.1171	0.15682	0.02621	0.00000	0.02627	0.00261	0.0000000	0.00046
case_2025071822	test	214.8	1089	1.1729	0.9725	1.2301	1.1833	+0.2577	+0.2108	0.09719	0.01882	0.00000	0.05667	0.02764	0.0000000	0.00770
case_2025071920	test	238.4	1063	1.1802	0.9718	1.3204	1.2465	+0.3486	+0.2747	0.11303	0.02365	0.00000	0.05713	0.02863	0.0000000	0.00986
case_2025072019	test	58.2	1116	1.3557	0.9731	1.3085	1.2437	+0.3354	+0.2706	0.08297	0.00947	0.00000	0.06462	0.04874	0.0000000	0.00295
case_2025072122	test	249.1	1063	1.0677	0.9718	0.7660	0.6975	-0.2058	-0.2742	0.15322	0.02529	0.00000	0.04521	0.01090	0.0000000	0.00135
case_2025072219	test	187.0	1116	1.2442	0.9731	0.7699	0.7293	-0.2033	-0.2438	0.14180	0.00084	0.00167	0.06573	0.02060	0.0000000	0.01026
case_2025072313	test	221.0	590	0.5422	0.9492	0.9194	0.8786	-0.0297	-0.0705	0.06141	0.00554	0.00000	0.01282	0.00400	0.0000000	0.00035
case_2025072417	test	243.7	607	0.6876	0.9506	1.1751	1.0768	+0.2245	+0.1262	0.13682	0.02215	0.00000	0.04031	0.01203	0.0000000	0.00449
case_2025072519	test	63.6	1116	1.3563	0.9731	1.3607	1.3058	+0.3876	+0.3327	0.08643	0.01022	0.00000	0.06957	0.04787	0.0000000	0.00206
case_2025072621	test	242.2	1063	1.1666	0.9718	0.9841	0.9288	+0.0123	-0.0430	0.12249	0.02141	0.00000	0.06535	0.03253	0.0000000	0.00696
case_2025072717	test	130.3	1089	1.2817	0.9725	0.9890	0.9082	+0.0166	-0.0643	0.11480	0.04046	0.00000	0.05502	0.03840	0.0000000	0.00408
case_2025072919	test	281.0	1116	1.4152	0.9731	0.8427	0.7711	-0.1304	-0.2021	0.14607	0.00235	0.00121	0.04856	0.01631	0.0000000	0.00341
case_2025073022	test	2.9	739	0.6338	0.9594	1.1591	1.0672	+0.1997	+0.1078	0.13374	0.00067	0.00344	0.03780	0.00875	0.0000000	0.36395
case_2025080317	test	125.4	1116	1.2725	0.9731	1.0198	0.9179	+0.0467	-0.0552	0.12115	0.02802	0.00000	0.03242	0.02112	0.0000000	0.00138
case_2025080718	test	212.2	1116	1.2674	0.9731	1.1617	1.0925	+0.1885	+0.1193	0.10003	0.01766	0.00000	0.02771	0.00648	0.0000000	0.01461
case_2025080820	test	181.5	962	1.1861	0.9688	1.2652	1.1906	+0.2964	+0.2218	0.12570	0.00005	0.00101	0.06004	0.02645	0.0000000	0.05784
case_2025080923	test	179.5	986	0.6121	0.9696	0.7781	0.7256	-0.1915	-0.2440	0.14925	0.00022	0.00318	0.09122	0.05195	0.0000000	0.00533
case_2025081013	test	191.4	700	0.6099	0.9571	0.9071	0.8160	-0.0500	-0.1411	0.15031	0.00217	0.00000	0.03034	0.00279	0.0000000	0.00309
case_2025081105	test	204.3	1549	0.4601	0.9806	0.8683	0.9028	-0.1124	-0.0778	0.09862	0.01249	0.00000	0.07715	0.01221	0.0000000	0.00519
case_2025081223	test	275.6	1063	0.7173	0.9718	1.0642	0.9530	+0.0925	-0.0187	0.15246	0.00115	0.00435	0.02920	0.00255	0.0000000	-0.00070
case_2025081520	test	216.4	1089	1.2009	0.9725	1.3840	1.2704	+0.4116	+0.2979	0.13569	0.03394	0.00000	0.06113	0.03393	0.0000000	0.01674
case_2025081623	test	180.4	823	0.7051	0.9636	0.8432	0.7598	-0.1204	-0.2038	0.14172	0.00000	0.00146	0.04266	0.01987	0.0000000	0.00733
case_2025081720	test	44.5	868	1.0075	0.9654	1.6508	1.6276	+0.6854	+0.6622	0.05443	0.01157	0.00000	0.04065	0.02103	0.0000000	0.01326
case_2025081811	test	153.2	625	0.4615	0.9520	0.7524	0.8219	-0.1996	-0.1301	0.15967	0.01849	0.00000	0.15122	0.04659	0.0000000	0.00209
case_2025081921	test	315.1	823	0.8830	0.9636	1.0079	0.9645	+0.0443	+0.0010	0.09491	0.02823	0.00000	0.05613	0.03068	0.0000000	0.01956
case_2025082020	test	337.8	1063	1.2572	0.9718	0.9560	0.8717	-0.0158	-0.1001	0.14356	0.02213	0.00000	0.04055	0.01084	0.0000000	0.22596
case_2025082218	test	246.7	1063	1.1852	0.9718	0.8410	0.7504	-0.1308	-0.2214	0.16497	0.02760	0.00000	0.04266	0.01133	0.0000000	0.00148
case_2025082818	test	350.9	1116	1.2973	0.9731	0.9342	0.8882	-0.0390	-0.0849	0.10992	0.00148	0.00074	0.04003	0.00865	0.0000000	0.32650
case_2025082922	test	193.2	823	0.7269	0.9636	0.7723	0.7365	-0.1912	-0.2271	0.13196	0.00348	0.00002	0.08498	0.04407	0.0000000	0.01374
case_2025083018	test	286.8	1116	1.2604	0.9731	1.0340	0.9457	+0.0608	-0.0274	0.13776	0.00969	0.00009	0.04098	0.01308	0.0000000	0.00661
case_2025083121	test	81.5	1063	1.1806	0.9718	1.2592	1.1529	+0.2874	+0.1811	0.12723	0.00134	0.00110	0.05759	0.03589	0.0000000	0.00035
case_2025090316	test	257.5	1089	1.0174	0.9725	1.1438	1.0310	+0.1714	+0.0585	0.15240	0.00649	0.00089	0.04392	0.01500	0.0000000	0.00242
case_2025090514	test	262.5	1011	0.9903	0.9703	0.9471	0.9037	-0.0233	-0.0667	0.13179	0.00104	0.00194	0.05598	0.01204	0.0000000	0.00132
case_2025090821	test	228.8	1063	1.1828	0.9718	1.3608	1.3060	+0.3890	+0.3342	0.10168	0.03693	0.00000	0.04847	0.01762	0.0000000	0.00709
case_2025090922	test	215.2	1089	0.9110	0.9725	1.2956	1.1937	+0.3231	+0.2212	0.11650	0.02414	0.00000	0.05772	0.03876	0.0000000	0.00412
case_2025091020	test	249.0	1229	1.2247	0.9756	1.1050	0.9927	+0.1294	+0.0171	0.15627	0.01883	0.00000	0.04674	0.01740	0.0000000	0.00325
case_2025091118	test	101.7	1089	1.3044	0.9725	0.6397	0.5912	-0.3328	-0.3812	0.14903	0.00328	0.00185	0.12553	0.09327	0.0000000	0.00012
case_2025091220	test	190.9	1089	1.1275	0.9725	0.6530	0.5921	-0.3195	-0.3803	0.17764	0.00304	0.00057	0.10409	0.06345	0.0000000	0.00365
case_2025091320	test	276.6	962	1.2302	0.9688	1.2845	1.1628	+0.3157	+0.1940	0.12160	0.00045	0.00292	0.01907	0.00436	0.0000000	0.01216
case_2025091422	test	148.0	891	0.7424	0.9663	0.9283	0.9144	-0.0380	-0.0519	0.19104	0.03924	0.00000	0.12555	0.04404	0.0000000	0.00957
case_2025091521	test	344.9	1037	0.8723	0.9711	1.0878	1.0035	+0.1168	+0.0324	0.10733	0.00862	0.00000	0.01975	0.00373	0.0000000	0.34035
case_2025091618	test	32.3	1144	1.3374	0.9738	1.0931	1.0260	+0.1193	+0.0522	0.11180	0.03297	0.00000	0.06016	0.03518	0.0000000	0.04389
case_2025091719	test	113.3	1116	1.2817	0.9731	0.8231	0.7706	-0.1501	-0.2025	0.12332	0.01143	0.00000	0.07133	0.04218	0.0000000	0.00080
case_2025091919	test	170.7	1063	1.3472	0.9718	0.9797	0.9004	+0.0079	-0.0713	0.15778	0.00247	0.00041	0.05663	0.01614	0.0000000	0.00857
case_2025092013	test	178.3	760	0.5614	0.9605	0.9413	1.0139	-0.0192	+0.0534	0.12006	0.00001	0.00112	0.12409	0.03983	0.0000000	0.00295
case_2025092118	test	216.1	1144	1.3275	0.9738	1.1450	1.0580	+0.1712	+0.0843	0.09667	0.02406	0.00000	0.02793	0.01709	0.0000000	0.01400
case_2025092216	test	200.3	643	0.9758	0.9534	1.0339	0.9941	+0.0805	+0.0407	0.09838	0.00878	0.00000	0.04321	0.01287	0.0000000	0.05774
case_2025092318	test	38.3	891	0.9776	0.9663	0.9502	0.8957	-0.0161	-0.0706	0.10187	0.02983	0.00000	0.07488	0.05382	0.0000000	0.05539
case_2025092418	test	356.4	1089	1.3484	0.9725	1.0202	0.9549	+0.0477	-0.0176	0.12813	0.00006	0.00073	0.04342	0.00984	0.0000000	0.34513
case_2025092518	test	324.4	1116	1.3102	0.9731	1.2365	1.1651	+0.2634	+0.1919	0.09808	0.01855	0.00000	0.03275	0.01187	0.0000000	0.11262
case_2025092818	test	221.0	1116	1.2995	0.9731	1.3814	1.3447	+0.4083	+0.3715	0.07827	0.02528	0.00000	0.04158	0.01589	0.0000000	0.01430
case_2025093021	test	47.4	1089	1.0725	0.9725	0.9154	0.8661	-0.0571	-0.1064	0.09128	0.01832	0.00000	0.08110	0.06385	0.0000000	0.00152
case_2025100120	test	135.7	1089	1.1580	0.9725	1.4341	1.2731	+0.4616	+0.3006	0.14693	0.06030	0.00000	0.04726	0.02886	0.0000000	0.00851
case_2025100215	test	202.8	643	0.8813	0.9534	0.7755	0.7495	-0.1779	-0.2038	0.10790	0.00949	0.00000	0.10381	0.07074	0.0000000	0.04567
case_2025100622	test	253.5	700	0.7082	0.9571	1.0007	0.9288	+0.0435	-0.0283	0.13268	0.01092	0.00000	0.04425	0.01228	0.0000000	0.00310
case_2025100702	test	268.8	914	0.5698	0.9672	0.7868	0.7117	-0.1804	-0.2555	0.12670	0.00006	0.00834	0.02099	0.00382	0.0000000	0.00240
case_2025100820	test	11.6	962	1.2026	0.9688	1.3919	1.3187	+0.4231	+0.3499	0.09180	0.00089	0.00064	0.03460	0.01451	0.0000000	0.37622
case_2025100917	test	146.9	1289	1.3069	0.9767	0.9638	0.8507	-0.0129	-0.1260	0.17957	0.03991	0.00000	0.04900	0.01477	0.0000000	0.00733
case_2025101022	test	283.4	681	0.7407	0.9559	0.9259	0.8151	-0.0300	-0.1409	0.15873	0.00810	0.00000	0.02752	0.00560	0.0000000	0.00016
case_2025101121	test	112.7	1089	1.1484	0.9725	1.0734	0.9816	+0.1009	+0.0091	0.13984	0.01190	0.00000	0.05631	0.02828	0.0000000	0.00055
case_2025101222	test	151.7	891	0.6849	0.9663	0.7837	0.6577	-0.1826	-0.3086	0.28902	0.09388	0.00000	0.09539	0.02238	0.0000000	0.00080
case_2025101317	test	217.7	681	0.8982	0.9559	0.9600	0.9129	+0.0040	-0.0430	0.07089	0.01288	0.00000	0.02006	0.00873	0.0000000	0.02473
case_2025101420	test	63.6	914	1.0381	0.9672	1.1025	1.0349	+0.1353	+0.0677	0.08773	0.01176	0.00000	0.03281	0.01927	0.0000000	0.00099
case_2025101516	test	102.4	868	0.5905	0.9654	0.7651	0.7562	-0.2003	-0.2092	0.07929	0.00026	0.00001	0.11399	0.08561	0.0000000	0.00003
case_2025101617	test	175.5	719	0.7109	0.9583	0.9694	0.9210	+0.0111	-0.0373	0.09369	0.00011	0.00099	0.03217	0.00956	0.0000000	0.02795
case_2025101714	test	172.4	739	0.6849	0.9594	0.8180	0.6904	-0.1414	-0.2691	0.21022	0.00351	0.00043	0.04090	0.00941	0.0000000	0.00039
case_2025102020	test	167.4	1063	1.2895	0.9718	0.8752	0.7768	-0.0966	-0.1949	0.20882	0.00816	0.00200	0.08259	0.03168	0.0000000	0.00338
case_2025102119	test	243.3	1259	1.0641	0.9762	1.1965	1.1541	+0.2204	+0.1780	0.12269	0.02233	0.00000	0.05521	0.01097	0.0000000	0.00193
case_2025102214	test	278.7	590	0.7630	0.9492	0.8514	0.7496	-0.0978	-0.1996	0.15930	0.00252	0.00013	0.02430	0.00185	0.0000000	-0.00019
case_2025102322	test	285.4	868	0.7668	0.9654	0.8994	0.8254	-0.0660	-0.1401	0.14241	0.00913	0.00000	0.04771	0.01602	0.0000000	0.00064
case_2025102419	test	297.8	1116	1.2913	0.9731	0.8449	0.8306	-0.1283	-0.1425	0.11708	0.01778	0.00000	0.09225	0.04598	0.0000000	0.01016
case_2025102516	test	96.4	845	0.6536	0.9645	1.0316	1.0149	+0.0671	+0.0504	0.06389	0.00001	0.00001	0.10486	0.08473	0.0000000	0.00079
case_2025102618	test	114.0	1011	1.0609	0.9703	0.9326	0.8696	-0.0377	-0.1008	0.10937	0.01140	0.00000	0.07375	0.05375	0.0000000	0.00414
case_2025102722	test	90.6	700	0.6219	0.9571	1.0917	1.0135	+0.1345	+0.0563	0.12681	0.00014	0.00517	0.05276	0.02450	0.0000000	-0.00009
case_2025102820	test	120.7	1259	1.1562	0.9762	1.0439	0.9444	+0.0678	-0.0318	0.12872	0.02183	0.00000	0.03697	0.01926	0.0000000	0.00009
case_2025102921	test	51.8	1116	1.0350	0.9731	0.9640	0.9485	-0.0091	-0.0247	0.08468	0.01341	0.00000	0.09659	0.06636	0.0000000	0.00083
case_2025103020	test	314.1	1116	1.0362	0.9731	1.1078	1.0534	+0.1347	+0.0802	0.07639	0.02121	0.00000	0.03111	0.01729	0.0000000	0.02724
case_2025103120	test	225.3	1116	0.8706	0.9731	1.2913	1.2459	+0.3182	+0.2727	0.06045	0.01377	0.00000	0.01771	0.00475	0.0000000	0.00144
case_2025110120	test	30.2	914	0.9322	0.9672	0.9083	0.8311	-0.0589	-0.1361	0.13740	0.03871	0.00000	0.05545	0.02846	0.0000000	0.01046
case_2025110221	test	186.3	1116	0.7935	0.9731	0.6790	0.6518	-0.2941	-0.3213	0.16122	0.00070	0.00387	0.07557	0.01427	0.0000000	0.00037
case_2025110421	test	176.4	1320	0.7680	0.9773	0.8649	0.7550	-0.1124	-0.2222	0.17000	0.00084	0.00348	0.02821	0.00379	0.0000000	0.00001
case_2025110517	test	295.4	1172	1.3023	0.9744	0.9371	0.8862	-0.0373	-0.0882	0.10267	0.02160	0.00000	0.03341	0.00830	0.0000000	0.00488
case_2025110620	test	173.6	1259	1.0246	0.9762	0.6941	0.6217	-0.2821	-0.3545	0.15057	0.00147	0.00233	0.03609	0.01081	0.0000000	0.00038
case_2025110821	test	130.5	662	0.6126	0.9547	0.6887	0.6701	-0.2660	-0.2845	0.13569	0.03832	0.00000	0.07620	0.02291	0.0000000	0.00034
case_2025110902	test	27.6	448	0.6792	0.9330	1.0154	0.9636	+0.0824	+0.0306	0.13382	0.04534	0.00000	0.05380	0.01116	0.0000000	0.02040
case_2025111022	test	309.4	448	0.7025	0.9330	1.1201	1.0103	+0.1871	+0.0773	0.13548	0.03485	0.00000	0.03112	0.01080	0.0000000	0.00887
case_2025111119	test	236.7	962	1.2143	0.9688	1.2506	1.1928	+0.2818	+0.2240	0.07391	0.01272	0.00000	0.02994	0.01590	0.0000000	0.00849
case_2025111318	test	268.5	1089	1.1306	0.9725	1.3458	1.2706	+0.3733	+0.2982	0.12005	0.00004	0.00182	0.07417	0.04310	0.0000000	0.00766
case_2025111419	test	206.6	662	0.8982	0.9547	0.8748	0.8326	-0.0798	-0.1221	0.10564	0.01544	0.00000	0.04571	0.01659	0.0000000	0.03200
case_2025111621	test	281.7	868	0.9325	0.9654	0.8932	0.7845	-0.0723	-0.1809	0.16648	0.00711	0.00006	0.03384	0.00876	0.0000000	-0.00001
case_2025111720	test	311.5	1063	1.0425	0.9718	1.2662	1.1926	+0.2945	+0.2208	0.08916	0.02955	0.00000	0.03225	0.01633	0.0000000	0.03331
case_2025111820	test	67.3	781	0.5066	0.9616	1.1267	1.0823	+0.1651	+0.1207	0.08431	0.00589	0.00000	0.03716	0.01444	0.0000000	0.00001
case_2025111920	test	187.5	700	0.6783	0.9571	0.7973	0.7208	-0.1599	-0.2363	0.16568	0.00063	0.00059	0.06722	0.03101	0.0000000	0.01214
case_2025112018	test	217.0	823	0.7114	0.9636	1.4051	1.2994	+0.4415	+0.3358	0.09540	0.01542	0.00000	0.01879	0.00807	0.0000000	0.00127
case_2025112117	test	295.7	868	0.8269	0.9654	0.8369	0.8078	-0.1286	-0.1577	0.11587	0.01960	0.00000	0.06419	0.02421	0.0000000	0.01823
case_2025112221	test	202.1	366	0.6632	0.9179	0.9337	0.8334	+0.0158	-0.0846	0.18415	0.02441	0.00000	0.04927	0.00691	0.0000000	0.00041
case_2025112320	test	278.3	1037	0.8929	0.9711	1.0137	0.8914	+0.0426	-0.0796	0.15701	0.00169	0.00265	0.02739	0.00698	0.0000000	0.00096
case_2025112422	test	215.5	681	0.5568	0.9559	1.3601	1.3630	+0.4042	+0.4070	0.09485	0.01818	0.00000	0.07550	0.03003	0.0000000	0.00505
case_2025112520	test	235.0	781	0.5772	0.9616	1.6338	1.5674	+0.6722	+0.6059	0.06988	0.00747	0.00000	0.01808	0.00291	0.0000000	0.00209
case_2025112621	test	255.0	328	0.9310	0.9085	1.0646	0.9686	+0.1561	+0.0602	0.15644	0.01345	0.00000	0.04015	0.00401	0.0000000	0.00050
case_2025112716	test	287.0	1011	1.0890	0.9703	0.9871	0.9083	+0.0168	-0.0620	0.16520	0.01067	0.00000	0.05508	0.00957	0.0000000	0.00239
case_2025112821	test	283.5	891	0.9075	0.9663	0.8195	0.7547	-0.1468	-0.2116	0.15161	0.00716	0.00000	0.05090	0.01248	0.0000000	0.00038
case_2025112920	test	119.2	760	0.7427	0.9605	0.9003	0.7813	-0.0602	-0.1792	0.17643	0.03510	0.00000	0.03207	0.00691	0.0000000	0.00000
case_2025120119	test	195.3	379	0.5970	0.9208	0.5995	0.5356	-0.3213	-0.3851	0.14577	0.01014	0.00000	0.02576	0.00396	0.0000000	0.00056
case_2025120219	test	201.6	739	0.6185	0.9594	0.6068	0.5860	-0.3526	-0.3734	0.17322	0.01989	0.00000	0.10824	0.04240	0.0000000	0.00230
case_2025120319	test	276.3	643	0.8124	0.9534	1.0390	0.9354	+0.0857	-0.0179	0.16208	0.00117	0.00224	0.04340	0.00940	0.0000000	0.00023
case_2025120419	test	229.4	405	0.6306	0.9260	1.3383	1.3203	+0.4123	+0.3944	0.06417	0.00993	0.00000	0.03868	0.01367	0.0000000	0.00412
case_2025120519	test	205.5	760	0.7003	0.9605	0.8686	0.8194	-0.0919	-0.1411	0.11994	0.01780	0.00000	0.04524	0.01254	0.0000000	0.00780
case_2025120620	test	226.2	802	0.7269	0.9626	1.3158	1.3175	+0.3532	+0.3549	0.07158	0.01924	0.00000	0.08385	0.05120	0.0000000	0.01040
case_2025120719	test	322.2	760	0.7127	0.9605	1.0313	1.0009	+0.0708	+0.0403	0.08010	0.00916	0.00000	0.04688	0.02197	0.0000000	0.05992
case_2025120821	test	165.2	700	0.4609	0.9571	0.7645	0.7557	-0.1927	-0.2014	0.14793	0.00573	0.00000	0.10513	0.04187	0.0000000	0.00118
case_2025120918	test	254.6	681	0.7069	0.9559	1.2294	1.1520	+0.2735	+0.1961	0.17422	0.01283	0.00040	0.07142	0.01365	0.0000000	0.00056
case_2025121019	test	298.1	802	0.9008	0.9626	1.0974	0.9904	+0.1348	+0.0278	0.12848	0.03225	0.00000	0.02075	0.00374	0.0000000	0.00204
case_2025121119	test	297.7	739	0.6592	0.9594	1.1136	1.0375	+0.1542	+0.0781	0.11487	0.02219	0.00000	0.03824	0.01397	0.0000000	0.00500
case_2025121220	test	252.8	392	0.6138	0.9234	0.9070	0.8304	-0.0165	-0.0930	0.15699	0.01421	0.00000	0.07182	0.03493	0.0000000	0.00084
case_2025121320	test	268.8	739	0.9092	0.9594	1.0728	0.9745	+0.1134	+0.0151	0.13515	0.00013	0.00329	0.02931	0.00562	0.0000000	0.00311
case_2025121418	test	311.9	662	0.6981	0.9547	1.3073	1.2552	+0.3526	+0.3006	0.09348	0.03892	0.00000	0.04228	0.01518	0.0000000	0.02785
case_2025121618	test	198.5	719	0.5982	0.9583	0.9068	0.7977	-0.0515	-0.1606	0.18724	0.01471	0.00000	0.04274	0.00511	0.0000000	0.00035
case_2025121819	test	231.0	719	0.6568	0.9583	1.4825	1.4184	+0.5242	+0.4601	0.08214	0.01047	0.00000	0.02732	0.00730	0.0000000	0.00081
case_2025121917	test	297.0	781	0.9671	0.9616	1.2651	1.1814	+0.3035	+0.2198	0.12175	0.01491	0.00000	0.05085	0.02243	0.0000000	0.02190
case_2025122017	test	256.0	508	0.7792	0.9409	0.9043	0.8239	-0.0366	-0.1170	0.14709	0.00858	0.00011	0.03451	0.00277	0.0000000	0.00001
case_2025122119	test	255.5	781	0.8691	0.9616	1.0908	0.9910	+0.1293	+0.0294	0.13211	0.00563	0.00000	0.03217	0.01030	0.0000000	0.00945
case_2025122218	test	196.8	823	0.6354	0.9636	0.8607	0.7712	-0.1029	-0.1924	0.14051	0.00626	0.00000	0.03188	0.01200	0.0000000	0.00385
case_2025122319	test	289.8	914	0.7314	0.9672	0.9313	0.8630	-0.0359	-0.1041	0.15582	0.01981	0.00000	0.06196	0.01915	0.0000000	0.00238
case_2025122419	test	161.8	914	0.6914	0.9672	1.2860	1.1947	+0.3188	+0.2276	0.14817	0.00656	0.00000	0.07111	0.03223	0.0000000	0.02972
case_2025122516	test	53.0	802	0.5772	0.9626	1.1167	1.0950	+0.1541	+0.1325	0.06653	0.00839	0.00000	0.06299	0.04093	0.0000000	0.00034
case_2025122621	test	277.7	802	0.6739	0.9626	0.8237	0.8013	-0.1389	-0.1613	0.17446	0.00240	0.00620	0.08624	0.01245	0.0000000	0.00197
case_2025122707	test	264.3	719	0.5073	0.9583	0.9335	0.9057	-0.0248	-0.0526	0.11898	0.00120	0.00114	0.05164	0.00620	0.0000000	0.00057
case_2025122819	test	195.9	700	0.5213	0.9571	1.3207	1.2366	+0.3636	+0.2794	0.10174	0.00240	0.00000	0.02139	0.00114	0.0000000	0.00717
case_2025122919	test	286.2	492	0.8037	0.9391	0.8941	0.8205	-0.0449	-0.1185	0.14744	0.01315	0.00000	0.04157	0.00654	0.0000000	0.00007
case_2025123018	test	253.3	719	0.7169	0.9583	0.9989	0.8892	+0.0406	-0.0691	0.16832	0.01703	0.00001	0.03787	0.00540	0.0000000	0.00035
case_2025123100	test	248.7	185	0.5942	0.8377	0.9201	0.8686	+0.0824	+0.0309	0.21178	0.02339	0.00000	0.09935	0.02018	0.0000000	0.00004
case_2026020118	train	173.7	719	0.9774	0.9583	0.9250	0.8535	-0.0333	-0.1048	0.14312	0.00099	0.00104	0.04685	0.01201	0.0000000	0.00917
case_2026020221	train	278.8	1116	0.8488	0.9731	0.7724	0.7166	-0.2007	-0.2565	0.13326	0.00274	0.00075	0.03899	0.00652	0.0000000	-0.00009
case_2026020320	train	333.7	802	0.8630	0.9626	1.1456	1.1054	+0.1831	+0.1429	0.06860	0.01119	0.00000	0.04519	0.02882	0.0000000	0.22091
case_2026020421	train	276.0	719	0.6467	0.9583	0.7912	0.7311	-0.1671	-0.2272	0.15087	0.00080	0.00401	0.04773	0.00785	0.0000000	0.00149
case_2026020516	train	206.2	739	0.6627	0.9594	0.8375	0.7326	-0.1219	-0.2269	0.16979	0.02880	0.00000	0.03217	0.00712	0.0000000	0.00058
case_2026020618	train	297.4	1172	1.0960	0.9744	1.0160	0.9724	+0.0416	-0.0020	0.12070	0.02857	0.00000	0.05295	0.01337	0.0000000	0.00142
case_2026020721	train	149.5	781	0.8605	0.9616	1.3115	1.2327	+0.3499	+0.2712	0.11487	0.01811	0.00002	0.03966	0.01115	0.0000000	0.07413
case_2026020817	train	150.5	845	0.8287	0.9645	0.8962	0.8140	-0.0683	-0.1505	0.19977	0.03960	0.00000	0.07360	0.01606	0.0000000	0.00983
case_2026020920	train	237.9	760	0.8959	0.9605	1.4051	1.3599	+0.4446	+0.3994	0.07603	0.01413	0.00000	0.05331	0.03210	0.0000000	0.02746
case_2026021022	train	274.6	492	0.7415	0.9391	0.8250	0.7019	-0.1141	-0.2372	0.19787	0.00185	0.01029	0.03465	0.00643	0.0000000	0.00606
case_2026021121	train	276.6	462	1.0463	0.9351	0.9336	0.8580	-0.0014	-0.0771	0.16744	0.00102	0.00507	0.05845	0.01263	0.0000000	0.00187
case_2026021221	train	236.0	719	0.8599	0.9583	0.9062	0.8907	-0.0521	-0.0676	0.08216	0.01506	0.00000	0.07968	0.04989	0.0000000	0.01409
case_2026021317	train	245.6	823	0.8972	0.9636	1.0102	0.9868	+0.0467	+0.0232	0.09397	0.01310	0.00000	0.06659	0.03274	0.0000000	0.01042
case_2026021419	train	306.0	868	0.8836	0.9654	1.1589	1.1210	+0.1934	+0.1556	0.08713	0.01354	0.00000	0.04524	0.01809	0.0000000	0.04304
case_2026021522	train	288.7	1116	0.7656	0.9731	1.0536	0.9650	+0.0804	-0.0081	0.13707	0.01230	0.00000	0.03560	0.00706	0.0000000	0.00058
case_2026021622	train	267.5	1116	0.7734	0.9731	0.9667	0.9101	-0.0064	-0.0630	0.14397	0.00014	0.00687	0.05256	0.00792	0.0000000	0.00013
case_2026021719	train	120.4	1089	0.7321	0.9725	0.8060	0.7692	-0.1665	-0.2032	0.10097	0.01258	0.00000	0.04942	0.02169	0.0000000	0.00044
case_2026021921	train	135.2	760	0.6971	0.9605	0.9550	0.9803	-0.0055	+0.0198	0.11289	0.04381	0.00000	0.13105	0.07310	0.0000000	0.00223
case_2026022006	train	60.5	739	0.5642	0.9594	1.3895	1.3491	+0.4301	+0.3896	0.08211	0.01028	0.00000	0.05735	0.03180	0.0000000	0.00030
case_2026022109	train	292.8	868	0.7767	0.9654	0.9078	0.8456	-0.0576	-0.1198	0.12726	0.02408	0.00000	0.04120	0.01033	0.0000000	0.00059
case_2026022222	train	313.7	891	1.0443	0.9663	1.0402	0.9814	+0.0739	+0.0151	0.10961	0.04353	0.00000	0.05975	0.03350	0.0000000	0.01948
case_2026022320	train	332.5	914	1.1542	0.9672	1.3940	1.3397	+0.4268	+0.3726	0.08053	0.01259	0.00000	0.03034	0.00909	0.0000000	0.26129
case_2026022421	train	211.3	823	1.1177	0.9636	1.2401	1.1643	+0.2765	+0.2007	0.10512	0.01976	0.00000	0.03401	0.01111	0.0000000	0.00822
case_2026022516	train	280.1	914	1.1998	0.9672	0.9834	0.9241	+0.0162	-0.0431	0.13012	0.00329	0.00074	0.05307	0.01719	0.0000000	0.00268
case_2026022618	train	229.4	739	1.0083	0.9594	1.4031	1.3299	+0.4437	+0.3704	0.06555	0.01386	0.00000	0.02850	0.02176	0.0000000	0.05846
case_2026022718	train	226.5	781	0.9959	0.9616	1.0663	1.0350	+0.1047	+0.0734	0.08284	0.02570	0.00000	0.05511	0.02918	0.0000000	0.01972
case_2026022815	train	310.8	823	0.9360	0.9636	1.3737	1.3108	+0.4102	+0.3473	0.10921	0.04086	0.00000	0.08242	0.05268	0.0000000	0.04517
case_2026040112	train	8.9	700	0.5415	0.9571	1.0814	0.9252	+0.1243	-0.0320	0.18501	0.00131	0.00065	0.03100	0.00768	0.0000000	0.16729
case_2026040219	train	132.8	868	0.6522	0.9654	0.5917	0.5339	-0.3737	-0.4316	0.15765	0.04644	0.00000	0.06438	0.03340	0.0000000	0.00000
case_2026040308	train	237.3	643	0.5972	0.9534	0.9952	0.9199	+0.0418	-0.0335	0.12508	0.01757	0.00000	0.03246	0.00606	0.0000000	0.00156
case_2026040405	train	90.2	760	0.5532	0.9605	1.3155	1.1872	+0.3550	+0.2267	0.12996	0.00005	0.00299	0.03246	0.01504	0.0000000	-0.00012
case_2026040515	train	269.4	573	1.0112	0.9476	0.9557	0.8971	+0.0081	-0.0505	0.11176	0.00022	0.00351	0.04067	0.01456	0.0000000	0.00280
case_2026040614	train	274.1	760	0.8411	0.9605	0.8655	0.7725	-0.0951	-0.1880	0.18758	0.00073	0.00536	0.05095	0.00663	0.0000000	-0.00047
case_2026040707	train	332.5	643	0.7179	0.9534	1.0802	1.0048	+0.1269	+0.0514	0.12623	0.02330	0.00000	0.03663	0.00672	0.0000000	0.11837
case_2026040814	train	160.3	625	0.7962	0.9520	1.0704	0.9262	+0.1184	-0.0258	0.21439	0.02507	0.00000	0.06139	0.01690	0.0000000	0.00196
case_2026040916	train	235.9	1037	1.2178	0.9711	1.2081	1.1403	+0.2371	+0.1692	0.08564	0.02073	0.00000	0.02560	0.01030	0.0000000	0.00731
case_2026041008	train	137.0	700	0.4831	0.9571	0.9427	0.9727	-0.0144	+0.0156	0.07011	0.02675	0.00000	0.06900	0.02176	0.0000000	0.00078
case_2026041122	train	178.6	1144	1.2384	0.9738	1.0958	1.0189	+0.1220	+0.0452	0.16131	0.00015	0.00078	0.07479	0.02858	0.0000000	0.01162
case_2026041222	train	179.0	760	0.7147	0.9605	0.6975	0.6159	-0.2631	-0.3446	0.18005	0.00017	0.00713	0.04382	0.00872	0.0000000	0.00135
case_2026041320	train	184.5	1037	0.8894	0.9711	0.8120	0.7233	-0.1591	-0.2478	0.16085	0.00060	0.00307	0.03247	0.00370	0.0000000	0.00147
case_2026041419	train	189.4	1063	1.1010	0.9718	0.7972	0.7109	-0.1745	-0.2609	0.18175	0.00275	0.00288	0.05616	0.01634	0.0000000	0.00270
case_2026041516	train	213.1	845	0.7292	0.9645	1.4437	1.3679	+0.4792	+0.4034	0.11399	0.02095	0.00000	0.05780	0.02712	0.0000000	0.01512
case_2026041619	train	309.7	1229	1.0299	0.9756	1.2691	1.2095	+0.2935	+0.2339	0.09016	0.01978	0.00000	0.03141	0.00918	0.0000000	0.03475
case_2026041718	train	155.8	1063	1.2069	0.9718	0.7574	0.6815	-0.2144	-0.2903	0.24406	0.03719	0.00000	0.10277	0.02721	0.0000000	0.00137
case_2026041805	train	206.2	891	0.5643	0.9663	1.1142	1.0329	+0.1479	+0.0666	0.10605	0.01211	0.00000	0.01921	0.00144	0.0000000	0.00205
case_2026042021	train	224.5	1116	1.2339	0.9731	1.4845	1.4402	+0.5114	+0.4671	0.06805	0.02016	0.00000	0.03842	0.01950	0.0000000	0.00742
case_2026042119	train	251.7	1089	1.3659	0.9725	1.2323	1.1465	+0.2598	+0.1740	0.13891	0.01296	0.00055	0.05494	0.01914	0.0000000	0.01202
case_2026042222	train	156.8	914	0.8835	0.9672	0.9870	0.9449	+0.0198	-0.0222	0.17459	0.02314	0.00000	0.09023	0.02470	0.0000000	0.01104
case_2026042407	train	211.5	607	0.5472	0.9506	0.8607	0.8035	-0.0899	-0.1472	0.11309	0.01967	0.00000	0.02936	0.00464	0.0000000	0.00047
case_2026042518	train	9.2	1011	1.3297	0.9703	1.1258	1.0939	+0.1554	+0.1235	0.06565	0.00072	0.00124	0.02935	0.01056	0.0000000	0.47407
case_2026042616	train	117.0	823	0.9281	0.9636	0.7521	0.7560	-0.2114	-0.2076	0.08235	0.00660	0.00007	0.05993	0.01800	0.0000000	0.01031
case_2026042717	train	104.5	937	0.8047	0.9680	1.1729	1.0584	+0.2049	+0.0904	0.13965	0.00513	0.00005	0.04160	0.01920	0.0000000	0.00000
case_2026042812	train	260.9	662	0.7309	0.9547	0.7371	0.6644	-0.2176	-0.2903	0.16699	0.00321	0.00048	0.04919	0.01217	0.0000000	0.00000
case_2026042914	train	297.1	868	0.8979	0.9654	1.0717	1.0497	+0.1062	+0.0843	0.10812	0.02139	0.00000	0.06028	0.01708	0.0000000	0.00786
case_2026043018	train	253.0	1144	1.2820	0.9738	1.1427	1.0486	+0.1689	+0.0748	0.15456	0.01561	0.00010	0.05286	0.01467	0.0000000	0.00302
case_2026060100	train	164.3	1089	0.7459	0.9725	0.8057	0.7139	-0.1668	-0.2586	0.19723	0.01298	0.00011	0.05513	0.00896	0.0000000	0.00062
case_2026060519	train	203.7	845	0.9013	0.9645	0.6725	0.6231	-0.2920	-0.3414	0.14313	0.02304	0.00000	0.05784	0.02188	0.0000000	0.00219
case_2026060720	train	134.0	1063	0.9999	0.9718	0.7483	0.6934	-0.2234	-0.2783	0.11872	0.03404	0.00000	0.03496	0.01101	0.0000000	0.00104
case_2026060821	train	122.6	937	0.9532	0.9680	1.2731	1.1905	+0.3051	+0.2225	0.12123	0.01940	0.00000	0.06063	0.03245	0.0000000	0.00149
case_2026060915	train	332.4	643	0.8170	0.9534	1.2137	1.1602	+0.2604	+0.2068	0.06825	0.01189	0.00000	0.01879	0.00634	0.0000000	0.22184
case_2026061017	train	209.0	1063	1.0768	0.9718	0.9171	0.8426	-0.0547	-0.1292	0.11715	0.01690	0.00000	0.03375	0.01477	0.0000000	0.00467
case_2026061107	train	201.6	625	0.5744	0.9520	1.1604	1.1049	+0.2084	+0.1529	0.13502	0.00877	0.00000	0.06286	0.01879	0.0000000	0.00361
case_2026061415	train	286.9	1116	1.2951	0.9731	1.2505	1.1715	+0.2773	+0.1984	0.09888	0.00675	0.00004	0.02964	0.01099	0.0000000	0.00399
case_2026061623	train	273.0	1037	0.7358	0.9711	0.8293	0.7602	-0.1418	-0.2109	0.15343	0.00021	0.00527	0.04816	0.01076	0.0000000	-0.00075
case_2026061719	train	146.8	891	1.0073	0.9663	1.0089	0.8260	+0.0426	-0.1404	0.23403	0.07339	0.00000	0.05401	0.02333	0.0000000	0.00756
case_2026061817	train	320.7	1144	1.2518	0.9738	1.1056	1.0440	+0.1318	+0.0702	0.08876	0.01101	0.00000	0.02631	0.00911	0.0000000	0.05040
case_2026061917	train	289.8	1116	1.2112	0.9731	0.9366	0.8968	-0.0365	-0.0764	0.11815	0.01192	0.00000	0.05923	0.02145	0.0000000	0.00360
case_2026062123	train	49.3	1011	0.6513	0.9703	1.2252	1.1700	+0.2548	+0.1996	0.09150	0.01658	0.00000	0.06958	0.04756	0.0000000	0.00140
case_2026062213	train	19.8	781	0.5714	0.9616	1.1816	1.1405	+0.2200	+0.1789	0.11055	0.01202	0.00000	0.05913	0.02156	0.0000000	0.21811
case_2026062422	train	208.7	739	0.9110	0.9594	1.2218	1.1293	+0.2624	+0.1699	0.11053	0.01199	0.00000	0.02784	0.00935	0.0000000	0.05578
case_2026062623	train	92.8	1089	0.8632	0.9725	0.9544	0.8777	-0.0180	-0.0947	0.12940	0.00008	0.00359	0.05454	0.02945	0.0000000	0.00054
case_2026062719	train	93.1	1116	1.3049	0.9731	1.1247	1.0625	+0.1516	+0.0894	0.11136	0.00007	0.00253	0.04684	0.01825	0.0000000	0.00075
case_2026062817	train	171.1	1037	0.9208	0.9711	0.8061	0.7051	-0.1649	-0.2659	0.20538	0.00342	0.00066	0.06583	0.02207	0.0000000	0.00147
case_2026062919	train	174.6	1172	1.1872	0.9744	0.7120	0.6387	-0.2624	-0.3357	0.15021	0.00078	0.00244	0.04796	0.02284	0.0000000	0.00432
case_2026063022	train	199.3	1037	1.0566	0.9711	1.0163	0.9407	+0.0453	-0.0304	0.15458	0.01288	0.00000	0.06294	0.02152	0.0000000	0.00749
